id,plan_id,payer_id,drug_name,state_name,coverage_status,drug_tier,drug_requirements,is_prior_authorization_required,is_step_therapy_required,is_quantity_limit_applied,confidence_score,source_url,plan_name,payer_name,file_name,ndc_code,jcode,coverage_details,status
3a2b83f1-9c02-432b-a14c-55333757fddd,2daf1ac0-7229-41f6-94b8-cf49449dd810,93d585d6-a604-4766-b140-2aa31784d2d6,"allopurinol 100, 300mg",Ohio,Covered,PREFERRED AGENTS,,No,No,No,0.95,https://dam.assets.ohio.gov/image/upload/medicaid.ohio.gov/PHM/unified-pdl/20251001_UPDL_v1_approved.pdf,Ohio Medicaid Preferred Drug List,Molina,Ohio_Molina_Ohio Medicaid Preferred Drug List.pdf,,,,completed
bf0405ea-a9ed-4c5d-ae83-4afe53b99add,2daf1ac0-7229-41f6-94b8-cf49449dd810,93d585d6-a604-4766-b140-2aa31784d2d6,colchicine,Ohio,Covered,PREFERRED AGENTS,,No,No,No,0.95,https://dam.assets.ohio.gov/image/upload/medicaid.ohio.gov/PHM/unified-pdl/20251001_UPDL_v1_approved.pdf,Ohio Medicaid Preferred Drug List,Molina,Ohio_Molina_Ohio Medicaid Preferred Drug List.pdf,,,,completed
a84921c5-c808-4553-a394-2c7eb9a31cf0,2daf1ac0-7229-41f6-94b8-cf49449dd810,93d585d6-a604-4766-b140-2aa31784d2d6,probenecid,Ohio,Covered,PREFERRED AGENTS,,No,No,No,0.95,https://dam.assets.ohio.gov/image/upload/medicaid.ohio.gov/PHM/unified-pdl/20251001_UPDL_v1_approved.pdf,Ohio Medicaid Preferred Drug List,Molina,Ohio_Molina_Ohio Medicaid Preferred Drug List.pdf,,,,completed
41842065-00c2-4124-8a16-4f45de067a00,2daf1ac0-7229-41f6-94b8-cf49449dd810,93d585d6-a604-4766-b140-2aa31784d2d6,probenecid/colchicine,Ohio,Covered,PREFERRED AGENTS,,No,No,No,0.95,https://dam.assets.ohio.gov/image/upload/medicaid.ohio.gov/PHM/unified-pdl/20251001_UPDL_v1_approved.pdf,Ohio Medicaid Preferred Drug List,Molina,Ohio_Molina_Ohio Medicaid Preferred Drug List.pdf,,,,completed
61133868-a8ea-4608-8520-131a3a5edbee,2daf1ac0-7229-41f6-94b8-cf49449dd810,93d585d6-a604-4766-b140-2aa31784d2d6,allopurinol 200mg,Ohio,Covered,NON-PREFERRED AGENTS,['PA'],Yes,No,No,0.95,https://dam.assets.ohio.gov/image/upload/medicaid.ohio.gov/PHM/unified-pdl/20251001_UPDL_v1_approved.pdf,Ohio Medicaid Preferred Drug List,Molina,Ohio_Molina_Ohio Medicaid Preferred Drug List.pdf,,,,completed
c298a667-75d4-4793-b561-ad8c5da3f892,2daf1ac0-7229-41f6-94b8-cf49449dd810,93d585d6-a604-4766-b140-2aa31784d2d6,febuxostat,Ohio,Covered,NON-PREFERRED AGENTS,['PA'],Yes,No,No,0.95,https://dam.assets.ohio.gov/image/upload/medicaid.ohio.gov/PHM/unified-pdl/20251001_UPDL_v1_approved.pdf,Ohio Medicaid Preferred Drug List,Molina,Ohio_Molina_Ohio Medicaid Preferred Drug List.pdf,,,,completed
ce886c1c-54db-4b02-ad58-47d013975c84,2daf1ac0-7229-41f6-94b8-cf49449dd810,93d585d6-a604-4766-b140-2aa31784d2d6,MITIGARE,Ohio,Covered,NON-PREFERRED AGENTS,['PA'],Yes,No,No,0.95,https://dam.assets.ohio.gov/image/upload/medicaid.ohio.gov/PHM/unified-pdl/20251001_UPDL_v1_approved.pdf,Ohio Medicaid Preferred Drug List,Molina,Ohio_Molina_Ohio Medicaid Preferred Drug List.pdf,,,,completed
49b5f233-abec-4590-b838-684b1062863d,2daf1ac0-7229-41f6-94b8-cf49449dd810,93d585d6-a604-4766-b140-2aa31784d2d6,Transmucosal fentanyl,Ohio,Covered,Specialty,"['PA', 'ST']",Yes,Yes,No,0.95,https://dam.assets.ohio.gov/image/upload/medicaid.ohio.gov/PHM/unified-pdl/20251001_UPDL_v1_approved.pdf,Ohio Medicaid Preferred Drug List,Molina,Ohio_Molina_Ohio Medicaid Preferred Drug List.pdf,,,,completed
da5a8472-dd2c-4dd6-916a-d30c67b78df5,2daf1ac0-7229-41f6-94b8-cf49449dd810,93d585d6-a604-4766-b140-2aa31784d2d6,Buprenorphine buccal film (Belbuca),Ohio,Covered,Specialty,"['PA', 'ST']",Yes,Yes,No,0.95,https://dam.assets.ohio.gov/image/upload/medicaid.ohio.gov/PHM/unified-pdl/20251001_UPDL_v1_approved.pdf,Ohio Medicaid Preferred Drug List,Molina,Ohio_Molina_Ohio Medicaid Preferred Drug List.pdf,,,,completed
21b7310b-f8f8-4699-9eef-620661727465,2daf1ac0-7229-41f6-94b8-cf49449dd810,93d585d6-a604-4766-b140-2aa31784d2d6,Codeine and tramadol containing products,Ohio,Covered,,['PA'],Yes,No,No,0.95,https://dam.assets.ohio.gov/image/upload/medicaid.ohio.gov/PHM/unified-pdl/20251001_UPDL_v1_approved.pdf,Ohio Medicaid Preferred Drug List,Molina,Ohio_Molina_Ohio Medicaid Preferred Drug List.pdf,,,,completed
28a6fb08-cf32-479c-81f8-1f3c81fd8669,2daf1ac0-7229-41f6-94b8-cf49449dd810,93d585d6-a604-4766-b140-2aa31784d2d6,EPOGEN,Ohio,Covered,PA,['PA'],Yes,No,No,0.95,https://dam.assets.ohio.gov/image/upload/medicaid.ohio.gov/PHM/unified-pdl/20251001_UPDL_v1_approved.pdf,Ohio Medicaid Preferred Drug List,Molina,Ohio_Molina_Ohio Medicaid Preferred Drug List.pdf,,,,completed
77baa3dd-429a-4d45-98f9-21aa2ee136a9,2daf1ac0-7229-41f6-94b8-cf49449dd810,93d585d6-a604-4766-b140-2aa31784d2d6,RETACRIT,Ohio,Covered,PA,['PA'],Yes,No,No,0.95,https://dam.assets.ohio.gov/image/upload/medicaid.ohio.gov/PHM/unified-pdl/20251001_UPDL_v1_approved.pdf,Ohio Medicaid Preferred Drug List,Molina,Ohio_Molina_Ohio Medicaid Preferred Drug List.pdf,,,,completed
1b4df27c-4794-46a8-adc6-155f40f118f4,2daf1ac0-7229-41f6-94b8-cf49449dd810,93d585d6-a604-4766-b140-2aa31784d2d6,ARANESP,Ohio,Covered,Non-Preferred,,No,No,No,0.95,https://dam.assets.ohio.gov/image/upload/medicaid.ohio.gov/PHM/unified-pdl/20251001_UPDL_v1_approved.pdf,Ohio Medicaid Preferred Drug List,Molina,Ohio_Molina_Ohio Medicaid Preferred Drug List.pdf,,,,completed
722b4d6c-e3d8-4dcf-9cd0-e565b8fd7b91,2daf1ac0-7229-41f6-94b8-cf49449dd810,93d585d6-a604-4766-b140-2aa31784d2d6,MIRCERA,Ohio,Covered,Non-Preferred,,No,No,No,0.95,https://dam.assets.ohio.gov/image/upload/medicaid.ohio.gov/PHM/unified-pdl/20251001_UPDL_v1_approved.pdf,Ohio Medicaid Preferred Drug List,Molina,Ohio_Molina_Ohio Medicaid Preferred Drug List.pdf,,,,completed
8e0b1014-13ab-4675-891e-9359f1141676,2daf1ac0-7229-41f6-94b8-cf49449dd810,93d585d6-a604-4766-b140-2aa31784d2d6,PROCRIT,Ohio,Covered,Non-Preferred,,No,No,No,0.95,https://dam.assets.ohio.gov/image/upload/medicaid.ohio.gov/PHM/unified-pdl/20251001_UPDL_v1_approved.pdf,Ohio Medicaid Preferred Drug List,Molina,Ohio_Molina_Ohio Medicaid Preferred Drug List.pdf,,,,completed
be31c906-5b79-4756-8961-5614684a6068,2daf1ac0-7229-41f6-94b8-cf49449dd810,93d585d6-a604-4766-b140-2aa31784d2d6,enoxaparin,Ohio,Covered,,,No,No,No,0.95,https://dam.assets.ohio.gov/image/upload/medicaid.ohio.gov/PHM/unified-pdl/20251001_UPDL_v1_approved.pdf,Ohio Medicaid Preferred Drug List,Molina,Ohio_Molina_Ohio Medicaid Preferred Drug List.pdf,,,,completed
42249dbf-20c2-479d-becd-3b231b7d2eae,2daf1ac0-7229-41f6-94b8-cf49449dd810,93d585d6-a604-4766-b140-2aa31784d2d6,fondaparinux,Ohio,Covered,,['PA'],Yes,No,No,0.95,https://dam.assets.ohio.gov/image/upload/medicaid.ohio.gov/PHM/unified-pdl/20251001_UPDL_v1_approved.pdf,Ohio Medicaid Preferred Drug List,Molina,Ohio_Molina_Ohio Medicaid Preferred Drug List.pdf,,,,completed
89638e2d-5b06-4bf1-96b7-86d0f398b0c1,2daf1ac0-7229-41f6-94b8-cf49449dd810,93d585d6-a604-4766-b140-2aa31784d2d6,FRAGMIN,Ohio,Covered,,['PA'],Yes,No,No,0.95,https://dam.assets.ohio.gov/image/upload/medicaid.ohio.gov/PHM/unified-pdl/20251001_UPDL_v1_approved.pdf,Ohio Medicaid Preferred Drug List,Molina,Ohio_Molina_Ohio Medicaid Preferred Drug List.pdf,,,,completed
c1f9d039-619c-44cc-97b4-3f5ba6a35ecb,2daf1ac0-7229-41f6-94b8-cf49449dd810,93d585d6-a604-4766-b140-2aa31784d2d6,FULPHILA,Ohio,Covered,PA,['PA'],Yes,No,No,0.95,https://dam.assets.ohio.gov/image/upload/medicaid.ohio.gov/PHM/unified-pdl/20251001_UPDL_v1_approved.pdf,Ohio Medicaid Preferred Drug List,Molina,Ohio_Molina_Ohio Medicaid Preferred Drug List.pdf,,,,completed
f764e5d2-68ff-4ecb-947d-02869a8a04c2,2daf1ac0-7229-41f6-94b8-cf49449dd810,93d585d6-a604-4766-b140-2aa31784d2d6,NEUPOGEN,Ohio,Covered,PA,['PA'],Yes,No,No,0.95,https://dam.assets.ohio.gov/image/upload/medicaid.ohio.gov/PHM/unified-pdl/20251001_UPDL_v1_approved.pdf,Ohio Medicaid Preferred Drug List,Molina,Ohio_Molina_Ohio Medicaid Preferred Drug List.pdf,,,,completed
2a2bdd0a-db14-4170-9a68-98a6399aacba,2daf1ac0-7229-41f6-94b8-cf49449dd810,93d585d6-a604-4766-b140-2aa31784d2d6,NIVESTYM,Ohio,Covered,PA,['PA'],Yes,No,No,0.95,https://dam.assets.ohio.gov/image/upload/medicaid.ohio.gov/PHM/unified-pdl/20251001_UPDL_v1_approved.pdf,Ohio Medicaid Preferred Drug List,Molina,Ohio_Molina_Ohio Medicaid Preferred Drug List.pdf,,,,completed
70f2a06c-f277-4309-b571-eef4e82253b9,2daf1ac0-7229-41f6-94b8-cf49449dd810,93d585d6-a604-4766-b140-2aa31784d2d6,NYVEPRIA,Ohio,Covered,PA,['PA'],Yes,No,No,0.95,https://dam.assets.ohio.gov/image/upload/medicaid.ohio.gov/PHM/unified-pdl/20251001_UPDL_v1_approved.pdf,Ohio Medicaid Preferred Drug List,Molina,Ohio_Molina_Ohio Medicaid Preferred Drug List.pdf,,,,completed
bcde68ad-ca9c-45b4-8767-7e350af4acda,2daf1ac0-7229-41f6-94b8-cf49449dd810,93d585d6-a604-4766-b140-2aa31784d2d6,FYLNETRA,Ohio,Covered,Non-Preferred,,No,No,No,0.95,https://dam.assets.ohio.gov/image/upload/medicaid.ohio.gov/PHM/unified-pdl/20251001_UPDL_v1_approved.pdf,Ohio Medicaid Preferred Drug List,Molina,Ohio_Molina_Ohio Medicaid Preferred Drug List.pdf,,,,completed
e16b102b-b673-4442-854f-f69527781169,2daf1ac0-7229-41f6-94b8-cf49449dd810,93d585d6-a604-4766-b140-2aa31784d2d6,GRANIX,Ohio,Covered,Non-Preferred,,No,No,No,0.95,https://dam.assets.ohio.gov/image/upload/medicaid.ohio.gov/PHM/unified-pdl/20251001_UPDL_v1_approved.pdf,Ohio Medicaid Preferred Drug List,Molina,Ohio_Molina_Ohio Medicaid Preferred Drug List.pdf,,,,completed
5ec4d197-0ed0-4542-81c5-f76691f902b3,2daf1ac0-7229-41f6-94b8-cf49449dd810,93d585d6-a604-4766-b140-2aa31784d2d6,LEUKINE,Ohio,Covered,Non-Preferred,,No,No,No,0.95,https://dam.assets.ohio.gov/image/upload/medicaid.ohio.gov/PHM/unified-pdl/20251001_UPDL_v1_approved.pdf,Ohio Medicaid Preferred Drug List,Molina,Ohio_Molina_Ohio Medicaid Preferred Drug List.pdf,,,,completed
57dd2aa4-f4dd-4bd9-835c-a549c36e18d9,2daf1ac0-7229-41f6-94b8-cf49449dd810,93d585d6-a604-4766-b140-2aa31784d2d6,NEULASTA,Ohio,Covered,Non-Preferred,,No,No,No,0.95,https://dam.assets.ohio.gov/image/upload/medicaid.ohio.gov/PHM/unified-pdl/20251001_UPDL_v1_approved.pdf,Ohio Medicaid Preferred Drug List,Molina,Ohio_Molina_Ohio Medicaid Preferred Drug List.pdf,,,,completed
1cc5a461-5d15-4ae8-9d7f-2da2845f6b90,2daf1ac0-7229-41f6-94b8-cf49449dd810,93d585d6-a604-4766-b140-2aa31784d2d6,RELEUKO,Ohio,Covered,Non-Preferred,,No,No,No,0.95,https://dam.assets.ohio.gov/image/upload/medicaid.ohio.gov/PHM/unified-pdl/20251001_UPDL_v1_approved.pdf,Ohio Medicaid Preferred Drug List,Molina,Ohio_Molina_Ohio Medicaid Preferred Drug List.pdf,,,,completed
11312822-f388-49c3-9eff-38f80ad57ef1,2daf1ac0-7229-41f6-94b8-cf49449dd810,93d585d6-a604-4766-b140-2aa31784d2d6,ROLVEDON,Ohio,Covered,Non-Preferred,,No,No,No,0.95,https://dam.assets.ohio.gov/image/upload/medicaid.ohio.gov/PHM/unified-pdl/20251001_UPDL_v1_approved.pdf,Ohio Medicaid Preferred Drug List,Molina,Ohio_Molina_Ohio Medicaid Preferred Drug List.pdf,,,,completed
4ab6dd21-cbad-4d52-9770-6e3972553018,2daf1ac0-7229-41f6-94b8-cf49449dd810,93d585d6-a604-4766-b140-2aa31784d2d6,STIMUFEND,Ohio,Covered,Non-Preferred,,No,No,No,0.95,https://dam.assets.ohio.gov/image/upload/medicaid.ohio.gov/PHM/unified-pdl/20251001_UPDL_v1_approved.pdf,Ohio Medicaid Preferred Drug List,Molina,Ohio_Molina_Ohio Medicaid Preferred Drug List.pdf,,,,completed
52f2bfc9-1231-4046-88dd-8eaf6fcd0ec6,2daf1ac0-7229-41f6-94b8-cf49449dd810,93d585d6-a604-4766-b140-2aa31784d2d6,UDENYCA,Ohio,Covered,Non-Preferred,,No,No,No,0.95,https://dam.assets.ohio.gov/image/upload/medicaid.ohio.gov/PHM/unified-pdl/20251001_UPDL_v1_approved.pdf,Ohio Medicaid Preferred Drug List,Molina,Ohio_Molina_Ohio Medicaid Preferred Drug List.pdf,,,,completed
9ab8deb3-462a-478d-aa74-6f0e64418af4,2daf1ac0-7229-41f6-94b8-cf49449dd810,93d585d6-a604-4766-b140-2aa31784d2d6,ZARXIO,Ohio,Covered,Non-Preferred,,No,No,No,0.95,https://dam.assets.ohio.gov/image/upload/medicaid.ohio.gov/PHM/unified-pdl/20251001_UPDL_v1_approved.pdf,Ohio Medicaid Preferred Drug List,Molina,Ohio_Molina_Ohio Medicaid Preferred Drug List.pdf,,,,completed
6a98c448-8a71-434d-8eee-1b3f62dfa69d,2daf1ac0-7229-41f6-94b8-cf49449dd810,93d585d6-a604-4766-b140-2aa31784d2d6,ZIEXTENZO,Ohio,Covered,Non-Preferred,,No,No,No,0.95,https://dam.assets.ohio.gov/image/upload/medicaid.ohio.gov/PHM/unified-pdl/20251001_UPDL_v1_approved.pdf,Ohio Medicaid Preferred Drug List,Molina,Ohio_Molina_Ohio Medicaid Preferred Drug List.pdf,,,,completed
542c669d-fd6e-40f5-9277-14b2267e4de6,2daf1ac0-7229-41f6-94b8-cf49449dd810,93d585d6-a604-4766-b140-2aa31784d2d6,aspirin,Ohio,Covered,PREFERRED AGENTS,,No,No,No,0.95,https://dam.assets.ohio.gov/image/upload/medicaid.ohio.gov/PHM/unified-pdl/20251001_UPDL_v1_approved.pdf,Ohio Medicaid Preferred Drug List,Molina,Ohio_Molina_Ohio Medicaid Preferred Drug List.pdf,,,,completed
577d709e-7f50-49b3-9c32-796a762c467e,2daf1ac0-7229-41f6-94b8-cf49449dd810,93d585d6-a604-4766-b140-2aa31784d2d6,aspirin/dipyridamole,Ohio,Covered,PREFERRED AGENTS,,No,No,No,0.95,https://dam.assets.ohio.gov/image/upload/medicaid.ohio.gov/PHM/unified-pdl/20251001_UPDL_v1_approved.pdf,Ohio Medicaid Preferred Drug List,Molina,Ohio_Molina_Ohio Medicaid Preferred Drug List.pdf,,,,completed
e94778e3-d8bf-4196-820c-0c90ac8a9968,2daf1ac0-7229-41f6-94b8-cf49449dd810,93d585d6-a604-4766-b140-2aa31784d2d6,BRILINTA,Ohio,Covered,PREFERRED AGENTS,,No,No,No,0.95,https://dam.assets.ohio.gov/image/upload/medicaid.ohio.gov/PHM/unified-pdl/20251001_UPDL_v1_approved.pdf,Ohio Medicaid Preferred Drug List,Molina,Ohio_Molina_Ohio Medicaid Preferred Drug List.pdf,,,,completed
073f4ad5-7c71-479a-8ac7-56706e255c7f,2daf1ac0-7229-41f6-94b8-cf49449dd810,93d585d6-a604-4766-b140-2aa31784d2d6,clopidogrel,Ohio,Covered,PREFERRED AGENTS,,No,No,No,0.95,https://dam.assets.ohio.gov/image/upload/medicaid.ohio.gov/PHM/unified-pdl/20251001_UPDL_v1_approved.pdf,Ohio Medicaid Preferred Drug List,Molina,Ohio_Molina_Ohio Medicaid Preferred Drug List.pdf,,,,completed
20cd6ad8-33c9-426f-9d26-e78bf629feaa,2daf1ac0-7229-41f6-94b8-cf49449dd810,93d585d6-a604-4766-b140-2aa31784d2d6,prasugrel,Ohio,Covered,PREFERRED AGENTS,,No,No,No,0.95,https://dam.assets.ohio.gov/image/upload/medicaid.ohio.gov/PHM/unified-pdl/20251001_UPDL_v1_approved.pdf,Ohio Medicaid Preferred Drug List,Molina,Ohio_Molina_Ohio Medicaid Preferred Drug List.pdf,,,,completed
eda55af6-4566-4817-b232-a1d95b230ab4,2daf1ac0-7229-41f6-94b8-cf49449dd810,93d585d6-a604-4766-b140-2aa31784d2d6,ticagrelor,Ohio,Covered,NON-PREFERRED AGENTS,['PA'],Yes,No,No,0.95,https://dam.assets.ohio.gov/image/upload/medicaid.ohio.gov/PHM/unified-pdl/20251001_UPDL_v1_approved.pdf,Ohio Medicaid Preferred Drug List,Molina,Ohio_Molina_Ohio Medicaid Preferred Drug List.pdf,,,,completed
23306503-1fe2-416b-b39a-ea0cce93bccf,2daf1ac0-7229-41f6-94b8-cf49449dd810,93d585d6-a604-4766-b140-2aa31784d2d6,ELIQUIS,Ohio,Covered,Preferred,,No,No,No,0.95,https://dam.assets.ohio.gov/image/upload/medicaid.ohio.gov/PHM/unified-pdl/20251001_UPDL_v1_approved.pdf,Ohio Medicaid Preferred Drug List,Molina,Ohio_Molina_Ohio Medicaid Preferred Drug List.pdf,,,,completed
809ca20f-16fa-4253-b2a7-debd068d6b0d,2daf1ac0-7229-41f6-94b8-cf49449dd810,93d585d6-a604-4766-b140-2aa31784d2d6,PRADAXA,Ohio,Covered,Preferred,['BvG'],No,No,No,0.95,https://dam.assets.ohio.gov/image/upload/medicaid.ohio.gov/PHM/unified-pdl/20251001_UPDL_v1_approved.pdf,Ohio Medicaid Preferred Drug List,Molina,Ohio_Molina_Ohio Medicaid Preferred Drug List.pdf,,,,completed
67098356-a4b7-464f-abee-6e7045837e0c,2daf1ac0-7229-41f6-94b8-cf49449dd810,93d585d6-a604-4766-b140-2aa31784d2d6,PRADAXA PELLET,Ohio,Covered,Preferred,['AR'],No,No,No,0.95,https://dam.assets.ohio.gov/image/upload/medicaid.ohio.gov/PHM/unified-pdl/20251001_UPDL_v1_approved.pdf,Ohio Medicaid Preferred Drug List,Molina,Ohio_Molina_Ohio Medicaid Preferred Drug List.pdf,,,,completed
f3252f12-2295-441f-8220-104199105baf,2daf1ac0-7229-41f6-94b8-cf49449dd810,93d585d6-a604-4766-b140-2aa31784d2d6,warfarin,Ohio,Covered,Preferred,,No,No,No,0.95,https://dam.assets.ohio.gov/image/upload/medicaid.ohio.gov/PHM/unified-pdl/20251001_UPDL_v1_approved.pdf,Ohio Medicaid Preferred Drug List,Molina,Ohio_Molina_Ohio Medicaid Preferred Drug List.pdf,,,,completed
c445fbdf-72c6-4e99-8db7-862cdb5523a9,2daf1ac0-7229-41f6-94b8-cf49449dd810,93d585d6-a604-4766-b140-2aa31784d2d6,XARELTO,Ohio,Covered,Preferred,['BvG'],No,No,No,0.95,https://dam.assets.ohio.gov/image/upload/medicaid.ohio.gov/PHM/unified-pdl/20251001_UPDL_v1_approved.pdf,Ohio Medicaid Preferred Drug List,Molina,Ohio_Molina_Ohio Medicaid Preferred Drug List.pdf,,,,completed
2008dac2-5769-4cef-a252-8064cc7a3ae4,2daf1ac0-7229-41f6-94b8-cf49449dd810,93d585d6-a604-4766-b140-2aa31784d2d6,XARELTO SUSP,Ohio,Covered,Preferred,['AR'],No,No,No,0.95,https://dam.assets.ohio.gov/image/upload/medicaid.ohio.gov/PHM/unified-pdl/20251001_UPDL_v1_approved.pdf,Ohio Medicaid Preferred Drug List,Molina,Ohio_Molina_Ohio Medicaid Preferred Drug List.pdf,,,,completed
4413e826-a58a-4bee-817e-05c0d3bc87c9,2daf1ac0-7229-41f6-94b8-cf49449dd810,93d585d6-a604-4766-b140-2aa31784d2d6,dabigatran,Ohio,Covered,Non-Preferred,,No,No,No,0.95,https://dam.assets.ohio.gov/image/upload/medicaid.ohio.gov/PHM/unified-pdl/20251001_UPDL_v1_approved.pdf,Ohio Medicaid Preferred Drug List,Molina,Ohio_Molina_Ohio Medicaid Preferred Drug List.pdf,,,,completed
a8c79bc1-cf45-42f0-8335-82ad82ef9a9a,2daf1ac0-7229-41f6-94b8-cf49449dd810,93d585d6-a604-4766-b140-2aa31784d2d6,rivaroxaban,Ohio,Covered,Non-Preferred,,No,No,No,0.95,https://dam.assets.ohio.gov/image/upload/medicaid.ohio.gov/PHM/unified-pdl/20251001_UPDL_v1_approved.pdf,Ohio Medicaid Preferred Drug List,Molina,Ohio_Molina_Ohio Medicaid Preferred Drug List.pdf,,,,completed
185b560f-b05f-4a7b-8f55-af0f82037fdd,2daf1ac0-7229-41f6-94b8-cf49449dd810,93d585d6-a604-4766-b140-2aa31784d2d6,SAVAYSA,Ohio,Covered,Non-Preferred,,No,No,No,0.95,https://dam.assets.ohio.gov/image/upload/medicaid.ohio.gov/PHM/unified-pdl/20251001_UPDL_v1_approved.pdf,Ohio Medicaid Preferred Drug List,Molina,Ohio_Molina_Ohio Medicaid Preferred Drug List.pdf,,,,completed
e2a94d57-f81a-4280-9f17-372a41b4c5a5,2daf1ac0-7229-41f6-94b8-cf49449dd810,93d585d6-a604-4766-b140-2aa31784d2d6,ALPHANINE,Ohio,Covered,Specialty,['PA'],Yes,No,No,0.95,https://dam.assets.ohio.gov/image/upload/medicaid.ohio.gov/PHM/unified-pdl/20251001_UPDL_v1_approved.pdf,Ohio Medicaid Preferred Drug List,Molina,Ohio_Molina_Ohio Medicaid Preferred Drug List.pdf,,,,completed
372b55c1-1d6c-4ffd-9b03-126d27e8d458,2daf1ac0-7229-41f6-94b8-cf49449dd810,93d585d6-a604-4766-b140-2aa31784d2d6,ALPROLIX,Ohio,Covered,Specialty,['PA'],Yes,No,No,0.95,https://dam.assets.ohio.gov/image/upload/medicaid.ohio.gov/PHM/unified-pdl/20251001_UPDL_v1_approved.pdf,Ohio Medicaid Preferred Drug List,Molina,Ohio_Molina_Ohio Medicaid Preferred Drug List.pdf,,,,completed
deee21e8-35a9-4901-8ca0-907b20a8ad20,2daf1ac0-7229-41f6-94b8-cf49449dd810,93d585d6-a604-4766-b140-2aa31784d2d6,BENEFIX,Ohio,Covered,Specialty,['PA'],Yes,No,No,0.95,https://dam.assets.ohio.gov/image/upload/medicaid.ohio.gov/PHM/unified-pdl/20251001_UPDL_v1_approved.pdf,Ohio Medicaid Preferred Drug List,Molina,Ohio_Molina_Ohio Medicaid Preferred Drug List.pdf,,,,completed
6bcbd580-6fa6-4306-a059-6dc84aa6f787,2daf1ac0-7229-41f6-94b8-cf49449dd810,93d585d6-a604-4766-b140-2aa31784d2d6,FEIBA,Ohio,Covered,Specialty,['PA'],Yes,No,No,0.95,https://dam.assets.ohio.gov/image/upload/medicaid.ohio.gov/PHM/unified-pdl/20251001_UPDL_v1_approved.pdf,Ohio Medicaid Preferred Drug List,Molina,Ohio_Molina_Ohio Medicaid Preferred Drug List.pdf,,,,completed
fb4bfc2d-c71d-4853-ae8e-d17517dcd907,2daf1ac0-7229-41f6-94b8-cf49449dd810,93d585d6-a604-4766-b140-2aa31784d2d6,IDELVION,Ohio,Covered,Specialty,['PA'],Yes,No,No,0.95,https://dam.assets.ohio.gov/image/upload/medicaid.ohio.gov/PHM/unified-pdl/20251001_UPDL_v1_approved.pdf,Ohio Medicaid Preferred Drug List,Molina,Ohio_Molina_Ohio Medicaid Preferred Drug List.pdf,,,,completed
a4a6408b-dc40-4d80-aa1b-46292d72b691,2daf1ac0-7229-41f6-94b8-cf49449dd810,93d585d6-a604-4766-b140-2aa31784d2d6,IXINITY,Ohio,Covered,Specialty,['PA'],Yes,No,No,0.95,https://dam.assets.ohio.gov/image/upload/medicaid.ohio.gov/PHM/unified-pdl/20251001_UPDL_v1_approved.pdf,Ohio Medicaid Preferred Drug List,Molina,Ohio_Molina_Ohio Medicaid Preferred Drug List.pdf,,,,completed
313c203c-60d5-42a7-9295-8d9ba3ca0c4e,2daf1ac0-7229-41f6-94b8-cf49449dd810,93d585d6-a604-4766-b140-2aa31784d2d6,NOVOSEVEN,Ohio,Covered,Specialty,['PA'],Yes,No,No,0.95,https://dam.assets.ohio.gov/image/upload/medicaid.ohio.gov/PHM/unified-pdl/20251001_UPDL_v1_approved.pdf,Ohio Medicaid Preferred Drug List,Molina,Ohio_Molina_Ohio Medicaid Preferred Drug List.pdf,,,,completed
0eb78b15-48b8-4038-847b-55f7d1801cc5,2daf1ac0-7229-41f6-94b8-cf49449dd810,93d585d6-a604-4766-b140-2aa31784d2d6,PROFILNINE,Ohio,Covered,Specialty,['PA'],Yes,No,No,0.95,https://dam.assets.ohio.gov/image/upload/medicaid.ohio.gov/PHM/unified-pdl/20251001_UPDL_v1_approved.pdf,Ohio Medicaid Preferred Drug List,Molina,Ohio_Molina_Ohio Medicaid Preferred Drug List.pdf,,,,completed
51d27ea9-022d-4f71-ac32-a2073fa0b843,2daf1ac0-7229-41f6-94b8-cf49449dd810,93d585d6-a604-4766-b140-2aa31784d2d6,REBINYN,Ohio,Covered,Specialty,['PA'],Yes,No,No,0.95,https://dam.assets.ohio.gov/image/upload/medicaid.ohio.gov/PHM/unified-pdl/20251001_UPDL_v1_approved.pdf,Ohio Medicaid Preferred Drug List,Molina,Ohio_Molina_Ohio Medicaid Preferred Drug List.pdf,,,,completed
4516c555-66c1-4fe8-af4d-26c1a9022a5e,2daf1ac0-7229-41f6-94b8-cf49449dd810,93d585d6-a604-4766-b140-2aa31784d2d6,RIXUBIS,Ohio,Covered,Specialty,['PA'],Yes,No,No,0.95,https://dam.assets.ohio.gov/image/upload/medicaid.ohio.gov/PHM/unified-pdl/20251001_UPDL_v1_approved.pdf,Ohio Medicaid Preferred Drug List,Molina,Ohio_Molina_Ohio Medicaid Preferred Drug List.pdf,,,,completed
436688ca-136b-4111-b2b0-6a79ad1326ec,2daf1ac0-7229-41f6-94b8-cf49449dd810,93d585d6-a604-4766-b140-2aa31784d2d6,ALHEMO,Ohio,Covered,Non-Preferred,,No,No,No,0.95,https://dam.assets.ohio.gov/image/upload/medicaid.ohio.gov/PHM/unified-pdl/20251001_UPDL_v1_approved.pdf,Ohio Medicaid Preferred Drug List,Molina,Ohio_Molina_Ohio Medicaid Preferred Drug List.pdf,,,,completed
dc62ecb8-aa7a-4655-b528-a66aa38deac7,2daf1ac0-7229-41f6-94b8-cf49449dd810,93d585d6-a604-4766-b140-2aa31784d2d6,HYMPAVZI,Ohio,Covered,Non-Preferred,,No,No,No,0.95,https://dam.assets.ohio.gov/image/upload/medicaid.ohio.gov/PHM/unified-pdl/20251001_UPDL_v1_approved.pdf,Ohio Medicaid Preferred Drug List,Molina,Ohio_Molina_Ohio Medicaid Preferred Drug List.pdf,,,,completed
dca0aa9a-9f4c-4f01-a850-2be2cbbd9c84,2daf1ac0-7229-41f6-94b8-cf49449dd810,93d585d6-a604-4766-b140-2aa31784d2d6,QFITLIA,Ohio,Covered,Non-Preferred,,No,No,No,0.95,https://dam.assets.ohio.gov/image/upload/medicaid.ohio.gov/PHM/unified-pdl/20251001_UPDL_v1_approved.pdf,Ohio Medicaid Preferred Drug List,Molina,Ohio_Molina_Ohio Medicaid Preferred Drug List.pdf,,,,completed
ad7b3eed-c19b-4b1e-8c44-23544b060785,2daf1ac0-7229-41f6-94b8-cf49449dd810,93d585d6-a604-4766-b140-2aa31784d2d6,SEVENFACT,Ohio,Covered,Non-Preferred,,No,No,No,0.95,https://dam.assets.ohio.gov/image/upload/medicaid.ohio.gov/PHM/unified-pdl/20251001_UPDL_v1_approved.pdf,Ohio Medicaid Preferred Drug List,Molina,Ohio_Molina_Ohio Medicaid Preferred Drug List.pdf,,,,completed
9b7e4828-9ddf-427f-8865-7b56d25f4a3b,2daf1ac0-7229-41f6-94b8-cf49449dd810,93d585d6-a604-4766-b140-2aa31784d2d6,ADVATE,Ohio,Covered,PA,['PA'],Yes,No,No,0.95,https://dam.assets.ohio.gov/image/upload/medicaid.ohio.gov/PHM/unified-pdl/20251001_UPDL_v1_approved.pdf,Ohio Medicaid Preferred Drug List,Molina,Ohio_Molina_Ohio Medicaid Preferred Drug List.pdf,,,,completed
6964b288-cc3c-440a-8ac7-6368eaba1060,2daf1ac0-7229-41f6-94b8-cf49449dd810,93d585d6-a604-4766-b140-2aa31784d2d6,ADYNOVATE,Ohio,Covered,PA,['PA'],Yes,No,No,0.95,https://dam.assets.ohio.gov/image/upload/medicaid.ohio.gov/PHM/unified-pdl/20251001_UPDL_v1_approved.pdf,Ohio Medicaid Preferred Drug List,Molina,Ohio_Molina_Ohio Medicaid Preferred Drug List.pdf,,,,completed
6f09c754-eb10-40c3-a3ae-2c0e76862c4a,2daf1ac0-7229-41f6-94b8-cf49449dd810,93d585d6-a604-4766-b140-2aa31784d2d6,AFSTYLA,Ohio,Covered,PA,['PA'],Yes,No,No,0.95,https://dam.assets.ohio.gov/image/upload/medicaid.ohio.gov/PHM/unified-pdl/20251001_UPDL_v1_approved.pdf,Ohio Medicaid Preferred Drug List,Molina,Ohio_Molina_Ohio Medicaid Preferred Drug List.pdf,,,,completed
39251406-78cd-4fc0-95c7-84105e7c02dc,2daf1ac0-7229-41f6-94b8-cf49449dd810,93d585d6-a604-4766-b140-2aa31784d2d6,ALPHANATE,Ohio,Covered,PA,['PA'],Yes,No,No,0.95,https://dam.assets.ohio.gov/image/upload/medicaid.ohio.gov/PHM/unified-pdl/20251001_UPDL_v1_approved.pdf,Ohio Medicaid Preferred Drug List,Molina,Ohio_Molina_Ohio Medicaid Preferred Drug List.pdf,,,,completed
455bb307-6625-4e4e-b618-47cb33a23c23,2daf1ac0-7229-41f6-94b8-cf49449dd810,93d585d6-a604-4766-b140-2aa31784d2d6,ALTUVIIIO,Ohio,Covered,PA,['PA'],Yes,No,No,0.95,https://dam.assets.ohio.gov/image/upload/medicaid.ohio.gov/PHM/unified-pdl/20251001_UPDL_v1_approved.pdf,Ohio Medicaid Preferred Drug List,Molina,Ohio_Molina_Ohio Medicaid Preferred Drug List.pdf,,,,completed
88147927-1ce6-4d9f-87be-935bcfefcd98,2daf1ac0-7229-41f6-94b8-cf49449dd810,93d585d6-a604-4766-b140-2aa31784d2d6,CORIFACT,Ohio,Covered,PA,['PA'],Yes,No,No,0.95,https://dam.assets.ohio.gov/image/upload/medicaid.ohio.gov/PHM/unified-pdl/20251001_UPDL_v1_approved.pdf,Ohio Medicaid Preferred Drug List,Molina,Ohio_Molina_Ohio Medicaid Preferred Drug List.pdf,,,,completed
0b29fe2b-6311-486e-8860-3c8dc5dca29c,2daf1ac0-7229-41f6-94b8-cf49449dd810,93d585d6-a604-4766-b140-2aa31784d2d6,ELOCTATE,Ohio,Covered,PA,['PA'],Yes,No,No,0.95,https://dam.assets.ohio.gov/image/upload/medicaid.ohio.gov/PHM/unified-pdl/20251001_UPDL_v1_approved.pdf,Ohio Medicaid Preferred Drug List,Molina,Ohio_Molina_Ohio Medicaid Preferred Drug List.pdf,,,,completed
c00cdd3f-9814-414b-98de-d63804227a77,2daf1ac0-7229-41f6-94b8-cf49449dd810,93d585d6-a604-4766-b140-2aa31784d2d6,ESPEROCT,Ohio,Covered,PA,['PA'],Yes,No,No,0.95,https://dam.assets.ohio.gov/image/upload/medicaid.ohio.gov/PHM/unified-pdl/20251001_UPDL_v1_approved.pdf,Ohio Medicaid Preferred Drug List,Molina,Ohio_Molina_Ohio Medicaid Preferred Drug List.pdf,,,,completed
6f06d9e0-76f7-4534-8e21-e636db2bec17,2daf1ac0-7229-41f6-94b8-cf49449dd810,93d585d6-a604-4766-b140-2aa31784d2d6,FEIBA,Ohio,Covered,PA,['PA'],Yes,No,No,0.95,https://dam.assets.ohio.gov/image/upload/medicaid.ohio.gov/PHM/unified-pdl/20251001_UPDL_v1_approved.pdf,Ohio Medicaid Preferred Drug List,Molina,Ohio_Molina_Ohio Medicaid Preferred Drug List.pdf,,,,completed
f1b85565-c1da-449c-9585-853ecd1fb877,2daf1ac0-7229-41f6-94b8-cf49449dd810,93d585d6-a604-4766-b140-2aa31784d2d6,HEMLIBRA,Ohio,Covered,PA,['PA'],Yes,No,No,0.95,https://dam.assets.ohio.gov/image/upload/medicaid.ohio.gov/PHM/unified-pdl/20251001_UPDL_v1_approved.pdf,Ohio Medicaid Preferred Drug List,Molina,Ohio_Molina_Ohio Medicaid Preferred Drug List.pdf,,,,completed
b694ffd6-fbe4-4066-b7f7-331be4760dff,2daf1ac0-7229-41f6-94b8-cf49449dd810,93d585d6-a604-4766-b140-2aa31784d2d6,HEMOFIL M,Ohio,Covered,PA,['PA'],Yes,No,No,0.95,https://dam.assets.ohio.gov/image/upload/medicaid.ohio.gov/PHM/unified-pdl/20251001_UPDL_v1_approved.pdf,Ohio Medicaid Preferred Drug List,Molina,Ohio_Molina_Ohio Medicaid Preferred Drug List.pdf,,,,completed
330d2541-abab-44b3-834b-42a1ffed8e8a,2daf1ac0-7229-41f6-94b8-cf49449dd810,93d585d6-a604-4766-b140-2aa31784d2d6,HUMATE-P,Ohio,Covered,PA,['PA'],Yes,No,No,0.95,https://dam.assets.ohio.gov/image/upload/medicaid.ohio.gov/PHM/unified-pdl/20251001_UPDL_v1_approved.pdf,Ohio Medicaid Preferred Drug List,Molina,Ohio_Molina_Ohio Medicaid Preferred Drug List.pdf,,,,completed
8646ccab-59b6-4f23-adf5-1a3e9418cf2b,2daf1ac0-7229-41f6-94b8-cf49449dd810,93d585d6-a604-4766-b140-2aa31784d2d6,JIVI,Ohio,Covered,PA,['PA'],Yes,No,No,0.95,https://dam.assets.ohio.gov/image/upload/medicaid.ohio.gov/PHM/unified-pdl/20251001_UPDL_v1_approved.pdf,Ohio Medicaid Preferred Drug List,Molina,Ohio_Molina_Ohio Medicaid Preferred Drug List.pdf,,,,completed
a06dd181-5e1b-4297-92b8-27442489fccc,2daf1ac0-7229-41f6-94b8-cf49449dd810,93d585d6-a604-4766-b140-2aa31784d2d6,KOATE,Ohio,Covered,PA,['PA'],Yes,No,No,0.95,https://dam.assets.ohio.gov/image/upload/medicaid.ohio.gov/PHM/unified-pdl/20251001_UPDL_v1_approved.pdf,Ohio Medicaid Preferred Drug List,Molina,Ohio_Molina_Ohio Medicaid Preferred Drug List.pdf,,,,completed
e933c5f7-49cf-452b-a2bb-1fd6e71bbaac,2daf1ac0-7229-41f6-94b8-cf49449dd810,93d585d6-a604-4766-b140-2aa31784d2d6,KOGENATE,Ohio,Covered,PA,['PA'],Yes,No,No,0.95,https://dam.assets.ohio.gov/image/upload/medicaid.ohio.gov/PHM/unified-pdl/20251001_UPDL_v1_approved.pdf,Ohio Medicaid Preferred Drug List,Molina,Ohio_Molina_Ohio Medicaid Preferred Drug List.pdf,,,,completed
dc474e87-43d2-420d-affc-3a2a78992826,2daf1ac0-7229-41f6-94b8-cf49449dd810,93d585d6-a604-4766-b140-2aa31784d2d6,KOVALTRY,Ohio,Covered,PA,['PA'],Yes,No,No,0.95,https://dam.assets.ohio.gov/image/upload/medicaid.ohio.gov/PHM/unified-pdl/20251001_UPDL_v1_approved.pdf,Ohio Medicaid Preferred Drug List,Molina,Ohio_Molina_Ohio Medicaid Preferred Drug List.pdf,,,,completed
e90218ba-7424-49af-8983-d7f02f88f56c,2daf1ac0-7229-41f6-94b8-cf49449dd810,93d585d6-a604-4766-b140-2aa31784d2d6,NOVOEIGHT,Ohio,Covered,PA,['PA'],Yes,No,No,0.95,https://dam.assets.ohio.gov/image/upload/medicaid.ohio.gov/PHM/unified-pdl/20251001_UPDL_v1_approved.pdf,Ohio Medicaid Preferred Drug List,Molina,Ohio_Molina_Ohio Medicaid Preferred Drug List.pdf,,,,completed
3a7c2e48-1754-41ad-b086-b0126852d7c0,2daf1ac0-7229-41f6-94b8-cf49449dd810,93d585d6-a604-4766-b140-2aa31784d2d6,NOVOSEVEN,Ohio,Covered,PA,['PA'],Yes,No,No,0.95,https://dam.assets.ohio.gov/image/upload/medicaid.ohio.gov/PHM/unified-pdl/20251001_UPDL_v1_approved.pdf,Ohio Medicaid Preferred Drug List,Molina,Ohio_Molina_Ohio Medicaid Preferred Drug List.pdf,,,,completed
fd04f773-d29a-4c5f-913f-b3d0c342cf28,2daf1ac0-7229-41f6-94b8-cf49449dd810,93d585d6-a604-4766-b140-2aa31784d2d6,NUWIQ,Ohio,Covered,PA,['PA'],Yes,No,No,0.95,https://dam.assets.ohio.gov/image/upload/medicaid.ohio.gov/PHM/unified-pdl/20251001_UPDL_v1_approved.pdf,Ohio Medicaid Preferred Drug List,Molina,Ohio_Molina_Ohio Medicaid Preferred Drug List.pdf,,,,completed
3b41b49b-68cd-47bd-bca4-b33244581ef6,2daf1ac0-7229-41f6-94b8-cf49449dd810,93d585d6-a604-4766-b140-2aa31784d2d6,RECOMBINATE,Ohio,Covered,PA,['PA'],Yes,No,No,0.95,https://dam.assets.ohio.gov/image/upload/medicaid.ohio.gov/PHM/unified-pdl/20251001_UPDL_v1_approved.pdf,Ohio Medicaid Preferred Drug List,Molina,Ohio_Molina_Ohio Medicaid Preferred Drug List.pdf,,,,completed
c27656b7-6bb9-493d-b920-dde074ad9a29,2daf1ac0-7229-41f6-94b8-cf49449dd810,93d585d6-a604-4766-b140-2aa31784d2d6,WILATE,Ohio,Covered,PA,['PA'],Yes,No,No,0.95,https://dam.assets.ohio.gov/image/upload/medicaid.ohio.gov/PHM/unified-pdl/20251001_UPDL_v1_approved.pdf,Ohio Medicaid Preferred Drug List,Molina,Ohio_Molina_Ohio Medicaid Preferred Drug List.pdf,,,,completed
542fc2b8-8c1c-4030-a8e5-9255c13b5636,2daf1ac0-7229-41f6-94b8-cf49449dd810,93d585d6-a604-4766-b140-2aa31784d2d6,XYNTHA,Ohio,Covered,PA,['PA'],Yes,No,No,0.95,https://dam.assets.ohio.gov/image/upload/medicaid.ohio.gov/PHM/unified-pdl/20251001_UPDL_v1_approved.pdf,Ohio Medicaid Preferred Drug List,Molina,Ohio_Molina_Ohio Medicaid Preferred Drug List.pdf,,,,completed
e292682c-8465-44cb-83d5-e28c41e4692a,2daf1ac0-7229-41f6-94b8-cf49449dd810,93d585d6-a604-4766-b140-2aa31784d2d6,NUWIQ,Ohio,Covered,Non-Preferred,,No,No,No,0.95,https://dam.assets.ohio.gov/image/upload/medicaid.ohio.gov/PHM/unified-pdl/20251001_UPDL_v1_approved.pdf,Ohio Medicaid Preferred Drug List,Molina,Ohio_Molina_Ohio Medicaid Preferred Drug List.pdf,,,,completed
0bfd1687-f867-4bb9-bd92-e37c171c77c6,2daf1ac0-7229-41f6-94b8-cf49449dd810,93d585d6-a604-4766-b140-2aa31784d2d6,OBIZUR,Ohio,Covered,Non-Preferred,,No,No,No,0.95,https://dam.assets.ohio.gov/image/upload/medicaid.ohio.gov/PHM/unified-pdl/20251001_UPDL_v1_approved.pdf,Ohio Medicaid Preferred Drug List,Molina,Ohio_Molina_Ohio Medicaid Preferred Drug List.pdf,,,,completed
9302c931-41c3-45c1-8f51-61762bf003ee,2daf1ac0-7229-41f6-94b8-cf49449dd810,93d585d6-a604-4766-b140-2aa31784d2d6,VONVENDI,Ohio,Covered,Non-Preferred,,No,No,No,0.95,https://dam.assets.ohio.gov/image/upload/medicaid.ohio.gov/PHM/unified-pdl/20251001_UPDL_v1_approved.pdf,Ohio Medicaid Preferred Drug List,Molina,Ohio_Molina_Ohio Medicaid Preferred Drug List.pdf,,,,completed
9d0309db-b8bd-4ccf-a410-cd3ff9357c71,2daf1ac0-7229-41f6-94b8-cf49449dd810,93d585d6-a604-4766-b140-2aa31784d2d6,amiodarone,Ohio,Covered,Preferred,,No,No,No,0.95,https://dam.assets.ohio.gov/image/upload/medicaid.ohio.gov/PHM/unified-pdl/20251001_UPDL_v1_approved.pdf,Ohio Medicaid Preferred Drug List,Molina,Ohio_Molina_Ohio Medicaid Preferred Drug List.pdf,,,,completed
91153faf-e01d-4ba2-91af-c4c27351997d,2daf1ac0-7229-41f6-94b8-cf49449dd810,93d585d6-a604-4766-b140-2aa31784d2d6,disopyramide,Ohio,Covered,Preferred,,No,No,No,0.95,https://dam.assets.ohio.gov/image/upload/medicaid.ohio.gov/PHM/unified-pdl/20251001_UPDL_v1_approved.pdf,Ohio Medicaid Preferred Drug List,Molina,Ohio_Molina_Ohio Medicaid Preferred Drug List.pdf,,,,completed
9ff97843-674e-4f5b-9fed-1474fe0b85a5,2daf1ac0-7229-41f6-94b8-cf49449dd810,93d585d6-a604-4766-b140-2aa31784d2d6,dofetilide,Ohio,Covered,Preferred,,No,No,No,0.95,https://dam.assets.ohio.gov/image/upload/medicaid.ohio.gov/PHM/unified-pdl/20251001_UPDL_v1_approved.pdf,Ohio Medicaid Preferred Drug List,Molina,Ohio_Molina_Ohio Medicaid Preferred Drug List.pdf,,,,completed
c2311d62-6d8d-4498-b72b-47cde61be428,2daf1ac0-7229-41f6-94b8-cf49449dd810,93d585d6-a604-4766-b140-2aa31784d2d6,flecainide,Ohio,Covered,Preferred,,No,No,No,0.95,https://dam.assets.ohio.gov/image/upload/medicaid.ohio.gov/PHM/unified-pdl/20251001_UPDL_v1_approved.pdf,Ohio Medicaid Preferred Drug List,Molina,Ohio_Molina_Ohio Medicaid Preferred Drug List.pdf,,,,completed
e362832f-9508-4aa6-839f-8bfbaa5079ff,2daf1ac0-7229-41f6-94b8-cf49449dd810,93d585d6-a604-4766-b140-2aa31784d2d6,mexiletine,Ohio,Covered,Preferred,,No,No,No,0.95,https://dam.assets.ohio.gov/image/upload/medicaid.ohio.gov/PHM/unified-pdl/20251001_UPDL_v1_approved.pdf,Ohio Medicaid Preferred Drug List,Molina,Ohio_Molina_Ohio Medicaid Preferred Drug List.pdf,,,,completed
3f8656ed-1370-4eca-b367-7102720db71f,2daf1ac0-7229-41f6-94b8-cf49449dd810,93d585d6-a604-4766-b140-2aa31784d2d6,MULTAQ,Ohio,Covered,Preferred,,No,No,No,0.95,https://dam.assets.ohio.gov/image/upload/medicaid.ohio.gov/PHM/unified-pdl/20251001_UPDL_v1_approved.pdf,Ohio Medicaid Preferred Drug List,Molina,Ohio_Molina_Ohio Medicaid Preferred Drug List.pdf,,,,completed
c42894c4-d80b-4d9f-83ad-a0edc0506cce,2daf1ac0-7229-41f6-94b8-cf49449dd810,93d585d6-a604-4766-b140-2aa31784d2d6,NORPACE,Ohio,Covered,Preferred,,No,No,No,0.95,https://dam.assets.ohio.gov/image/upload/medicaid.ohio.gov/PHM/unified-pdl/20251001_UPDL_v1_approved.pdf,Ohio Medicaid Preferred Drug List,Molina,Ohio_Molina_Ohio Medicaid Preferred Drug List.pdf,,,,completed
2b2b12c9-f6d5-40f4-a395-61259a6ff5a8,2daf1ac0-7229-41f6-94b8-cf49449dd810,93d585d6-a604-4766-b140-2aa31784d2d6,propafenone IR,Ohio,Covered,Preferred,,No,No,No,0.95,https://dam.assets.ohio.gov/image/upload/medicaid.ohio.gov/PHM/unified-pdl/20251001_UPDL_v1_approved.pdf,Ohio Medicaid Preferred Drug List,Molina,Ohio_Molina_Ohio Medicaid Preferred Drug List.pdf,,,,completed
e65986b7-9e99-43eb-b891-c3c54aaa524d,2daf1ac0-7229-41f6-94b8-cf49449dd810,93d585d6-a604-4766-b140-2aa31784d2d6,quinidine IR,Ohio,Covered,Non-Preferred,['PA'],Yes,No,No,0.95,https://dam.assets.ohio.gov/image/upload/medicaid.ohio.gov/PHM/unified-pdl/20251001_UPDL_v1_approved.pdf,Ohio Medicaid Preferred Drug List,Molina,Ohio_Molina_Ohio Medicaid Preferred Drug List.pdf,,,,completed
8019f1a6-27a7-484b-82fb-311a16e576f6,2daf1ac0-7229-41f6-94b8-cf49449dd810,93d585d6-a604-4766-b140-2aa31784d2d6,lomitapide (JUXTAPID),Ohio,Covered,Specialty,['PA'],Yes,No,No,0.95,https://dam.assets.ohio.gov/image/upload/medicaid.ohio.gov/PHM/unified-pdl/20251001_UPDL_v1_approved.pdf,Ohio Medicaid Preferred Drug List,Molina,Ohio_Molina_Ohio Medicaid Preferred Drug List.pdf,,,,completed
ba07f943-e5d3-4439-af1a-6ee569a6526e,2daf1ac0-7229-41f6-94b8-cf49449dd810,93d585d6-a604-4766-b140-2aa31784d2d6,ATPtrate lyase (ACL) inhibitor,Ohio,Covered,Specialty,['PA'],Yes,No,No,0.95,https://dam.assets.ohio.gov/image/upload/medicaid.ohio.gov/PHM/unified-pdl/20251001_UPDL_v1_approved.pdf,Ohio Medicaid Preferred Drug List,Molina,Ohio_Molina_Ohio Medicaid Preferred Drug List.pdf,,,,completed
95a4e0ce-15b6-4d5d-815e-ccdb7d77cf9b,2daf1ac0-7229-41f6-94b8-cf49449dd810,93d585d6-a604-4766-b140-2aa31784d2d6,celecoxib,Ohio,Covered,Preferred Agents,,No,No,No,0.95,https://dam.assets.ohio.gov/image/upload/medicaid.ohio.gov/PHM/unified-pdl/20251001_UPDL_v1_approved.pdf,Ohio Medicaid Preferred Drug List,Molina,Ohio_Molina_Ohio Medicaid Preferred Drug List.pdf,,,,completed
07dd9281-2f51-4f90-a292-c64e0310d36e,2daf1ac0-7229-41f6-94b8-cf49449dd810,93d585d6-a604-4766-b140-2aa31784d2d6,"diclofenac sodium DR, ER, gel 1%",Ohio,Covered,Preferred Agents,,No,No,No,0.95,https://dam.assets.ohio.gov/image/upload/medicaid.ohio.gov/PHM/unified-pdl/20251001_UPDL_v1_approved.pdf,Ohio Medicaid Preferred Drug List,Molina,Ohio_Molina_Ohio Medicaid Preferred Drug List.pdf,,,,completed
7bcc9750-2cb1-416b-8e2f-45da2c92c05f,2daf1ac0-7229-41f6-94b8-cf49449dd810,93d585d6-a604-4766-b140-2aa31784d2d6,etodolac IR,Ohio,Covered,Preferred Agents,,No,No,No,0.95,https://dam.assets.ohio.gov/image/upload/medicaid.ohio.gov/PHM/unified-pdl/20251001_UPDL_v1_approved.pdf,Ohio Medicaid Preferred Drug List,Molina,Ohio_Molina_Ohio Medicaid Preferred Drug List.pdf,,,,completed
bf94654d-7001-48b9-9525-45a0c277b163,2daf1ac0-7229-41f6-94b8-cf49449dd810,93d585d6-a604-4766-b140-2aa31784d2d6,flurbiprofen,Ohio,Covered,Preferred Agents,,No,No,No,0.95,https://dam.assets.ohio.gov/image/upload/medicaid.ohio.gov/PHM/unified-pdl/20251001_UPDL_v1_approved.pdf,Ohio Medicaid Preferred Drug List,Molina,Ohio_Molina_Ohio Medicaid Preferred Drug List.pdf,,,,completed
02bf40f6-33c9-43e6-91ca-c805e860d08b,2daf1ac0-7229-41f6-94b8-cf49449dd810,93d585d6-a604-4766-b140-2aa31784d2d6,ibuprofen,Ohio,Covered,Preferred Agents,,No,No,No,0.95,https://dam.assets.ohio.gov/image/upload/medicaid.ohio.gov/PHM/unified-pdl/20251001_UPDL_v1_approved.pdf,Ohio Medicaid Preferred Drug List,Molina,Ohio_Molina_Ohio Medicaid Preferred Drug List.pdf,,,,completed
75dbf123-7640-458a-9c28-81af5700ede5,2daf1ac0-7229-41f6-94b8-cf49449dd810,93d585d6-a604-4766-b140-2aa31784d2d6,"indomethacin IR, ER",Ohio,Covered,Preferred Agents,,No,No,No,0.95,https://dam.assets.ohio.gov/image/upload/medicaid.ohio.gov/PHM/unified-pdl/20251001_UPDL_v1_approved.pdf,Ohio Medicaid Preferred Drug List,Molina,Ohio_Molina_Ohio Medicaid Preferred Drug List.pdf,,,,completed
0a1c9dcd-09d4-4cd4-8825-ccef96813d65,2daf1ac0-7229-41f6-94b8-cf49449dd810,93d585d6-a604-4766-b140-2aa31784d2d6,ketorolac,Ohio,Covered,Preferred Agents,,No,No,No,0.95,https://dam.assets.ohio.gov/image/upload/medicaid.ohio.gov/PHM/unified-pdl/20251001_UPDL_v1_approved.pdf,Ohio Medicaid Preferred Drug List,Molina,Ohio_Molina_Ohio Medicaid Preferred Drug List.pdf,,,,completed
55c7a92f-63b2-48be-a0af-51c7f81b3860,2daf1ac0-7229-41f6-94b8-cf49449dd810,93d585d6-a604-4766-b140-2aa31784d2d6,mefenamic acid,Ohio,Covered,Preferred Agents,,No,No,No,0.95,https://dam.assets.ohio.gov/image/upload/medicaid.ohio.gov/PHM/unified-pdl/20251001_UPDL_v1_approved.pdf,Ohio Medicaid Preferred Drug List,Molina,Ohio_Molina_Ohio Medicaid Preferred Drug List.pdf,,,,completed
3f6f4be1-2677-4059-836a-27ef2c312701,2daf1ac0-7229-41f6-94b8-cf49449dd810,93d585d6-a604-4766-b140-2aa31784d2d6,meloxicam,Ohio,Covered,Preferred Agents,,No,No,No,0.95,https://dam.assets.ohio.gov/image/upload/medicaid.ohio.gov/PHM/unified-pdl/20251001_UPDL_v1_approved.pdf,Ohio Medicaid Preferred Drug List,Molina,Ohio_Molina_Ohio Medicaid Preferred Drug List.pdf,,,,completed
a926f249-f387-443b-bee7-cd1ba9e9e8cd,2daf1ac0-7229-41f6-94b8-cf49449dd810,93d585d6-a604-4766-b140-2aa31784d2d6,nabumetone,Ohio,Covered,Preferred Agents,,No,No,No,0.95,https://dam.assets.ohio.gov/image/upload/medicaid.ohio.gov/PHM/unified-pdl/20251001_UPDL_v1_approved.pdf,Ohio Medicaid Preferred Drug List,Molina,Ohio_Molina_Ohio Medicaid Preferred Drug List.pdf,,,,completed
5eca24e0-ee5e-4a2c-bf31-7b20aacfa186,2daf1ac0-7229-41f6-94b8-cf49449dd810,93d585d6-a604-4766-b140-2aa31784d2d6,naproxen,Ohio,Covered,Preferred Agents,,No,No,No,0.95,https://dam.assets.ohio.gov/image/upload/medicaid.ohio.gov/PHM/unified-pdl/20251001_UPDL_v1_approved.pdf,Ohio Medicaid Preferred Drug List,Molina,Ohio_Molina_Ohio Medicaid Preferred Drug List.pdf,,,,completed
6e10567d-de45-4f66-8fea-3db26e113b2a,2daf1ac0-7229-41f6-94b8-cf49449dd810,93d585d6-a604-4766-b140-2aa31784d2d6,naproxen susp,Ohio,Covered,Preferred Agents,['AR'],No,No,No,0.95,https://dam.assets.ohio.gov/image/upload/medicaid.ohio.gov/PHM/unified-pdl/20251001_UPDL_v1_approved.pdf,Ohio Medicaid Preferred Drug List,Molina,Ohio_Molina_Ohio Medicaid Preferred Drug List.pdf,,,,completed
ee37435e-573a-4915-9745-5f2f499a99b8,2daf1ac0-7229-41f6-94b8-cf49449dd810,93d585d6-a604-4766-b140-2aa31784d2d6,oxaprozin,Ohio,Covered,Preferred Agents,,No,No,No,0.95,https://dam.assets.ohio.gov/image/upload/medicaid.ohio.gov/PHM/unified-pdl/20251001_UPDL_v1_approved.pdf,Ohio Medicaid Preferred Drug List,Molina,Ohio_Molina_Ohio Medicaid Preferred Drug List.pdf,,,,completed
59690c9a-a779-453b-aec7-57e07fe4e6b4,2daf1ac0-7229-41f6-94b8-cf49449dd810,93d585d6-a604-4766-b140-2aa31784d2d6,piroxicam,Ohio,Covered,Preferred Agents,,No,No,No,0.95,https://dam.assets.ohio.gov/image/upload/medicaid.ohio.gov/PHM/unified-pdl/20251001_UPDL_v1_approved.pdf,Ohio Medicaid Preferred Drug List,Molina,Ohio_Molina_Ohio Medicaid Preferred Drug List.pdf,,,,completed
1320ea30-4c2b-4a43-aa7f-699f2954c117,2daf1ac0-7229-41f6-94b8-cf49449dd810,93d585d6-a604-4766-b140-2aa31784d2d6,sulindac,Ohio,Covered,Preferred Agents,,No,No,No,0.95,https://dam.assets.ohio.gov/image/upload/medicaid.ohio.gov/PHM/unified-pdl/20251001_UPDL_v1_approved.pdf,Ohio Medicaid Preferred Drug List,Molina,Ohio_Molina_Ohio Medicaid Preferred Drug List.pdf,,,,completed
cd2e5027-a63a-445a-9175-f636ae9e829c,2daf1ac0-7229-41f6-94b8-cf49449dd810,93d585d6-a604-4766-b140-2aa31784d2d6,diclofenac/misoprostol,Ohio,Covered,Non-Preferred Agents,,No,No,No,0.95,https://dam.assets.ohio.gov/image/upload/medicaid.ohio.gov/PHM/unified-pdl/20251001_UPDL_v1_approved.pdf,Ohio Medicaid Preferred Drug List,Molina,Ohio_Molina_Ohio Medicaid Preferred Drug List.pdf,,,,completed
c2f020fb-a0b6-429a-8833-7b79b73b4f58,2daf1ac0-7229-41f6-94b8-cf49449dd810,93d585d6-a604-4766-b140-2aa31784d2d6,"diclofenac patch 1.3%; soln 1.5%, 2%",Ohio,Covered,Non-Preferred Agents,,No,No,No,0.95,https://dam.assets.ohio.gov/image/upload/medicaid.ohio.gov/PHM/unified-pdl/20251001_UPDL_v1_approved.pdf,Ohio Medicaid Preferred Drug List,Molina,Ohio_Molina_Ohio Medicaid Preferred Drug List.pdf,,,,completed
b83500c2-ffff-4173-8855-c9be77f18fce,2daf1ac0-7229-41f6-94b8-cf49449dd810,93d585d6-a604-4766-b140-2aa31784d2d6,diclofenac potassium,Ohio,Covered,Non-Preferred Agents,,No,No,No,0.95,https://dam.assets.ohio.gov/image/upload/medicaid.ohio.gov/PHM/unified-pdl/20251001_UPDL_v1_approved.pdf,Ohio Medicaid Preferred Drug List,Molina,Ohio_Molina_Ohio Medicaid Preferred Drug List.pdf,,,,completed
0d7613ba-3e2e-4577-a5bd-98d1d0a6c2b4,2daf1ac0-7229-41f6-94b8-cf49449dd810,93d585d6-a604-4766-b140-2aa31784d2d6,ELYXYB,Ohio,Covered,Non-Preferred Agents,,No,No,No,0.95,https://dam.assets.ohio.gov/image/upload/medicaid.ohio.gov/PHM/unified-pdl/20251001_UPDL_v1_approved.pdf,Ohio Medicaid Preferred Drug List,Molina,Ohio_Molina_Ohio Medicaid Preferred Drug List.pdf,,,,completed
f9a39e46-e32a-444f-ac1a-7a3a2e119ced,2daf1ac0-7229-41f6-94b8-cf49449dd810,93d585d6-a604-4766-b140-2aa31784d2d6,fenoprofen,Ohio,Covered,Non-Preferred Agents,,No,No,No,0.95,https://dam.assets.ohio.gov/image/upload/medicaid.ohio.gov/PHM/unified-pdl/20251001_UPDL_v1_approved.pdf,Ohio Medicaid Preferred Drug List,Molina,Ohio_Molina_Ohio Medicaid Preferred Drug List.pdf,,,,completed
6658781f-50e3-44ba-93f7-6216c404bacb,2daf1ac0-7229-41f6-94b8-cf49449dd810,93d585d6-a604-4766-b140-2aa31784d2d6,ibuprofen/famotidine,Ohio,Covered,Non-Preferred Agents,,No,No,No,0.95,https://dam.assets.ohio.gov/image/upload/medicaid.ohio.gov/PHM/unified-pdl/20251001_UPDL_v1_approved.pdf,Ohio Medicaid Preferred Drug List,Molina,Ohio_Molina_Ohio Medicaid Preferred Drug List.pdf,,,,completed
d342ff75-5e42-40ad-aac0-7f81f5aa4b57,2daf1ac0-7229-41f6-94b8-cf49449dd810,93d585d6-a604-4766-b140-2aa31784d2d6,"indomethacin supp, susp",Ohio,Covered,Non-Preferred Agents,,No,No,No,0.95,https://dam.assets.ohio.gov/image/upload/medicaid.ohio.gov/PHM/unified-pdl/20251001_UPDL_v1_approved.pdf,Ohio Medicaid Preferred Drug List,Molina,Ohio_Molina_Ohio Medicaid Preferred Drug List.pdf,,,,completed
a485299b-54d7-4484-8466-d97fef99347b,2daf1ac0-7229-41f6-94b8-cf49449dd810,93d585d6-a604-4766-b140-2aa31784d2d6,ketoprofen IR,Ohio,Covered,Non-Preferred Agents,,No,No,No,0.95,https://dam.assets.ohio.gov/image/upload/medicaid.ohio.gov/PHM/unified-pdl/20251001_UPDL_v1_approved.pdf,Ohio Medicaid Preferred Drug List,Molina,Ohio_Molina_Ohio Medicaid Preferred Drug List.pdf,,,,completed
fac730d8-bc3b-4065-a497-f23db32cc7dd,2daf1ac0-7229-41f6-94b8-cf49449dd810,93d585d6-a604-4766-b140-2aa31784d2d6,meclofenamate,Ohio,Covered,Non-Preferred Agents,,No,No,No,0.95,https://dam.assets.ohio.gov/image/upload/medicaid.ohio.gov/PHM/unified-pdl/20251001_UPDL_v1_approved.pdf,Ohio Medicaid Preferred Drug List,Molina,Ohio_Molina_Ohio Medicaid Preferred Drug List.pdf,,,,completed
4060709c-e526-45b1-a03d-3cee72a20517,2daf1ac0-7229-41f6-94b8-cf49449dd810,93d585d6-a604-4766-b140-2aa31784d2d6,meloxicam,Ohio,Covered,Non-Preferred Agents,,No,No,No,0.95,https://dam.assets.ohio.gov/image/upload/medicaid.ohio.gov/PHM/unified-pdl/20251001_UPDL_v1_approved.pdf,Ohio Medicaid Preferred Drug List,Molina,Ohio_Molina_Ohio Medicaid Preferred Drug List.pdf,,,,completed
6ea92119-6394-49a0-b022-65895043066d,2daf1ac0-7229-41f6-94b8-cf49449dd810,93d585d6-a604-4766-b140-2aa31784d2d6,naproxen EC,Ohio,Covered,Non-Preferred Agents,,No,No,No,0.95,https://dam.assets.ohio.gov/image/upload/medicaid.ohio.gov/PHM/unified-pdl/20251001_UPDL_v1_approved.pdf,Ohio Medicaid Preferred Drug List,Molina,Ohio_Molina_Ohio Medicaid Preferred Drug List.pdf,,,,completed
37e5bc2b-2142-41ea-991f-142920ee0bab,2daf1ac0-7229-41f6-94b8-cf49449dd810,93d585d6-a604-4766-b140-2aa31784d2d6,naproxen/esomeprazole,Ohio,Covered,Non-Preferred Agents,,No,No,No,0.95,https://dam.assets.ohio.gov/image/upload/medicaid.ohio.gov/PHM/unified-pdl/20251001_UPDL_v1_approved.pdf,Ohio Medicaid Preferred Drug List,Molina,Ohio_Molina_Ohio Medicaid Preferred Drug List.pdf,,,,completed
e850fb08-c28d-4680-96f8-44f842a5d870,2daf1ac0-7229-41f6-94b8-cf49449dd810,93d585d6-a604-4766-b140-2aa31784d2d6,RELAFEN,Ohio,Covered,Non-Preferred Agents,,No,No,No,0.95,https://dam.assets.ohio.gov/image/upload/medicaid.ohio.gov/PHM/unified-pdl/20251001_UPDL_v1_approved.pdf,Ohio Medicaid Preferred Drug List,Molina,Ohio_Molina_Ohio Medicaid Preferred Drug List.pdf,,,,completed
c3c0da89-16c1-461f-8892-91bf8c91f172,2daf1ac0-7229-41f6-94b8-cf49449dd810,93d585d6-a604-4766-b140-2aa31784d2d6,APAP/codeine,Ohio,Covered,Tier 1,['AR'],No,No,No,0.95,https://dam.assets.ohio.gov/image/upload/medicaid.ohio.gov/PHM/unified-pdl/20251001_UPDL_v1_approved.pdf,Ohio Medicaid Preferred Drug List,Molina,Ohio_Molina_Ohio Medicaid Preferred Drug List.pdf,,,,completed
232dde07-05f9-4f0f-952c-4fb1eaea896f,2daf1ac0-7229-41f6-94b8-cf49449dd810,93d585d6-a604-4766-b140-2aa31784d2d6,but/APAP/caff/cod,Ohio,Covered,Tier 1,['AR'],No,No,No,0.95,https://dam.assets.ohio.gov/image/upload/medicaid.ohio.gov/PHM/unified-pdl/20251001_UPDL_v1_approved.pdf,Ohio Medicaid Preferred Drug List,Molina,Ohio_Molina_Ohio Medicaid Preferred Drug List.pdf,,,,completed
521b460c-3327-4374-8593-1f91cee3f09c,2daf1ac0-7229-41f6-94b8-cf49449dd810,93d585d6-a604-4766-b140-2aa31784d2d6,but/ASA/caff/cod,Ohio,Covered,Tier 1,['AR'],No,No,No,0.95,https://dam.assets.ohio.gov/image/upload/medicaid.ohio.gov/PHM/unified-pdl/20251001_UPDL_v1_approved.pdf,Ohio Medicaid Preferred Drug List,Molina,Ohio_Molina_Ohio Medicaid Preferred Drug List.pdf,,,,completed
b1d9be73-234b-4e1c-9c6b-731f51245233,2daf1ac0-7229-41f6-94b8-cf49449dd810,93d585d6-a604-4766-b140-2aa31784d2d6,butorphanol,Ohio,Covered,Tier 1,,No,No,No,0.95,https://dam.assets.ohio.gov/image/upload/medicaid.ohio.gov/PHM/unified-pdl/20251001_UPDL_v1_approved.pdf,Ohio Medicaid Preferred Drug List,Molina,Ohio_Molina_Ohio Medicaid Preferred Drug List.pdf,,,,completed
5caed941-905e-4646-bd36-16083b524d19,2daf1ac0-7229-41f6-94b8-cf49449dd810,93d585d6-a604-4766-b140-2aa31784d2d6,codeine,Ohio,Covered,Tier 1,['AR'],No,No,No,0.95,https://dam.assets.ohio.gov/image/upload/medicaid.ohio.gov/PHM/unified-pdl/20251001_UPDL_v1_approved.pdf,Ohio Medicaid Preferred Drug List,Molina,Ohio_Molina_Ohio Medicaid Preferred Drug List.pdf,,,,completed
61c0343c-e910-4f0b-a6b4-57a33bea5d41,2daf1ac0-7229-41f6-94b8-cf49449dd810,93d585d6-a604-4766-b140-2aa31784d2d6,hydrocodone/APAP,Ohio,Covered,Tier 1,,No,No,No,0.95,https://dam.assets.ohio.gov/image/upload/medicaid.ohio.gov/PHM/unified-pdl/20251001_UPDL_v1_approved.pdf,Ohio Medicaid Preferred Drug List,Molina,Ohio_Molina_Ohio Medicaid Preferred Drug List.pdf,,,,completed
b99225a9-e6ea-4138-946f-134bf20ab9f2,2daf1ac0-7229-41f6-94b8-cf49449dd810,93d585d6-a604-4766-b140-2aa31784d2d6,hydromorphone,Ohio,Covered,Tier 1,,No,No,No,0.95,https://dam.assets.ohio.gov/image/upload/medicaid.ohio.gov/PHM/unified-pdl/20251001_UPDL_v1_approved.pdf,Ohio Medicaid Preferred Drug List,Molina,Ohio_Molina_Ohio Medicaid Preferred Drug List.pdf,,,,completed
943bd59b-0003-4eaf-a50e-0b3a8c4a5b41,2daf1ac0-7229-41f6-94b8-cf49449dd810,93d585d6-a604-4766-b140-2aa31784d2d6,morphine,Ohio,Covered,Tier 1,,No,No,No,0.95,https://dam.assets.ohio.gov/image/upload/medicaid.ohio.gov/PHM/unified-pdl/20251001_UPDL_v1_approved.pdf,Ohio Medicaid Preferred Drug List,Molina,Ohio_Molina_Ohio Medicaid Preferred Drug List.pdf,,,,completed
927b246f-e43e-48fa-b7ce-fcc5dbe43b37,2daf1ac0-7229-41f6-94b8-cf49449dd810,93d585d6-a604-4766-b140-2aa31784d2d6,"oxycodone IR cap, soln",Ohio,Covered,Tier 1,,No,No,No,0.95,https://dam.assets.ohio.gov/image/upload/medicaid.ohio.gov/PHM/unified-pdl/20251001_UPDL_v1_approved.pdf,Ohio Medicaid Preferred Drug List,Molina,Ohio_Molina_Ohio Medicaid Preferred Drug List.pdf,,,,completed
0f78c023-d361-49e1-bc56-020a67676377,2daf1ac0-7229-41f6-94b8-cf49449dd810,93d585d6-a604-4766-b140-2aa31784d2d6,oxycodone/APAP,Ohio,Covered,Tier 1,,No,No,No,0.95,https://dam.assets.ohio.gov/image/upload/medicaid.ohio.gov/PHM/unified-pdl/20251001_UPDL_v1_approved.pdf,Ohio Medicaid Preferred Drug List,Molina,Ohio_Molina_Ohio Medicaid Preferred Drug List.pdf,,,,completed
1c13149e-b3d0-48d4-ae73-9887e4262b1c,2daf1ac0-7229-41f6-94b8-cf49449dd810,93d585d6-a604-4766-b140-2aa31784d2d6,tramadol,Ohio,Covered,Tier 1,['AR'],No,No,No,0.95,https://dam.assets.ohio.gov/image/upload/medicaid.ohio.gov/PHM/unified-pdl/20251001_UPDL_v1_approved.pdf,Ohio Medicaid Preferred Drug List,Molina,Ohio_Molina_Ohio Medicaid Preferred Drug List.pdf,,,,completed
240156f3-4031-45b8-a65c-a141bd45b214,2daf1ac0-7229-41f6-94b8-cf49449dd810,93d585d6-a604-4766-b140-2aa31784d2d6,tramadol/APAP,Ohio,Covered,Tier 1,['AR'],No,No,No,0.95,https://dam.assets.ohio.gov/image/upload/medicaid.ohio.gov/PHM/unified-pdl/20251001_UPDL_v1_approved.pdf,Ohio Medicaid Preferred Drug List,Molina,Ohio_Molina_Ohio Medicaid Preferred Drug List.pdf,,,,completed
c4f55a6e-edb1-439c-89d9-bf32af32366e,2daf1ac0-7229-41f6-94b8-cf49449dd810,93d585d6-a604-4766-b140-2aa31784d2d6,APAP/caffeine/dihydrocodeine,Ohio,Covered,Non-Preferred,,No,No,No,0.95,https://dam.assets.ohio.gov/image/upload/medicaid.ohio.gov/PHM/unified-pdl/20251001_UPDL_v1_approved.pdf,Ohio Medicaid Preferred Drug List,Molina,Ohio_Molina_Ohio Medicaid Preferred Drug List.pdf,,,,completed
1347793b-e956-46c2-bdcf-87f32d837c80,2daf1ac0-7229-41f6-94b8-cf49449dd810,93d585d6-a604-4766-b140-2aa31784d2d6,but/APAP/caff/cod,Ohio,Covered,Non-Preferred,['AR'],No,No,No,0.95,https://dam.assets.ohio.gov/image/upload/medicaid.ohio.gov/PHM/unified-pdl/20251001_UPDL_v1_approved.pdf,Ohio Medicaid Preferred Drug List,Molina,Ohio_Molina_Ohio Medicaid Preferred Drug List.pdf,,,,completed
3fb2e99b-aa7c-44f4-8587-cb14d4fa166c,2daf1ac0-7229-41f6-94b8-cf49449dd810,93d585d6-a604-4766-b140-2aa31784d2d6,hydrocodone/APAP,Ohio,Covered,Non-Preferred,,No,No,No,0.95,https://dam.assets.ohio.gov/image/upload/medicaid.ohio.gov/PHM/unified-pdl/20251001_UPDL_v1_approved.pdf,Ohio Medicaid Preferred Drug List,Molina,Ohio_Molina_Ohio Medicaid Preferred Drug List.pdf,,,,completed
6d6b89fc-0ed1-4b41-bbb9-7e8c40ca2c05,2daf1ac0-7229-41f6-94b8-cf49449dd810,93d585d6-a604-4766-b140-2aa31784d2d6,hydrocodone/ibuprofen,Ohio,Covered,Non-Preferred,,No,No,No,0.95,https://dam.assets.ohio.gov/image/upload/medicaid.ohio.gov/PHM/unified-pdl/20251001_UPDL_v1_approved.pdf,Ohio Medicaid Preferred Drug List,Molina,Ohio_Molina_Ohio Medicaid Preferred Drug List.pdf,,,,completed
2ebf93db-c4b3-4a25-82c3-a7f1102802b3,2daf1ac0-7229-41f6-94b8-cf49449dd810,93d585d6-a604-4766-b140-2aa31784d2d6,levorphanol,Ohio,Covered,Non-Preferred,,No,No,No,0.95,https://dam.assets.ohio.gov/image/upload/medicaid.ohio.gov/PHM/unified-pdl/20251001_UPDL_v1_approved.pdf,Ohio Medicaid Preferred Drug List,Molina,Ohio_Molina_Ohio Medicaid Preferred Drug List.pdf,,,,completed
3edccbaa-9aea-4baf-8965-962bad2b6b82,2daf1ac0-7229-41f6-94b8-cf49449dd810,93d585d6-a604-4766-b140-2aa31784d2d6,meperidine,Ohio,Covered,Non-Preferred,,No,No,No,0.95,https://dam.assets.ohio.gov/image/upload/medicaid.ohio.gov/PHM/unified-pdl/20251001_UPDL_v1_approved.pdf,Ohio Medicaid Preferred Drug List,Molina,Ohio_Molina_Ohio Medicaid Preferred Drug List.pdf,,,,completed
a6128b52-d3ac-456b-8a3f-366314344367,2daf1ac0-7229-41f6-94b8-cf49449dd810,93d585d6-a604-4766-b140-2aa31784d2d6,oxymorphone,Ohio,Covered,Non-Preferred,,No,No,No,0.95,https://dam.assets.ohio.gov/image/upload/medicaid.ohio.gov/PHM/unified-pdl/20251001_UPDL_v1_approved.pdf,Ohio Medicaid Preferred Drug List,Molina,Ohio_Molina_Ohio Medicaid Preferred Drug List.pdf,,,,completed
9bf4604c-c628-416c-9e63-152df4174311,2daf1ac0-7229-41f6-94b8-cf49449dd810,93d585d6-a604-4766-b140-2aa31784d2d6,pentazocine/naloxone,Ohio,Covered,Non-Preferred,,No,No,No,0.95,https://dam.assets.ohio.gov/image/upload/medicaid.ohio.gov/PHM/unified-pdl/20251001_UPDL_v1_approved.pdf,Ohio Medicaid Preferred Drug List,Molina,Ohio_Molina_Ohio Medicaid Preferred Drug List.pdf,,,,completed
613f9373-5795-48a9-94e3-85bd722a7dcf,2daf1ac0-7229-41f6-94b8-cf49449dd810,93d585d6-a604-4766-b140-2aa31784d2d6,PROLATE,Ohio,Covered,Non-Preferred,,No,No,No,0.95,https://dam.assets.ohio.gov/image/upload/medicaid.ohio.gov/PHM/unified-pdl/20251001_UPDL_v1_approved.pdf,Ohio Medicaid Preferred Drug List,Molina,Ohio_Molina_Ohio Medicaid Preferred Drug List.pdf,,,,completed
1f021ce1-f6dd-4c91-9508-4f1e734237ce,2daf1ac0-7229-41f6-94b8-cf49449dd810,93d585d6-a604-4766-b140-2aa31784d2d6,ROXYBOND,Ohio,Covered,Non-Preferred,,No,No,No,0.95,https://dam.assets.ohio.gov/image/upload/medicaid.ohio.gov/PHM/unified-pdl/20251001_UPDL_v1_approved.pdf,Ohio Medicaid Preferred Drug List,Molina,Ohio_Molina_Ohio Medicaid Preferred Drug List.pdf,,,,completed
49abc8a7-208e-4794-91df-d3c99cac9a13,2daf1ac0-7229-41f6-94b8-cf49449dd810,93d585d6-a604-4766-b140-2aa31784d2d6,tramadol,Ohio,Covered,Non-Preferred,['AR'],No,No,No,0.95,https://dam.assets.ohio.gov/image/upload/medicaid.ohio.gov/PHM/unified-pdl/20251001_UPDL_v1_approved.pdf,Ohio Medicaid Preferred Drug List,Molina,Ohio_Molina_Ohio Medicaid Preferred Drug List.pdf,,,,completed
4a9298f9-a7da-4335-b9cc-b328ab23dde7,2daf1ac0-7229-41f6-94b8-cf49449dd810,93d585d6-a604-4766-b140-2aa31784d2d6,BUTRANS,Ohio,Covered,Tier 1,"['BvG', 'PA']",Yes,No,No,0.95,https://dam.assets.ohio.gov/image/upload/medicaid.ohio.gov/PHM/unified-pdl/20251001_UPDL_v1_approved.pdf,Ohio Medicaid Preferred Drug List,Molina,Ohio_Molina_Ohio Medicaid Preferred Drug List.pdf,,,,completed
d0c4dc6e-3880-4f14-8b0e-ba6057de9115,2daf1ac0-7229-41f6-94b8-cf49449dd810,93d585d6-a604-4766-b140-2aa31784d2d6,morphine ER,Ohio,Covered,Tier 1,['PA'],Yes,No,No,0.95,https://dam.assets.ohio.gov/image/upload/medicaid.ohio.gov/PHM/unified-pdl/20251001_UPDL_v1_approved.pdf,Ohio Medicaid Preferred Drug List,Molina,Ohio_Molina_Ohio Medicaid Preferred Drug List.pdf,,,,completed
5e9d266e-b378-47a7-b6c6-20e9a2e4fd27,2daf1ac0-7229-41f6-94b8-cf49449dd810,93d585d6-a604-4766-b140-2aa31784d2d6,BELBUCA,Ohio,Covered,Non-Preferred,,No,No,No,0.95,https://dam.assets.ohio.gov/image/upload/medicaid.ohio.gov/PHM/unified-pdl/20251001_UPDL_v1_approved.pdf,Ohio Medicaid Preferred Drug List,Molina,Ohio_Molina_Ohio Medicaid Preferred Drug List.pdf,,,,completed
f2439b25-111b-41aa-b534-308f4f72e534,2daf1ac0-7229-41f6-94b8-cf49449dd810,93d585d6-a604-4766-b140-2aa31784d2d6,buprenorphine TD patch weekly,Ohio,Covered,Non-Preferred,,No,No,No,0.95,https://dam.assets.ohio.gov/image/upload/medicaid.ohio.gov/PHM/unified-pdl/20251001_UPDL_v1_approved.pdf,Ohio Medicaid Preferred Drug List,Molina,Ohio_Molina_Ohio Medicaid Preferred Drug List.pdf,,,,completed
864aef77-d54a-4674-8edf-e779411ffd25,2daf1ac0-7229-41f6-94b8-cf49449dd810,93d585d6-a604-4766-b140-2aa31784d2d6,fentanyl,Ohio,Covered,Non-Preferred,,No,No,No,0.95,https://dam.assets.ohio.gov/image/upload/medicaid.ohio.gov/PHM/unified-pdl/20251001_UPDL_v1_approved.pdf,Ohio Medicaid Preferred Drug List,Molina,Ohio_Molina_Ohio Medicaid Preferred Drug List.pdf,,,,completed
95edb80a-340a-4de7-8c9b-8e4424408131,2daf1ac0-7229-41f6-94b8-cf49449dd810,93d585d6-a604-4766-b140-2aa31784d2d6,hydrocodone bitartrate ER 12HR,Ohio,Covered,Non-Preferred,,No,No,No,0.95,https://dam.assets.ohio.gov/image/upload/medicaid.ohio.gov/PHM/unified-pdl/20251001_UPDL_v1_approved.pdf,Ohio Medicaid Preferred Drug List,Molina,Ohio_Molina_Ohio Medicaid Preferred Drug List.pdf,,,,completed
af9ec196-256d-4b23-94e8-8f8d1e016e57,2daf1ac0-7229-41f6-94b8-cf49449dd810,93d585d6-a604-4766-b140-2aa31784d2d6,hydrocodone bitartrate ER 24HR,Ohio,Covered,Non-Preferred,,No,No,No,0.95,https://dam.assets.ohio.gov/image/upload/medicaid.ohio.gov/PHM/unified-pdl/20251001_UPDL_v1_approved.pdf,Ohio Medicaid Preferred Drug List,Molina,Ohio_Molina_Ohio Medicaid Preferred Drug List.pdf,,,,completed
0e663642-1538-47fc-86bd-577f49de3f44,2daf1ac0-7229-41f6-94b8-cf49449dd810,93d585d6-a604-4766-b140-2aa31784d2d6,hydromorphone,Ohio,Covered,Non-Preferred,,No,No,No,0.95,https://dam.assets.ohio.gov/image/upload/medicaid.ohio.gov/PHM/unified-pdl/20251001_UPDL_v1_approved.pdf,Ohio Medicaid Preferred Drug List,Molina,Ohio_Molina_Ohio Medicaid Preferred Drug List.pdf,,,,completed
fcd0ef9c-454d-4b3d-891b-2b17d1b2eb1f,2daf1ac0-7229-41f6-94b8-cf49449dd810,93d585d6-a604-4766-b140-2aa31784d2d6,methadone,Ohio,Covered,Non-Preferred,,No,No,No,0.95,https://dam.assets.ohio.gov/image/upload/medicaid.ohio.gov/PHM/unified-pdl/20251001_UPDL_v1_approved.pdf,Ohio Medicaid Preferred Drug List,Molina,Ohio_Molina_Ohio Medicaid Preferred Drug List.pdf,,,,completed
3a90c9f8-a4bc-4245-b8d0-e1b9f9a65e5c,2daf1ac0-7229-41f6-94b8-cf49449dd810,93d585d6-a604-4766-b140-2aa31784d2d6,morphine ER 24HR,Ohio,Covered,Non-Preferred,,No,No,No,0.95,https://dam.assets.ohio.gov/image/upload/medicaid.ohio.gov/PHM/unified-pdl/20251001_UPDL_v1_approved.pdf,Ohio Medicaid Preferred Drug List,Molina,Ohio_Molina_Ohio Medicaid Preferred Drug List.pdf,,,,completed
19ffe655-d1e7-4b93-8603-691543679fea,2daf1ac0-7229-41f6-94b8-cf49449dd810,93d585d6-a604-4766-b140-2aa31784d2d6,oxycodone,Ohio,Covered,Non-Preferred,,No,No,No,0.95,https://dam.assets.ohio.gov/image/upload/medicaid.ohio.gov/PHM/unified-pdl/20251001_UPDL_v1_approved.pdf,Ohio Medicaid Preferred Drug List,Molina,Ohio_Molina_Ohio Medicaid Preferred Drug List.pdf,,,,completed
99731458-a337-46ae-b419-4da571daeb91,2daf1ac0-7229-41f6-94b8-cf49449dd810,93d585d6-a604-4766-b140-2aa31784d2d6,"clonidine IR, patch",Ohio,Covered,Tier 1,,No,No,No,0.95,https://dam.assets.ohio.gov/image/upload/medicaid.ohio.gov/PHM/unified-pdl/20251001_UPDL_v1_approved.pdf,Ohio Medicaid Preferred Drug List,Molina,Ohio_Molina_Ohio Medicaid Preferred Drug List.pdf,,,,completed
11fab084-9663-4e7d-ad19-5adb7eb6fdc2,2daf1ac0-7229-41f6-94b8-cf49449dd810,93d585d6-a604-4766-b140-2aa31784d2d6,ENTRESTO,Ohio,Covered,Tier 2,['AR'],No,No,No,0.95,https://dam.assets.ohio.gov/image/upload/medicaid.ohio.gov/PHM/unified-pdl/20251001_UPDL_v1_approved.pdf,Ohio Medicaid Preferred Drug List,Molina,Ohio_Molina_Ohio Medicaid Preferred Drug List.pdf,,,,completed
3f69386f-e4c2-401d-bf64-4e388b07d33c,2daf1ac0-7229-41f6-94b8-cf49449dd810,93d585d6-a604-4766-b140-2aa31784d2d6,ENTRESTO SPRINKLE,Ohio,Covered,Tier 2,,No,No,No,0.95,https://dam.assets.ohio.gov/image/upload/medicaid.ohio.gov/PHM/unified-pdl/20251001_UPDL_v1_approved.pdf,Ohio Medicaid Preferred Drug List,Molina,Ohio_Molina_Ohio Medicaid Preferred Drug List.pdf,,,,completed
209280d3-c64c-46dc-bb75-a5dbc810da3b,2daf1ac0-7229-41f6-94b8-cf49449dd810,93d585d6-a604-4766-b140-2aa31784d2d6,doxazosin,Ohio,Covered,Tier 1,,No,No,No,0.95,https://dam.assets.ohio.gov/image/upload/medicaid.ohio.gov/PHM/unified-pdl/20251001_UPDL_v1_approved.pdf,Ohio Medicaid Preferred Drug List,Molina,Ohio_Molina_Ohio Medicaid Preferred Drug List.pdf,,,,completed
e2931938-758e-4f6c-a5f8-ed47d6eb200a,2daf1ac0-7229-41f6-94b8-cf49449dd810,93d585d6-a604-4766-b140-2aa31784d2d6,INPEFA,Ohio,Covered,Tier 2,,No,No,No,0.95,https://dam.assets.ohio.gov/image/upload/medicaid.ohio.gov/PHM/unified-pdl/20251001_UPDL_v1_approved.pdf,Ohio Medicaid Preferred Drug List,Molina,Ohio_Molina_Ohio Medicaid Preferred Drug List.pdf,,,,completed
4cef80ed-04dd-4c61-bdee-4a284bdfda23,2daf1ac0-7229-41f6-94b8-cf49449dd810,93d585d6-a604-4766-b140-2aa31784d2d6,eplerenone,Ohio,Covered,Tier 1,,No,No,No,0.95,https://dam.assets.ohio.gov/image/upload/medicaid.ohio.gov/PHM/unified-pdl/20251001_UPDL_v1_approved.pdf,Ohio Medicaid Preferred Drug List,Molina,Ohio_Molina_Ohio Medicaid Preferred Drug List.pdf,,,,completed
1c7b19af-a72f-4bfe-94c6-2491f9292fed,2daf1ac0-7229-41f6-94b8-cf49449dd810,93d585d6-a604-4766-b140-2aa31784d2d6,KERENDIA,Ohio,Covered,Tier 2,,No,No,No,0.95,https://dam.assets.ohio.gov/image/upload/medicaid.ohio.gov/PHM/unified-pdl/20251001_UPDL_v1_approved.pdf,Ohio Medicaid Preferred Drug List,Molina,Ohio_Molina_Ohio Medicaid Preferred Drug List.pdf,,,,completed
201cade6-0318-44ff-90e0-171db0c6c676,2daf1ac0-7229-41f6-94b8-cf49449dd810,93d585d6-a604-4766-b140-2aa31784d2d6,furosemide,Ohio,Covered,Tier 1,,No,No,No,0.95,https://dam.assets.ohio.gov/image/upload/medicaid.ohio.gov/PHM/unified-pdl/20251001_UPDL_v1_approved.pdf,Ohio Medicaid Preferred Drug List,Molina,Ohio_Molina_Ohio Medicaid Preferred Drug List.pdf,,,,completed
371251d6-d135-4aed-8e07-fa125e5c9fc5,2daf1ac0-7229-41f6-94b8-cf49449dd810,93d585d6-a604-4766-b140-2aa31784d2d6,spironolactone susp,Ohio,Covered,Tier 1,,No,No,No,0.95,https://dam.assets.ohio.gov/image/upload/medicaid.ohio.gov/PHM/unified-pdl/20251001_UPDL_v1_approved.pdf,Ohio Medicaid Preferred Drug List,Molina,Ohio_Molina_Ohio Medicaid Preferred Drug List.pdf,,,,completed
b3aad645-b531-4dc1-9979-d98f53f39e79,2daf1ac0-7229-41f6-94b8-cf49449dd810,93d585d6-a604-4766-b140-2aa31784d2d6,guanfacine IR,Ohio,Covered,Tier 1,,No,No,No,0.95,https://dam.assets.ohio.gov/image/upload/medicaid.ohio.gov/PHM/unified-pdl/20251001_UPDL_v1_approved.pdf,Ohio Medicaid Preferred Drug List,Molina,Ohio_Molina_Ohio Medicaid Preferred Drug List.pdf,,,,completed
310d19a3-d04a-47a9-bbc8-cb2d64eb0f78,2daf1ac0-7229-41f6-94b8-cf49449dd810,93d585d6-a604-4766-b140-2aa31784d2d6,TRYVIO,Ohio,Covered,Tier 2,,No,No,No,0.95,https://dam.assets.ohio.gov/image/upload/medicaid.ohio.gov/PHM/unified-pdl/20251001_UPDL_v1_approved.pdf,Ohio Medicaid Preferred Drug List,Molina,Ohio_Molina_Ohio Medicaid Preferred Drug List.pdf,,,,completed
6024807f-66e7-49dd-af9a-f191690bd418,2daf1ac0-7229-41f6-94b8-cf49449dd810,93d585d6-a604-4766-b140-2aa31784d2d6,hydralazine,Ohio,Covered,Tier 1,,No,No,No,0.95,https://dam.assets.ohio.gov/image/upload/medicaid.ohio.gov/PHM/unified-pdl/20251001_UPDL_v1_approved.pdf,Ohio Medicaid Preferred Drug List,Molina,Ohio_Molina_Ohio Medicaid Preferred Drug List.pdf,,,,completed
7376e93c-08d1-4c2b-8074-9d88021f3114,2daf1ac0-7229-41f6-94b8-cf49449dd810,93d585d6-a604-4766-b140-2aa31784d2d6,VERQUVO,Ohio,Covered,Tier 2,,No,No,No,0.95,https://dam.assets.ohio.gov/image/upload/medicaid.ohio.gov/PHM/unified-pdl/20251001_UPDL_v1_approved.pdf,Ohio Medicaid Preferred Drug List,Molina,Ohio_Molina_Ohio Medicaid Preferred Drug List.pdf,,,,completed
3f87897c-b636-416a-852d-43113c56a327,2daf1ac0-7229-41f6-94b8-cf49449dd810,93d585d6-a604-4766-b140-2aa31784d2d6,hydrochlorothiazide,Ohio,Covered,Tier 1,,No,No,No,0.95,https://dam.assets.ohio.gov/image/upload/medicaid.ohio.gov/PHM/unified-pdl/20251001_UPDL_v1_approved.pdf,Ohio Medicaid Preferred Drug List,Molina,Ohio_Molina_Ohio Medicaid Preferred Drug List.pdf,,,,completed
9d2ea926-2d59-436d-b45d-8ece542d7f55,2daf1ac0-7229-41f6-94b8-cf49449dd810,93d585d6-a604-4766-b140-2aa31784d2d6,INZIRQO,Ohio,Covered,Tier 2,['AR'],No,No,No,0.95,https://dam.assets.ohio.gov/image/upload/medicaid.ohio.gov/PHM/unified-pdl/20251001_UPDL_v1_approved.pdf,Ohio Medicaid Preferred Drug List,Molina,Ohio_Molina_Ohio Medicaid Preferred Drug List.pdf,,,,completed
1c933aa1-83a2-456b-ac2b-dece97a94042,2daf1ac0-7229-41f6-94b8-cf49449dd810,93d585d6-a604-4766-b140-2aa31784d2d6,methyldopa,Ohio,Covered,Tier 1,,No,No,No,0.95,https://dam.assets.ohio.gov/image/upload/medicaid.ohio.gov/PHM/unified-pdl/20251001_UPDL_v1_approved.pdf,Ohio Medicaid Preferred Drug List,Molina,Ohio_Molina_Ohio Medicaid Preferred Drug List.pdf,,,,completed
d044776f-e651-48f9-b4a2-3198c66ecdfb,2daf1ac0-7229-41f6-94b8-cf49449dd810,93d585d6-a604-4766-b140-2aa31784d2d6,minoxidil,Ohio,Covered,Tier 1,,No,No,No,0.95,https://dam.assets.ohio.gov/image/upload/medicaid.ohio.gov/PHM/unified-pdl/20251001_UPDL_v1_approved.pdf,Ohio Medicaid Preferred Drug List,Molina,Ohio_Molina_Ohio Medicaid Preferred Drug List.pdf,,,,completed
8f79305b-6712-4414-b32c-399b6ffd924f,2daf1ac0-7229-41f6-94b8-cf49449dd810,93d585d6-a604-4766-b140-2aa31784d2d6,ranolazine,Ohio,Covered,Tier 1,,No,No,No,0.95,https://dam.assets.ohio.gov/image/upload/medicaid.ohio.gov/PHM/unified-pdl/20251001_UPDL_v1_approved.pdf,Ohio Medicaid Preferred Drug List,Molina,Ohio_Molina_Ohio Medicaid Preferred Drug List.pdf,,,,completed
a340db0a-55f7-47e9-9d85-1c7a3939699f,2daf1ac0-7229-41f6-94b8-cf49449dd810,93d585d6-a604-4766-b140-2aa31784d2d6,spironolactone,Ohio,Covered,Tier 1,,No,No,No,0.95,https://dam.assets.ohio.gov/image/upload/medicaid.ohio.gov/PHM/unified-pdl/20251001_UPDL_v1_approved.pdf,Ohio Medicaid Preferred Drug List,Molina,Ohio_Molina_Ohio Medicaid Preferred Drug List.pdf,,,,completed
a284b6e0-f940-442a-8c24-66e0aab1f130,2daf1ac0-7229-41f6-94b8-cf49449dd810,93d585d6-a604-4766-b140-2aa31784d2d6,spironolactone/HCTZ,Ohio,Covered,Tier 1,,No,No,No,0.95,https://dam.assets.ohio.gov/image/upload/medicaid.ohio.gov/PHM/unified-pdl/20251001_UPDL_v1_approved.pdf,Ohio Medicaid Preferred Drug List,Molina,Ohio_Molina_Ohio Medicaid Preferred Drug List.pdf,,,,completed
cf3782ba-f78f-470b-bd24-ea417280ea83,2daf1ac0-7229-41f6-94b8-cf49449dd810,93d585d6-a604-4766-b140-2aa31784d2d6,terazosin,Ohio,Covered,Tier 1,,No,No,No,0.95,https://dam.assets.ohio.gov/image/upload/medicaid.ohio.gov/PHM/unified-pdl/20251001_UPDL_v1_approved.pdf,Ohio Medicaid Preferred Drug List,Molina,Ohio_Molina_Ohio Medicaid Preferred Drug List.pdf,,,,completed
0e5e3336-b061-4761-8688-9d5d0310a375,2daf1ac0-7229-41f6-94b8-cf49449dd810,93d585d6-a604-4766-b140-2aa31784d2d6,torsemide,Ohio,Covered,Tier 1,,No,No,No,0.95,https://dam.assets.ohio.gov/image/upload/medicaid.ohio.gov/PHM/unified-pdl/20251001_UPDL_v1_approved.pdf,Ohio Medicaid Preferred Drug List,Molina,Ohio_Molina_Ohio Medicaid Preferred Drug List.pdf,,,,completed
f02bdf48-21f5-434c-bd7a-d59a014a2a10,2daf1ac0-7229-41f6-94b8-cf49449dd810,93d585d6-a604-4766-b140-2aa31784d2d6,triamterene,Ohio,Covered,Tier 1,,No,No,No,0.95,https://dam.assets.ohio.gov/image/upload/medicaid.ohio.gov/PHM/unified-pdl/20251001_UPDL_v1_approved.pdf,Ohio Medicaid Preferred Drug List,Molina,Ohio_Molina_Ohio Medicaid Preferred Drug List.pdf,,,,completed
a3ed4bf8-aad4-4538-9080-8abda79cdd58,2daf1ac0-7229-41f6-94b8-cf49449dd810,93d585d6-a604-4766-b140-2aa31784d2d6,triamterene/HCTZ,Ohio,Covered,Tier 1,,No,No,No,0.95,https://dam.assets.ohio.gov/image/upload/medicaid.ohio.gov/PHM/unified-pdl/20251001_UPDL_v1_approved.pdf,Ohio Medicaid Preferred Drug List,Molina,Ohio_Molina_Ohio Medicaid Preferred Drug List.pdf,,,,completed
71901cf5-8b8f-4e85-85a6-ce74d9f6b48f,2daf1ac0-7229-41f6-94b8-cf49449dd810,93d585d6-a604-4766-b140-2aa31784d2d6,ivabradine tab (gen of CORLANOR),Ohio,Covered,Tier 2,,No,No,No,0.95,https://dam.assets.ohio.gov/image/upload/medicaid.ohio.gov/PHM/unified-pdl/20251001_UPDL_v1_approved.pdf,Ohio Medicaid Preferred Drug List,Molina,Ohio_Molina_Ohio Medicaid Preferred Drug List.pdf,,,,completed
74ffcf69-89d9-46f9-8540-a88fd65ab4a2,2daf1ac0-7229-41f6-94b8-cf49449dd810,93d585d6-a604-4766-b140-2aa31784d2d6,verapamil IR,Ohio,Covered,Preferred Agents,,No,No,No,0.95,https://dam.assets.ohio.gov/image/upload/medicaid.ohio.gov/PHM/unified-pdl/20251001_UPDL_v1_approved.pdf,Ohio Medicaid Preferred Drug List,Molina,Ohio_Molina_Ohio Medicaid Preferred Drug List.pdf,,,,completed
d7ceaae7-075c-4b90-a882-430f36bb10f1,2daf1ac0-7229-41f6-94b8-cf49449dd810,93d585d6-a604-4766-b140-2aa31784d2d6,EMGALITY 100 mg/ml,Ohio,Covered,Non-Preferred Agents,['PA'],Yes,No,No,0.95,https://dam.assets.ohio.gov/image/upload/medicaid.ohio.gov/PHM/unified-pdl/20251001_UPDL_v1_approved.pdf,Ohio Medicaid Preferred Drug List,Molina,Ohio_Molina_Ohio Medicaid Preferred Drug List.pdf,,,,completed
6bb89698-8094-49ac-b067-5b81f30b1112,2daf1ac0-7229-41f6-94b8-cf49449dd810,93d585d6-a604-4766-b140-2aa31784d2d6,amlodipine/benazepril,Ohio,Covered,Preferred,,No,No,No,0.95,https://dam.assets.ohio.gov/image/upload/medicaid.ohio.gov/PHM/unified-pdl/20251001_UPDL_v1_approved.pdf,Ohio Medicaid Preferred Drug List,Molina,Ohio_Molina_Ohio Medicaid Preferred Drug List.pdf,,,,completed
7f731532-2b43-42ae-9ef6-0f0b847ca188,2daf1ac0-7229-41f6-94b8-cf49449dd810,93d585d6-a604-4766-b140-2aa31784d2d6,benazepril,Ohio,Covered,Preferred,,No,No,No,0.95,https://dam.assets.ohio.gov/image/upload/medicaid.ohio.gov/PHM/unified-pdl/20251001_UPDL_v1_approved.pdf,Ohio Medicaid Preferred Drug List,Molina,Ohio_Molina_Ohio Medicaid Preferred Drug List.pdf,,,,completed
e26c85d6-1aa7-41bf-b57e-92a4a68c8e66,2daf1ac0-7229-41f6-94b8-cf49449dd810,93d585d6-a604-4766-b140-2aa31784d2d6,benazepril/HCTZ,Ohio,Covered,Preferred,,No,No,No,0.95,https://dam.assets.ohio.gov/image/upload/medicaid.ohio.gov/PHM/unified-pdl/20251001_UPDL_v1_approved.pdf,Ohio Medicaid Preferred Drug List,Molina,Ohio_Molina_Ohio Medicaid Preferred Drug List.pdf,,,,completed
6ac6cba9-a792-4d38-8e9e-90a690af4359,2daf1ac0-7229-41f6-94b8-cf49449dd810,93d585d6-a604-4766-b140-2aa31784d2d6,captopril,Ohio,Covered,Preferred,,No,No,No,0.95,https://dam.assets.ohio.gov/image/upload/medicaid.ohio.gov/PHM/unified-pdl/20251001_UPDL_v1_approved.pdf,Ohio Medicaid Preferred Drug List,Molina,Ohio_Molina_Ohio Medicaid Preferred Drug List.pdf,,,,completed
13dffb07-779e-48a0-ada5-a03085cbeeb5,2daf1ac0-7229-41f6-94b8-cf49449dd810,93d585d6-a604-4766-b140-2aa31784d2d6,captopril/HCTZ,Ohio,Covered,Preferred,,No,No,No,0.95,https://dam.assets.ohio.gov/image/upload/medicaid.ohio.gov/PHM/unified-pdl/20251001_UPDL_v1_approved.pdf,Ohio Medicaid Preferred Drug List,Molina,Ohio_Molina_Ohio Medicaid Preferred Drug List.pdf,,,,completed
3ac46f08-0208-4bcc-97ca-c30fad9cdf95,2daf1ac0-7229-41f6-94b8-cf49449dd810,93d585d6-a604-4766-b140-2aa31784d2d6,enalapril soln,Ohio,Covered,Preferred,,No,No,No,0.95,https://dam.assets.ohio.gov/image/upload/medicaid.ohio.gov/PHM/unified-pdl/20251001_UPDL_v1_approved.pdf,Ohio Medicaid Preferred Drug List,Molina,Ohio_Molina_Ohio Medicaid Preferred Drug List.pdf,,,,completed
d6b76e7c-a90d-4470-ab03-50ba3c06cf18,2daf1ac0-7229-41f6-94b8-cf49449dd810,93d585d6-a604-4766-b140-2aa31784d2d6,enalapril/HCTZ,Ohio,Covered,Preferred,,No,No,No,0.95,https://dam.assets.ohio.gov/image/upload/medicaid.ohio.gov/PHM/unified-pdl/20251001_UPDL_v1_approved.pdf,Ohio Medicaid Preferred Drug List,Molina,Ohio_Molina_Ohio Medicaid Preferred Drug List.pdf,,,,completed
dc4b8a6b-e40b-48e9-a1b5-2a2270ad392f,2daf1ac0-7229-41f6-94b8-cf49449dd810,93d585d6-a604-4766-b140-2aa31784d2d6,fosinopril,Ohio,Covered,Preferred,,No,No,No,0.95,https://dam.assets.ohio.gov/image/upload/medicaid.ohio.gov/PHM/unified-pdl/20251001_UPDL_v1_approved.pdf,Ohio Medicaid Preferred Drug List,Molina,Ohio_Molina_Ohio Medicaid Preferred Drug List.pdf,,,,completed
cfb338aa-f97d-4224-adb0-ba2b4868d942,2daf1ac0-7229-41f6-94b8-cf49449dd810,93d585d6-a604-4766-b140-2aa31784d2d6,fosinopril/HCTZ,Ohio,Covered,Preferred,,No,No,No,0.95,https://dam.assets.ohio.gov/image/upload/medicaid.ohio.gov/PHM/unified-pdl/20251001_UPDL_v1_approved.pdf,Ohio Medicaid Preferred Drug List,Molina,Ohio_Molina_Ohio Medicaid Preferred Drug List.pdf,,,,completed
bdaee118-77ae-4dcb-b6d4-0a8752f0f679,2daf1ac0-7229-41f6-94b8-cf49449dd810,93d585d6-a604-4766-b140-2aa31784d2d6,lisinopril,Ohio,Covered,Preferred,,No,No,No,0.95,https://dam.assets.ohio.gov/image/upload/medicaid.ohio.gov/PHM/unified-pdl/20251001_UPDL_v1_approved.pdf,Ohio Medicaid Preferred Drug List,Molina,Ohio_Molina_Ohio Medicaid Preferred Drug List.pdf,,,,completed
f4c04743-a1d2-4c0b-bd49-865a745ef941,2daf1ac0-7229-41f6-94b8-cf49449dd810,93d585d6-a604-4766-b140-2aa31784d2d6,lisinopril/HCTZ,Ohio,Covered,Preferred,,No,No,No,0.95,https://dam.assets.ohio.gov/image/upload/medicaid.ohio.gov/PHM/unified-pdl/20251001_UPDL_v1_approved.pdf,Ohio Medicaid Preferred Drug List,Molina,Ohio_Molina_Ohio Medicaid Preferred Drug List.pdf,,,,completed
bd74311c-e660-4b26-b359-72ee903c2d5f,2daf1ac0-7229-41f6-94b8-cf49449dd810,93d585d6-a604-4766-b140-2aa31784d2d6,moexipril,Ohio,Covered,Preferred,,No,No,No,0.95,https://dam.assets.ohio.gov/image/upload/medicaid.ohio.gov/PHM/unified-pdl/20251001_UPDL_v1_approved.pdf,Ohio Medicaid Preferred Drug List,Molina,Ohio_Molina_Ohio Medicaid Preferred Drug List.pdf,,,,completed
8c572ee3-e944-4ae5-903d-ce3053160f01,2daf1ac0-7229-41f6-94b8-cf49449dd810,93d585d6-a604-4766-b140-2aa31784d2d6,quinapril,Ohio,Covered,Preferred,,No,No,No,0.95,https://dam.assets.ohio.gov/image/upload/medicaid.ohio.gov/PHM/unified-pdl/20251001_UPDL_v1_approved.pdf,Ohio Medicaid Preferred Drug List,Molina,Ohio_Molina_Ohio Medicaid Preferred Drug List.pdf,,,,completed
f707c3af-68d9-473c-bcac-3736f9b61671,2daf1ac0-7229-41f6-94b8-cf49449dd810,93d585d6-a604-4766-b140-2aa31784d2d6,quinapril/HCTZ,Ohio,Covered,Preferred,,No,No,No,0.95,https://dam.assets.ohio.gov/image/upload/medicaid.ohio.gov/PHM/unified-pdl/20251001_UPDL_v1_approved.pdf,Ohio Medicaid Preferred Drug List,Molina,Ohio_Molina_Ohio Medicaid Preferred Drug List.pdf,,,,completed
77eb3a6f-cf33-4cf9-894e-8b35adfcf421,2daf1ac0-7229-41f6-94b8-cf49449dd810,93d585d6-a604-4766-b140-2aa31784d2d6,ramipril,Ohio,Covered,Preferred,,No,No,No,0.95,https://dam.assets.ohio.gov/image/upload/medicaid.ohio.gov/PHM/unified-pdl/20251001_UPDL_v1_approved.pdf,Ohio Medicaid Preferred Drug List,Molina,Ohio_Molina_Ohio Medicaid Preferred Drug List.pdf,,,,completed
ac1ba293-c0c0-4f44-a586-dfb45a23468c,2daf1ac0-7229-41f6-94b8-cf49449dd810,93d585d6-a604-4766-b140-2aa31784d2d6,trandolapril,Ohio,Covered,Preferred,,No,No,No,0.95,https://dam.assets.ohio.gov/image/upload/medicaid.ohio.gov/PHM/unified-pdl/20251001_UPDL_v1_approved.pdf,Ohio Medicaid Preferred Drug List,Molina,Ohio_Molina_Ohio Medicaid Preferred Drug List.pdf,,,,completed
c8996baa-59d2-4e74-8595-39e67150ab08,2daf1ac0-7229-41f6-94b8-cf49449dd810,93d585d6-a604-4766-b140-2aa31784d2d6,trandolapril/verapamil,Ohio,Covered,Preferred,,No,No,No,0.95,https://dam.assets.ohio.gov/image/upload/medicaid.ohio.gov/PHM/unified-pdl/20251001_UPDL_v1_approved.pdf,Ohio Medicaid Preferred Drug List,Molina,Ohio_Molina_Ohio Medicaid Preferred Drug List.pdf,,,,completed
aede9dec-85cc-4644-9938-7d9e8fd261a4,2daf1ac0-7229-41f6-94b8-cf49449dd810,93d585d6-a604-4766-b140-2aa31784d2d6,amlodipine/olmesartan,Ohio,Covered,Preferred,,No,No,No,0.95,https://dam.assets.ohio.gov/image/upload/medicaid.ohio.gov/PHM/unified-pdl/20251001_UPDL_v1_approved.pdf,Ohio Medicaid Preferred Drug List,Molina,Ohio_Molina_Ohio Medicaid Preferred Drug List.pdf,,,,completed
d8647836-d795-4c07-a003-bf775c4851d5,2daf1ac0-7229-41f6-94b8-cf49449dd810,93d585d6-a604-4766-b140-2aa31784d2d6,amlodipine/valsartan,Ohio,Covered,Preferred,,No,No,No,0.95,https://dam.assets.ohio.gov/image/upload/medicaid.ohio.gov/PHM/unified-pdl/20251001_UPDL_v1_approved.pdf,Ohio Medicaid Preferred Drug List,Molina,Ohio_Molina_Ohio Medicaid Preferred Drug List.pdf,,,,completed
72cfca36-879d-4e33-bf04-b0262c05f864,2daf1ac0-7229-41f6-94b8-cf49449dd810,93d585d6-a604-4766-b140-2aa31784d2d6,amlodipine/valsartan/HCTZ,Ohio,Covered,Preferred,,No,No,No,0.95,https://dam.assets.ohio.gov/image/upload/medicaid.ohio.gov/PHM/unified-pdl/20251001_UPDL_v1_approved.pdf,Ohio Medicaid Preferred Drug List,Molina,Ohio_Molina_Ohio Medicaid Preferred Drug List.pdf,,,,completed
4374b75e-4857-4489-9a22-2a05450c7076,2daf1ac0-7229-41f6-94b8-cf49449dd810,93d585d6-a604-4766-b140-2aa31784d2d6,candesartan,Ohio,Covered,Preferred,,No,No,No,0.95,https://dam.assets.ohio.gov/image/upload/medicaid.ohio.gov/PHM/unified-pdl/20251001_UPDL_v1_approved.pdf,Ohio Medicaid Preferred Drug List,Molina,Ohio_Molina_Ohio Medicaid Preferred Drug List.pdf,,,,completed
86333e72-a528-4d8d-84d4-877b98c808f2,2daf1ac0-7229-41f6-94b8-cf49449dd810,93d585d6-a604-4766-b140-2aa31784d2d6,candesartan/HCTZ,Ohio,Covered,Preferred,,No,No,No,0.95,https://dam.assets.ohio.gov/image/upload/medicaid.ohio.gov/PHM/unified-pdl/20251001_UPDL_v1_approved.pdf,Ohio Medicaid Preferred Drug List,Molina,Ohio_Molina_Ohio Medicaid Preferred Drug List.pdf,,,,completed
187af07c-2afa-49fb-8d0a-651a2a20a7ba,2daf1ac0-7229-41f6-94b8-cf49449dd810,93d585d6-a604-4766-b140-2aa31784d2d6,irbesartan,Ohio,Covered,Preferred,,No,No,No,0.95,https://dam.assets.ohio.gov/image/upload/medicaid.ohio.gov/PHM/unified-pdl/20251001_UPDL_v1_approved.pdf,Ohio Medicaid Preferred Drug List,Molina,Ohio_Molina_Ohio Medicaid Preferred Drug List.pdf,,,,completed
ec1fe042-044c-435f-8545-2f0fd20eb7a0,2daf1ac0-7229-41f6-94b8-cf49449dd810,93d585d6-a604-4766-b140-2aa31784d2d6,irbesartan/HCTZ,Ohio,Covered,Preferred,,No,No,No,0.95,https://dam.assets.ohio.gov/image/upload/medicaid.ohio.gov/PHM/unified-pdl/20251001_UPDL_v1_approved.pdf,Ohio Medicaid Preferred Drug List,Molina,Ohio_Molina_Ohio Medicaid Preferred Drug List.pdf,,,,completed
7023cb90-478b-4ce6-81f6-9533efeedd51,2daf1ac0-7229-41f6-94b8-cf49449dd810,93d585d6-a604-4766-b140-2aa31784d2d6,losartan,Ohio,Covered,Preferred,,No,No,No,0.95,https://dam.assets.ohio.gov/image/upload/medicaid.ohio.gov/PHM/unified-pdl/20251001_UPDL_v1_approved.pdf,Ohio Medicaid Preferred Drug List,Molina,Ohio_Molina_Ohio Medicaid Preferred Drug List.pdf,,,,completed
68c06d11-096c-4799-84ed-79f6e1e63421,2daf1ac0-7229-41f6-94b8-cf49449dd810,93d585d6-a604-4766-b140-2aa31784d2d6,olmesartan,Ohio,Covered,Preferred,,No,No,No,0.95,https://dam.assets.ohio.gov/image/upload/medicaid.ohio.gov/PHM/unified-pdl/20251001_UPDL_v1_approved.pdf,Ohio Medicaid Preferred Drug List,Molina,Ohio_Molina_Ohio Medicaid Preferred Drug List.pdf,,,,completed
bdcd06e5-7eae-49dc-b71a-3c4667599e85,2daf1ac0-7229-41f6-94b8-cf49449dd810,93d585d6-a604-4766-b140-2aa31784d2d6,olmesartan/amlodipine/HCTZ,Ohio,Covered,Preferred,,No,No,No,0.95,https://dam.assets.ohio.gov/image/upload/medicaid.ohio.gov/PHM/unified-pdl/20251001_UPDL_v1_approved.pdf,Ohio Medicaid Preferred Drug List,Molina,Ohio_Molina_Ohio Medicaid Preferred Drug List.pdf,,,,completed
9ed606f3-ab3d-4a3b-838c-17e457c6eae7,2daf1ac0-7229-41f6-94b8-cf49449dd810,93d585d6-a604-4766-b140-2aa31784d2d6,olmesartan/HCTZ,Ohio,Covered,Preferred,,No,No,No,0.95,https://dam.assets.ohio.gov/image/upload/medicaid.ohio.gov/PHM/unified-pdl/20251001_UPDL_v1_approved.pdf,Ohio Medicaid Preferred Drug List,Molina,Ohio_Molina_Ohio Medicaid Preferred Drug List.pdf,,,,completed
b6eebc7c-a364-419f-97ec-9b11f938bbb6,2daf1ac0-7229-41f6-94b8-cf49449dd810,93d585d6-a604-4766-b140-2aa31784d2d6,telmisartan,Ohio,Covered,Preferred,,No,No,No,0.95,https://dam.assets.ohio.gov/image/upload/medicaid.ohio.gov/PHM/unified-pdl/20251001_UPDL_v1_approved.pdf,Ohio Medicaid Preferred Drug List,Molina,Ohio_Molina_Ohio Medicaid Preferred Drug List.pdf,,,,completed
b9f960ca-9e6c-4efc-9f07-5da646833f78,2daf1ac0-7229-41f6-94b8-cf49449dd810,93d585d6-a604-4766-b140-2aa31784d2d6,QBRELIS,Ohio,Covered,Non-Preferred,,No,No,No,0.95,https://dam.assets.ohio.gov/image/upload/medicaid.ohio.gov/PHM/unified-pdl/20251001_UPDL_v1_approved.pdf,Ohio Medicaid Preferred Drug List,Molina,Ohio_Molina_Ohio Medicaid Preferred Drug List.pdf,,,,completed
53443995-0856-4d84-aace-b8774b1fd27e,2daf1ac0-7229-41f6-94b8-cf49449dd810,93d585d6-a604-4766-b140-2aa31784d2d6,valsartan soln,Ohio,Covered,Non-Preferred,,No,No,No,0.95,https://dam.assets.ohio.gov/image/upload/medicaid.ohio.gov/PHM/unified-pdl/20251001_UPDL_v1_approved.pdf,Ohio Medicaid Preferred Drug List,Molina,Ohio_Molina_Ohio Medicaid Preferred Drug List.pdf,,,,completed
3e550dea-507e-49b5-994a-bac030cddced,2daf1ac0-7229-41f6-94b8-cf49449dd810,93d585d6-a604-4766-b140-2aa31784d2d6,EDARBI,Ohio,Covered,Non-Preferred,,No,No,No,0.95,https://dam.assets.ohio.gov/image/upload/medicaid.ohio.gov/PHM/unified-pdl/20251001_UPDL_v1_approved.pdf,Ohio Medicaid Preferred Drug List,Molina,Ohio_Molina_Ohio Medicaid Preferred Drug List.pdf,,,,completed
b2d597c9-cbe7-4917-a3a7-312427ba4a2c,2daf1ac0-7229-41f6-94b8-cf49449dd810,93d585d6-a604-4766-b140-2aa31784d2d6,EDARBYCLOR,Ohio,Covered,Non-Preferred,,No,No,No,0.95,https://dam.assets.ohio.gov/image/upload/medicaid.ohio.gov/PHM/unified-pdl/20251001_UPDL_v1_approved.pdf,Ohio Medicaid Preferred Drug List,Molina,Ohio_Molina_Ohio Medicaid Preferred Drug List.pdf,,,,completed
6c605ee1-b124-4467-9ea5-353924c7855b,2daf1ac0-7229-41f6-94b8-cf49449dd810,93d585d6-a604-4766-b140-2aa31784d2d6,donepezil,Ohio,Covered,Preferred Agents,['AR'],No,No,No,0.95,https://dam.assets.ohio.gov/image/upload/medicaid.ohio.gov/PHM/unified-pdl/20251001_UPDL_v1_approved.pdf,Ohio Medicaid Preferred Drug List,Molina,Ohio_Molina_Ohio Medicaid Preferred Drug List.pdf,,,,completed
b419cd94-e1fc-40f3-b6bb-78a83f0b973a,2daf1ac0-7229-41f6-94b8-cf49449dd810,93d585d6-a604-4766-b140-2aa31784d2d6,galantamine IR,Ohio,Covered,Preferred Agents,['AR'],No,No,No,0.95,https://dam.assets.ohio.gov/image/upload/medicaid.ohio.gov/PHM/unified-pdl/20251001_UPDL_v1_approved.pdf,Ohio Medicaid Preferred Drug List,Molina,Ohio_Molina_Ohio Medicaid Preferred Drug List.pdf,,,,completed
45f77eab-d9fb-480a-8746-6947733c69e4,2daf1ac0-7229-41f6-94b8-cf49449dd810,93d585d6-a604-4766-b140-2aa31784d2d6,galantamine ER,Ohio,Covered,Preferred Agents,['AR'],No,No,No,0.95,https://dam.assets.ohio.gov/image/upload/medicaid.ohio.gov/PHM/unified-pdl/20251001_UPDL_v1_approved.pdf,Ohio Medicaid Preferred Drug List,Molina,Ohio_Molina_Ohio Medicaid Preferred Drug List.pdf,,,,completed
b6e9181a-a0b9-469a-900f-a15deb1d6979,2daf1ac0-7229-41f6-94b8-cf49449dd810,93d585d6-a604-4766-b140-2aa31784d2d6,memantine IR,Ohio,Covered,Preferred Agents,['AR'],No,No,No,0.95,https://dam.assets.ohio.gov/image/upload/medicaid.ohio.gov/PHM/unified-pdl/20251001_UPDL_v1_approved.pdf,Ohio Medicaid Preferred Drug List,Molina,Ohio_Molina_Ohio Medicaid Preferred Drug List.pdf,,,,completed
055a055e-d1bb-4903-8c47-69e30a14f58f,2daf1ac0-7229-41f6-94b8-cf49449dd810,93d585d6-a604-4766-b140-2aa31784d2d6,memantine ER,Ohio,Covered,Preferred Agents,['AR'],No,No,No,0.95,https://dam.assets.ohio.gov/image/upload/medicaid.ohio.gov/PHM/unified-pdl/20251001_UPDL_v1_approved.pdf,Ohio Medicaid Preferred Drug List,Molina,Ohio_Molina_Ohio Medicaid Preferred Drug List.pdf,,,,completed
7dbfbe7d-8fd6-433b-93ca-31105548457d,2daf1ac0-7229-41f6-94b8-cf49449dd810,93d585d6-a604-4766-b140-2aa31784d2d6,rivastigmine,Ohio,Covered,Preferred Agents,['AR'],No,No,No,0.95,https://dam.assets.ohio.gov/image/upload/medicaid.ohio.gov/PHM/unified-pdl/20251001_UPDL_v1_approved.pdf,Ohio Medicaid Preferred Drug List,Molina,Ohio_Molina_Ohio Medicaid Preferred Drug List.pdf,,,,completed
31840096-98c1-4bca-9a86-0d3a09d45225,2daf1ac0-7229-41f6-94b8-cf49449dd810,93d585d6-a604-4766-b140-2aa31784d2d6,rivastigmine patch,Ohio,Covered,Preferred Agents,['AR'],No,No,No,0.95,https://dam.assets.ohio.gov/image/upload/medicaid.ohio.gov/PHM/unified-pdl/20251001_UPDL_v1_approved.pdf,Ohio Medicaid Preferred Drug List,Molina,Ohio_Molina_Ohio Medicaid Preferred Drug List.pdf,,,,completed
757c1e1c-fb3c-4bfe-b75f-a35eb4b959b2,2daf1ac0-7229-41f6-94b8-cf49449dd810,93d585d6-a604-4766-b140-2aa31784d2d6,ADLARITY,Ohio,Covered,Non-Preferred Agents,['AR'],No,No,No,0.95,https://dam.assets.ohio.gov/image/upload/medicaid.ohio.gov/PHM/unified-pdl/20251001_UPDL_v1_approved.pdf,Ohio Medicaid Preferred Drug List,Molina,Ohio_Molina_Ohio Medicaid Preferred Drug List.pdf,,,,completed
a1e4ceb7-7311-4d42-b659-b663455428a7,2daf1ac0-7229-41f6-94b8-cf49449dd810,93d585d6-a604-4766-b140-2aa31784d2d6,galantamine soln,Ohio,Covered,Non-Preferred Agents,['AR'],No,No,No,0.95,https://dam.assets.ohio.gov/image/upload/medicaid.ohio.gov/PHM/unified-pdl/20251001_UPDL_v1_approved.pdf,Ohio Medicaid Preferred Drug List,Molina,Ohio_Molina_Ohio Medicaid Preferred Drug List.pdf,,,,completed
a7189d9f-e117-4b07-845a-ccb76323dc79,2daf1ac0-7229-41f6-94b8-cf49449dd810,93d585d6-a604-4766-b140-2aa31784d2d6,"memantine/donepezil cap 14-10, 21-10, 28-10mg",Ohio,Covered,Non-Preferred Agents,['AR'],No,No,No,0.95,https://dam.assets.ohio.gov/image/upload/medicaid.ohio.gov/PHM/unified-pdl/20251001_UPDL_v1_approved.pdf,Ohio Medicaid Preferred Drug List,Molina,Ohio_Molina_Ohio Medicaid Preferred Drug List.pdf,,,,completed
be8b7c31-7c06-4d5e-b581-cdd166b3c4d7,2daf1ac0-7229-41f6-94b8-cf49449dd810,93d585d6-a604-4766-b140-2aa31784d2d6,memantine soln,Ohio,Covered,Non-Preferred Agents,['AR'],No,No,No,0.95,https://dam.assets.ohio.gov/image/upload/medicaid.ohio.gov/PHM/unified-pdl/20251001_UPDL_v1_approved.pdf,Ohio Medicaid Preferred Drug List,Molina,Ohio_Molina_Ohio Medicaid Preferred Drug List.pdf,,,,completed
b07ff925-c197-4096-b067-fc6622e0c8a7,2daf1ac0-7229-41f6-94b8-cf49449dd810,93d585d6-a604-4766-b140-2aa31784d2d6,NAMZARIC,Ohio,Covered,Non-Preferred Agents,['AR'],No,No,No,0.95,https://dam.assets.ohio.gov/image/upload/medicaid.ohio.gov/PHM/unified-pdl/20251001_UPDL_v1_approved.pdf,Ohio Medicaid Preferred Drug List,Molina,Ohio_Molina_Ohio Medicaid Preferred Drug List.pdf,,,,completed
438df4f3-3e7b-45c3-9db8-8599b1f44bca,2daf1ac0-7229-41f6-94b8-cf49449dd810,93d585d6-a604-4766-b140-2aa31784d2d6,BRIVIACT SOLN,Ohio,Covered,PA,['PA'],Yes,No,No,0.95,https://dam.assets.ohio.gov/image/upload/medicaid.ohio.gov/PHM/unified-pdl/20251001_UPDL_v1_approved.pdf,Ohio Medicaid Preferred Drug List,Molina,Ohio_Molina_Ohio Medicaid Preferred Drug List.pdf,,,,completed
9afc7135-68dc-413b-8854-0027b550a68b,2daf1ac0-7229-41f6-94b8-cf49449dd810,93d585d6-a604-4766-b140-2aa31784d2d6,EPRONTIA SOLN,Ohio,Covered,PA,['PA'],Yes,No,No,0.95,https://dam.assets.ohio.gov/image/upload/medicaid.ohio.gov/PHM/unified-pdl/20251001_UPDL_v1_approved.pdf,Ohio Medicaid Preferred Drug List,Molina,Ohio_Molina_Ohio Medicaid Preferred Drug List.pdf,,,,completed
8055d1a8-6d7f-4d49-a735-cb4f6f3439b8,2daf1ac0-7229-41f6-94b8-cf49449dd810,93d585d6-a604-4766-b140-2aa31784d2d6,vigabatrin powder,Ohio,Covered,PA,['PA'],Yes,No,No,0.95,https://dam.assets.ohio.gov/image/upload/medicaid.ohio.gov/PHM/unified-pdl/20251001_UPDL_v1_approved.pdf,Ohio Medicaid Preferred Drug List,Molina,Ohio_Molina_Ohio Medicaid Preferred Drug List.pdf,,,,completed
83c4e93f-a9dc-442e-bd8a-c80e7fadd709,2daf1ac0-7229-41f6-94b8-cf49449dd810,93d585d6-a604-4766-b140-2aa31784d2d6,VIGAFYDE SOLN,Ohio,Covered,PA,['PA'],Yes,No,No,0.95,https://dam.assets.ohio.gov/image/upload/medicaid.ohio.gov/PHM/unified-pdl/20251001_UPDL_v1_approved.pdf,Ohio Medicaid Preferred Drug List,Molina,Ohio_Molina_Ohio Medicaid Preferred Drug List.pdf,,,,completed
248d66a1-9591-4d76-84c9-6556d5b7f92b,2daf1ac0-7229-41f6-94b8-cf49449dd810,93d585d6-a604-4766-b140-2aa31784d2d6,AIMOVIG,Ohio,Covered,Tier 1,['ST'],No,Yes,No,0.95,https://dam.assets.ohio.gov/image/upload/medicaid.ohio.gov/PHM/unified-pdl/20251001_UPDL_v1_approved.pdf,Ohio Medicaid Preferred Drug List,Molina,Ohio_Molina_Ohio Medicaid Preferred Drug List.pdf,,,,completed
f204b370-577e-43d7-ad22-8293dcf1246a,2daf1ac0-7229-41f6-94b8-cf49449dd810,93d585d6-a604-4766-b140-2aa31784d2d6,AJOVY,Ohio,Covered,Tier 1,['ST'],No,Yes,No,0.95,https://dam.assets.ohio.gov/image/upload/medicaid.ohio.gov/PHM/unified-pdl/20251001_UPDL_v1_approved.pdf,Ohio Medicaid Preferred Drug List,Molina,Ohio_Molina_Ohio Medicaid Preferred Drug List.pdf,,,,completed
1b1e8198-8462-454a-8515-6956d6d721d6,2daf1ac0-7229-41f6-94b8-cf49449dd810,93d585d6-a604-4766-b140-2aa31784d2d6,EMGALITY 120 mg/ml,Ohio,Covered,Tier 1,['ST'],No,Yes,No,0.95,https://dam.assets.ohio.gov/image/upload/medicaid.ohio.gov/PHM/unified-pdl/20251001_UPDL_v1_approved.pdf,Ohio Medicaid Preferred Drug List,Molina,Ohio_Molina_Ohio Medicaid Preferred Drug List.pdf,,,,completed
fd8a0953-776e-4571-8e4c-6edce1ccbe2d,2daf1ac0-7229-41f6-94b8-cf49449dd810,93d585d6-a604-4766-b140-2aa31784d2d6,NURTEC,Ohio,Covered,Non-Preferred,,No,No,No,0.95,https://dam.assets.ohio.gov/image/upload/medicaid.ohio.gov/PHM/unified-pdl/20251001_UPDL_v1_approved.pdf,Ohio Medicaid Preferred Drug List,Molina,Ohio_Molina_Ohio Medicaid Preferred Drug List.pdf,,,,completed
e0f870ac-3929-45cc-a269-60f0f675693e,2daf1ac0-7229-41f6-94b8-cf49449dd810,93d585d6-a604-4766-b140-2aa31784d2d6,QUILIPTA,Ohio,Covered,Non-Preferred,,No,No,No,0.95,https://dam.assets.ohio.gov/image/upload/medicaid.ohio.gov/PHM/unified-pdl/20251001_UPDL_v1_approved.pdf,Ohio Medicaid Preferred Drug List,Molina,Ohio_Molina_Ohio Medicaid Preferred Drug List.pdf,,,,completed
ae80bbf5-8611-4ff1-b825-c1aee75b2175,2daf1ac0-7229-41f6-94b8-cf49449dd810,93d585d6-a604-4766-b140-2aa31784d2d6,NURTEC,Ohio,Covered,Tier 5,,No,No,No,0.95,https://dam.assets.ohio.gov/image/upload/medicaid.ohio.gov/PHM/unified-pdl/20251001_UPDL_v1_approved.pdf,Ohio Medicaid Preferred Drug List,Molina,Ohio_Molina_Ohio Medicaid Preferred Drug List.pdf,,,,completed
9bcaafd7-a12e-49f6-909c-e710ea441bcf,2daf1ac0-7229-41f6-94b8-cf49449dd810,93d585d6-a604-4766-b140-2aa31784d2d6,UBRELVY,Ohio,Covered,Tier 5,,No,No,No,0.95,https://dam.assets.ohio.gov/image/upload/medicaid.ohio.gov/PHM/unified-pdl/20251001_UPDL_v1_approved.pdf,Ohio Medicaid Preferred Drug List,Molina,Ohio_Molina_Ohio Medicaid Preferred Drug List.pdf,,,,completed
c0aacc89-5c0d-48f0-ac7e-a6c24863d99e,2daf1ac0-7229-41f6-94b8-cf49449dd810,93d585d6-a604-4766-b140-2aa31784d2d6,naratriptan,Ohio,Covered,,,No,No,No,0.95,https://dam.assets.ohio.gov/image/upload/medicaid.ohio.gov/PHM/unified-pdl/20251001_UPDL_v1_approved.pdf,Ohio Medicaid Preferred Drug List,Molina,Ohio_Molina_Ohio Medicaid Preferred Drug List.pdf,,,,completed
86068387-d95c-4b58-8b8b-e51120b97bc3,2daf1ac0-7229-41f6-94b8-cf49449dd810,93d585d6-a604-4766-b140-2aa31784d2d6,rizatriptan,Ohio,Covered,,,No,No,No,0.95,https://dam.assets.ohio.gov/image/upload/medicaid.ohio.gov/PHM/unified-pdl/20251001_UPDL_v1_approved.pdf,Ohio Medicaid Preferred Drug List,Molina,Ohio_Molina_Ohio Medicaid Preferred Drug List.pdf,,,,completed
da568040-7519-4b2c-a184-ec9e5fc11e70,2daf1ac0-7229-41f6-94b8-cf49449dd810,93d585d6-a604-4766-b140-2aa31784d2d6,"sumatriptan inj, nasal spray",Ohio,Covered,,,No,No,No,0.95,https://dam.assets.ohio.gov/image/upload/medicaid.ohio.gov/PHM/unified-pdl/20251001_UPDL_v1_approved.pdf,Ohio Medicaid Preferred Drug List,Molina,Ohio_Molina_Ohio Medicaid Preferred Drug List.pdf,,,,completed
3fe41bc3-d010-4780-bdd7-50be1bacd555,2daf1ac0-7229-41f6-94b8-cf49449dd810,93d585d6-a604-4766-b140-2aa31784d2d6,almotriptan,Ohio,Covered,,,No,No,No,0.95,https://dam.assets.ohio.gov/image/upload/medicaid.ohio.gov/PHM/unified-pdl/20251001_UPDL_v1_approved.pdf,Ohio Medicaid Preferred Drug List,Molina,Ohio_Molina_Ohio Medicaid Preferred Drug List.pdf,,,,completed
c775cc8e-8191-4e14-9aa0-6b62263db104,2daf1ac0-7229-41f6-94b8-cf49449dd810,93d585d6-a604-4766-b140-2aa31784d2d6,eletriptan,Ohio,Covered,,,No,No,No,0.95,https://dam.assets.ohio.gov/image/upload/medicaid.ohio.gov/PHM/unified-pdl/20251001_UPDL_v1_approved.pdf,Ohio Medicaid Preferred Drug List,Molina,Ohio_Molina_Ohio Medicaid Preferred Drug List.pdf,,,,completed
d02bb139-cf8d-4ffd-bc37-9812c3775b2c,2daf1ac0-7229-41f6-94b8-cf49449dd810,93d585d6-a604-4766-b140-2aa31784d2d6,frovatriptan,Ohio,Covered,,,No,No,No,0.95,https://dam.assets.ohio.gov/image/upload/medicaid.ohio.gov/PHM/unified-pdl/20251001_UPDL_v1_approved.pdf,Ohio Medicaid Preferred Drug List,Molina,Ohio_Molina_Ohio Medicaid Preferred Drug List.pdf,,,,completed
12b40758-844e-448a-a6b2-d6440d0b45ef,2daf1ac0-7229-41f6-94b8-cf49449dd810,93d585d6-a604-4766-b140-2aa31784d2d6,sumatriptan/naproxen,Ohio,Covered,,,No,No,No,0.95,https://dam.assets.ohio.gov/image/upload/medicaid.ohio.gov/PHM/unified-pdl/20251001_UPDL_v1_approved.pdf,Ohio Medicaid Preferred Drug List,Molina,Ohio_Molina_Ohio Medicaid Preferred Drug List.pdf,,,,completed
fa6e7028-4b29-4159-b52e-04369af78127,2daf1ac0-7229-41f6-94b8-cf49449dd810,93d585d6-a604-4766-b140-2aa31784d2d6,TOSYMRA,Ohio,Covered,,,No,No,No,0.95,https://dam.assets.ohio.gov/image/upload/medicaid.ohio.gov/PHM/unified-pdl/20251001_UPDL_v1_approved.pdf,Ohio Medicaid Preferred Drug List,Molina,Ohio_Molina_Ohio Medicaid Preferred Drug List.pdf,,,,completed
42de9159-8f49-40f6-8719-8c6c80b24290,2daf1ac0-7229-41f6-94b8-cf49449dd810,93d585d6-a604-4766-b140-2aa31784d2d6,zolmitriptan,Ohio,Covered,,,No,No,No,0.95,https://dam.assets.ohio.gov/image/upload/medicaid.ohio.gov/PHM/unified-pdl/20251001_UPDL_v1_approved.pdf,Ohio Medicaid Preferred Drug List,Molina,Ohio_Molina_Ohio Medicaid Preferred Drug List.pdf,,,,completed
93cb8856-e325-43c7-8616-d92f6b8c0342,2daf1ac0-7229-41f6-94b8-cf49449dd810,93d585d6-a604-4766-b140-2aa31784d2d6,dihydroergotamine,Ohio,Covered,,,No,No,No,0.95,https://dam.assets.ohio.gov/image/upload/medicaid.ohio.gov/PHM/unified-pdl/20251001_UPDL_v1_approved.pdf,Ohio Medicaid Preferred Drug List,Molina,Ohio_Molina_Ohio Medicaid Preferred Drug List.pdf,,,,completed
025ceb0c-d81e-49c1-b817-c78dce822d0f,2daf1ac0-7229-41f6-94b8-cf49449dd810,93d585d6-a604-4766-b140-2aa31784d2d6,MIGERGOT,Ohio,Covered,,,No,No,No,0.95,https://dam.assets.ohio.gov/image/upload/medicaid.ohio.gov/PHM/unified-pdl/20251001_UPDL_v1_approved.pdf,Ohio Medicaid Preferred Drug List,Molina,Ohio_Molina_Ohio Medicaid Preferred Drug List.pdf,,,,completed
d9dd1ba8-3356-405e-9b83-f1788750770c,2daf1ac0-7229-41f6-94b8-cf49449dd810,93d585d6-a604-4766-b140-2aa31784d2d6,REYVOW,Ohio,Covered,,,No,No,No,0.95,https://dam.assets.ohio.gov/image/upload/medicaid.ohio.gov/PHM/unified-pdl/20251001_UPDL_v1_approved.pdf,Ohio Medicaid Preferred Drug List,Molina,Ohio_Molina_Ohio Medicaid Preferred Drug List.pdf,,,,completed
f97fc327-db10-4445-955d-54e1e6c6f35b,2daf1ac0-7229-41f6-94b8-cf49449dd810,93d585d6-a604-4766-b140-2aa31784d2d6,ZAVZPRET,Ohio,Covered,,,No,No,No,0.95,https://dam.assets.ohio.gov/image/upload/medicaid.ohio.gov/PHM/unified-pdl/20251001_UPDL_v1_approved.pdf,Ohio Medicaid Preferred Drug List,Molina,Ohio_Molina_Ohio Medicaid Preferred Drug List.pdf,,,,completed
4cc75cdf-7890-4975-b3c2-403247f3cb48,2daf1ac0-7229-41f6-94b8-cf49449dd810,93d585d6-a604-4766-b140-2aa31784d2d6,ambrisentan,Ohio,Covered,PA,['PA'],Yes,No,No,0.95,https://dam.assets.ohio.gov/image/upload/medicaid.ohio.gov/PHM/unified-pdl/20251001_UPDL_v1_approved.pdf,Ohio Medicaid Preferred Drug List,Molina,Ohio_Molina_Ohio Medicaid Preferred Drug List.pdf,,,,completed
0f3683aa-a5b6-410a-953c-86507d17ad8d,2daf1ac0-7229-41f6-94b8-cf49449dd810,93d585d6-a604-4766-b140-2aa31784d2d6,bosentan,Ohio,Covered,PA,['PA'],Yes,No,No,0.95,https://dam.assets.ohio.gov/image/upload/medicaid.ohio.gov/PHM/unified-pdl/20251001_UPDL_v1_approved.pdf,Ohio Medicaid Preferred Drug List,Molina,Ohio_Molina_Ohio Medicaid Preferred Drug List.pdf,,,,completed
e4b37551-1c96-424e-8fbe-d94e1a0b88dd,2daf1ac0-7229-41f6-94b8-cf49449dd810,93d585d6-a604-4766-b140-2aa31784d2d6,sildenafil,Ohio,Covered,PA,['PA'],Yes,No,No,0.95,https://dam.assets.ohio.gov/image/upload/medicaid.ohio.gov/PHM/unified-pdl/20251001_UPDL_v1_approved.pdf,Ohio Medicaid Preferred Drug List,Molina,Ohio_Molina_Ohio Medicaid Preferred Drug List.pdf,,,,completed
fbef70d8-177a-4ddf-a0f2-ab57c11411b5,2daf1ac0-7229-41f6-94b8-cf49449dd810,93d585d6-a604-4766-b140-2aa31784d2d6,sildenafil susp,Ohio,Covered,AR PA,"['AR', 'PA']",Yes,No,No,0.95,https://dam.assets.ohio.gov/image/upload/medicaid.ohio.gov/PHM/unified-pdl/20251001_UPDL_v1_approved.pdf,Ohio Medicaid Preferred Drug List,Molina,Ohio_Molina_Ohio Medicaid Preferred Drug List.pdf,,,,completed
dab50106-8b81-4a3a-9deb-250943980eb0,2daf1ac0-7229-41f6-94b8-cf49449dd810,93d585d6-a604-4766-b140-2aa31784d2d6,tadalafil,Ohio,Covered,PA,['PA'],Yes,No,No,0.95,https://dam.assets.ohio.gov/image/upload/medicaid.ohio.gov/PHM/unified-pdl/20251001_UPDL_v1_approved.pdf,Ohio Medicaid Preferred Drug List,Molina,Ohio_Molina_Ohio Medicaid Preferred Drug List.pdf,,,,completed
dc3e3860-0d43-4b1d-b24b-c1d5fee8b217,2daf1ac0-7229-41f6-94b8-cf49449dd810,93d585d6-a604-4766-b140-2aa31784d2d6,TADLIQ,Ohio,Covered,AR PA,"['AR', 'PA']",Yes,No,No,0.95,https://dam.assets.ohio.gov/image/upload/medicaid.ohio.gov/PHM/unified-pdl/20251001_UPDL_v1_approved.pdf,Ohio Medicaid Preferred Drug List,Molina,Ohio_Molina_Ohio Medicaid Preferred Drug List.pdf,,,,completed
cf5fd55b-faa7-429c-96aa-881c91d6f69f,2daf1ac0-7229-41f6-94b8-cf49449dd810,93d585d6-a604-4766-b140-2aa31784d2d6,epoprostenol,Ohio,Covered,,,No,No,No,0.95,https://dam.assets.ohio.gov/image/upload/medicaid.ohio.gov/PHM/unified-pdl/20251001_UPDL_v1_approved.pdf,Ohio Medicaid Preferred Drug List,Molina,Ohio_Molina_Ohio Medicaid Preferred Drug List.pdf,,,,completed
e1a822f6-bfff-4523-a066-f2944091ea62,2daf1ac0-7229-41f6-94b8-cf49449dd810,93d585d6-a604-4766-b140-2aa31784d2d6,ORENITRAM,Ohio,Covered,,,No,No,No,0.95,https://dam.assets.ohio.gov/image/upload/medicaid.ohio.gov/PHM/unified-pdl/20251001_UPDL_v1_approved.pdf,Ohio Medicaid Preferred Drug List,Molina,Ohio_Molina_Ohio Medicaid Preferred Drug List.pdf,,,,completed
c20a2e65-bf0c-4407-bade-064b7a5052a4,2daf1ac0-7229-41f6-94b8-cf49449dd810,93d585d6-a604-4766-b140-2aa31784d2d6,treprostinil,Ohio,Covered,,,No,No,No,0.95,https://dam.assets.ohio.gov/image/upload/medicaid.ohio.gov/PHM/unified-pdl/20251001_UPDL_v1_approved.pdf,Ohio Medicaid Preferred Drug List,Molina,Ohio_Molina_Ohio Medicaid Preferred Drug List.pdf,,,,completed
551d3f35-82f0-478b-8777-7ebd19d7622d,2daf1ac0-7229-41f6-94b8-cf49449dd810,93d585d6-a604-4766-b140-2aa31784d2d6,TYVASO,Ohio,Covered,,,No,No,No,0.95,https://dam.assets.ohio.gov/image/upload/medicaid.ohio.gov/PHM/unified-pdl/20251001_UPDL_v1_approved.pdf,Ohio Medicaid Preferred Drug List,Molina,Ohio_Molina_Ohio Medicaid Preferred Drug List.pdf,,,,completed
97d48519-8449-499b-b39f-4ecaa9117e3c,2daf1ac0-7229-41f6-94b8-cf49449dd810,93d585d6-a604-4766-b140-2aa31784d2d6,VENTAVIS,Ohio,Covered,,,No,No,No,0.95,https://dam.assets.ohio.gov/image/upload/medicaid.ohio.gov/PHM/unified-pdl/20251001_UPDL_v1_approved.pdf,Ohio Medicaid Preferred Drug List,Molina,Ohio_Molina_Ohio Medicaid Preferred Drug List.pdf,,,,completed
4f890b36-a817-4515-84e9-cd440a5d4093,2daf1ac0-7229-41f6-94b8-cf49449dd810,93d585d6-a604-4766-b140-2aa31784d2d6,ADEMPAS,Ohio,Covered,,,No,No,No,0.95,https://dam.assets.ohio.gov/image/upload/medicaid.ohio.gov/PHM/unified-pdl/20251001_UPDL_v1_approved.pdf,Ohio Medicaid Preferred Drug List,Molina,Ohio_Molina_Ohio Medicaid Preferred Drug List.pdf,,,,completed
d1f26daa-ab22-467c-b34d-57ad26ab6211,2daf1ac0-7229-41f6-94b8-cf49449dd810,93d585d6-a604-4766-b140-2aa31784d2d6,OPSYNVI,Ohio,Covered,,,No,No,No,0.95,https://dam.assets.ohio.gov/image/upload/medicaid.ohio.gov/PHM/unified-pdl/20251001_UPDL_v1_approved.pdf,Ohio Medicaid Preferred Drug List,Molina,Ohio_Molina_Ohio Medicaid Preferred Drug List.pdf,,,,completed
6ecbf1bf-7457-476b-b8d4-0c83b6b71129,2daf1ac0-7229-41f6-94b8-cf49449dd810,93d585d6-a604-4766-b140-2aa31784d2d6,UPTRAVI,Ohio,Covered,,,No,No,No,0.95,https://dam.assets.ohio.gov/image/upload/medicaid.ohio.gov/PHM/unified-pdl/20251001_UPDL_v1_approved.pdf,Ohio Medicaid Preferred Drug List,Molina,Ohio_Molina_Ohio Medicaid Preferred Drug List.pdf,,,,completed
3be85cb4-8c5f-415f-92b4-92ea611a6a3e,2daf1ac0-7229-41f6-94b8-cf49449dd810,93d585d6-a604-4766-b140-2aa31784d2d6,WINREVAIR,Ohio,Covered,,,No,No,No,0.95,https://dam.assets.ohio.gov/image/upload/medicaid.ohio.gov/PHM/unified-pdl/20251001_UPDL_v1_approved.pdf,Ohio Medicaid Preferred Drug List,Molina,Ohio_Molina_Ohio Medicaid Preferred Drug List.pdf,,,,completed
2a92a47c-b2cb-47c7-96ca-e311a33cf8b7,2daf1ac0-7229-41f6-94b8-cf49449dd810,93d585d6-a604-4766-b140-2aa31784d2d6,OPSUMIT,Ohio,Covered,,,No,No,No,0.95,https://dam.assets.ohio.gov/image/upload/medicaid.ohio.gov/PHM/unified-pdl/20251001_UPDL_v1_approved.pdf,Ohio Medicaid Preferred Drug List,Molina,Ohio_Molina_Ohio Medicaid Preferred Drug List.pdf,,,,completed
d3cba72d-c0da-44ba-88eb-a40cde607e4a,2daf1ac0-7229-41f6-94b8-cf49449dd810,93d585d6-a604-4766-b140-2aa31784d2d6,TRACLEER SUSP,Ohio,Covered,,,No,No,No,0.95,https://dam.assets.ohio.gov/image/upload/medicaid.ohio.gov/PHM/unified-pdl/20251001_UPDL_v1_approved.pdf,Ohio Medicaid Preferred Drug List,Molina,Ohio_Molina_Ohio Medicaid Preferred Drug List.pdf,,,,completed
1c5f485b-1b0c-40b9-a354-e6d3695604b0,2daf1ac0-7229-41f6-94b8-cf49449dd810,93d585d6-a604-4766-b140-2aa31784d2d6,diazepam,Ohio,Covered,Preferred,,No,No,No,0.95,https://dam.assets.ohio.gov/image/upload/medicaid.ohio.gov/PHM/unified-pdl/20251001_UPDL_v1_approved.pdf,Ohio Medicaid Preferred Drug List,Molina,Ohio_Molina_Ohio Medicaid Preferred Drug List.pdf,,,,completed
4224a364-3495-4aeb-9bfd-510b561a73a5,2daf1ac0-7229-41f6-94b8-cf49449dd810,93d585d6-a604-4766-b140-2aa31784d2d6,LIBERVANT,Ohio,Covered,Preferred,['PA'],Yes,No,No,0.95,https://dam.assets.ohio.gov/image/upload/medicaid.ohio.gov/PHM/unified-pdl/20251001_UPDL_v1_approved.pdf,Ohio Medicaid Preferred Drug List,Molina,Ohio_Molina_Ohio Medicaid Preferred Drug List.pdf,,,,completed
f0a70b81-a9dd-4e77-b808-007e827c284e,2daf1ac0-7229-41f6-94b8-cf49449dd810,93d585d6-a604-4766-b140-2aa31784d2d6,NAYZILAM,Ohio,Covered,Preferred,['PA'],Yes,No,No,0.95,https://dam.assets.ohio.gov/image/upload/medicaid.ohio.gov/PHM/unified-pdl/20251001_UPDL_v1_approved.pdf,Ohio Medicaid Preferred Drug List,Molina,Ohio_Molina_Ohio Medicaid Preferred Drug List.pdf,,,,completed
b22208df-c961-49da-a563-3d105082f0e5,2daf1ac0-7229-41f6-94b8-cf49449dd810,93d585d6-a604-4766-b140-2aa31784d2d6,VALTOCO,Ohio,Covered,Preferred,['PA'],Yes,No,No,0.95,https://dam.assets.ohio.gov/image/upload/medicaid.ohio.gov/PHM/unified-pdl/20251001_UPDL_v1_approved.pdf,Ohio Medicaid Preferred Drug List,Molina,Ohio_Molina_Ohio Medicaid Preferred Drug List.pdf,,,,completed
bf04489b-cb3d-40e6-a7f5-6d69d8099156,2daf1ac0-7229-41f6-94b8-cf49449dd810,93d585d6-a604-4766-b140-2aa31784d2d6,valsartan,Ohio,Covered,Tier 1,,No,No,No,0.95,https://dam.assets.ohio.gov/image/upload/medicaid.ohio.gov/PHM/unified-pdl/20251001_UPDL_v1_approved.pdf,Ohio Medicaid Preferred Drug List,Molina,Ohio_Molina_Ohio Medicaid Preferred Drug List.pdf,,,,completed
d6729eda-07ab-49d6-bea5-a0909daca809,2daf1ac0-7229-41f6-94b8-cf49449dd810,93d585d6-a604-4766-b140-2aa31784d2d6,valsartan/HCTZ,Ohio,Covered,Tier 1,,No,No,No,0.95,https://dam.assets.ohio.gov/image/upload/medicaid.ohio.gov/PHM/unified-pdl/20251001_UPDL_v1_approved.pdf,Ohio Medicaid Preferred Drug List,Molina,Ohio_Molina_Ohio Medicaid Preferred Drug List.pdf,,,,completed
bae1cca0-dc36-4460-ab20-8d7e05a3474b,2daf1ac0-7229-41f6-94b8-cf49449dd810,93d585d6-a604-4766-b140-2aa31784d2d6,acebutolol,Ohio,Covered,Tier 1,,No,No,No,0.95,https://dam.assets.ohio.gov/image/upload/medicaid.ohio.gov/PHM/unified-pdl/20251001_UPDL_v1_approved.pdf,Ohio Medicaid Preferred Drug List,Molina,Ohio_Molina_Ohio Medicaid Preferred Drug List.pdf,,,,completed
ecf002e5-1800-45b2-bcbf-a9b0084386b1,2daf1ac0-7229-41f6-94b8-cf49449dd810,93d585d6-a604-4766-b140-2aa31784d2d6,atenolol,Ohio,Covered,Tier 1,,No,No,No,0.95,https://dam.assets.ohio.gov/image/upload/medicaid.ohio.gov/PHM/unified-pdl/20251001_UPDL_v1_approved.pdf,Ohio Medicaid Preferred Drug List,Molina,Ohio_Molina_Ohio Medicaid Preferred Drug List.pdf,,,,completed
df1cdcc0-ba39-4d38-97fb-c6d6bb171055,2daf1ac0-7229-41f6-94b8-cf49449dd810,93d585d6-a604-4766-b140-2aa31784d2d6,atenolol/chlorthalidone,Ohio,Covered,Tier 1,,No,No,No,0.95,https://dam.assets.ohio.gov/image/upload/medicaid.ohio.gov/PHM/unified-pdl/20251001_UPDL_v1_approved.pdf,Ohio Medicaid Preferred Drug List,Molina,Ohio_Molina_Ohio Medicaid Preferred Drug List.pdf,,,,completed
f8b93666-4b0f-4fb5-8d4a-37490e5e8dcd,2daf1ac0-7229-41f6-94b8-cf49449dd810,93d585d6-a604-4766-b140-2aa31784d2d6,betaxolol,Ohio,Covered,Tier 1,,No,No,No,0.95,https://dam.assets.ohio.gov/image/upload/medicaid.ohio.gov/PHM/unified-pdl/20251001_UPDL_v1_approved.pdf,Ohio Medicaid Preferred Drug List,Molina,Ohio_Molina_Ohio Medicaid Preferred Drug List.pdf,,,,completed
dba75ab3-db5c-4ea3-b57f-99ecf1cb7c57,2daf1ac0-7229-41f6-94b8-cf49449dd810,93d585d6-a604-4766-b140-2aa31784d2d6,"bisoprolol 5, 10mg",Ohio,Covered,Tier 1,,No,No,No,0.95,https://dam.assets.ohio.gov/image/upload/medicaid.ohio.gov/PHM/unified-pdl/20251001_UPDL_v1_approved.pdf,Ohio Medicaid Preferred Drug List,Molina,Ohio_Molina_Ohio Medicaid Preferred Drug List.pdf,,,,completed
1172c96e-78fc-4189-9b81-52382a8129b8,2daf1ac0-7229-41f6-94b8-cf49449dd810,93d585d6-a604-4766-b140-2aa31784d2d6,bisoprolol/HCTZ,Ohio,Covered,Tier 1,,No,No,No,0.95,https://dam.assets.ohio.gov/image/upload/medicaid.ohio.gov/PHM/unified-pdl/20251001_UPDL_v1_approved.pdf,Ohio Medicaid Preferred Drug List,Molina,Ohio_Molina_Ohio Medicaid Preferred Drug List.pdf,,,,completed
e9b00e0e-73fc-4ec1-8394-a9579d7e2925,2daf1ac0-7229-41f6-94b8-cf49449dd810,93d585d6-a604-4766-b140-2aa31784d2d6,carvedilol,Ohio,Covered,Tier 1,,No,No,No,0.95,https://dam.assets.ohio.gov/image/upload/medicaid.ohio.gov/PHM/unified-pdl/20251001_UPDL_v1_approved.pdf,Ohio Medicaid Preferred Drug List,Molina,Ohio_Molina_Ohio Medicaid Preferred Drug List.pdf,,,,completed
3e938dcd-03ee-4a27-b401-f610b994db8b,2daf1ac0-7229-41f6-94b8-cf49449dd810,93d585d6-a604-4766-b140-2aa31784d2d6,HEMANGEOL,Ohio,Covered,Tier 1,['PA'],Yes,No,No,0.95,https://dam.assets.ohio.gov/image/upload/medicaid.ohio.gov/PHM/unified-pdl/20251001_UPDL_v1_approved.pdf,Ohio Medicaid Preferred Drug List,Molina,Ohio_Molina_Ohio Medicaid Preferred Drug List.pdf,,,,completed
734fa655-fb51-4770-9944-9f2984b82fab,2daf1ac0-7229-41f6-94b8-cf49449dd810,93d585d6-a604-4766-b140-2aa31784d2d6,"labetalol 100, 200, 300mg",Ohio,Covered,Tier 1,,No,No,No,0.95,https://dam.assets.ohio.gov/image/upload/medicaid.ohio.gov/PHM/unified-pdl/20251001_UPDL_v1_approved.pdf,Ohio Medicaid Preferred Drug List,Molina,Ohio_Molina_Ohio Medicaid Preferred Drug List.pdf,,,,completed
11220f33-5e38-4bbb-b373-84aa284b5f6a,2daf1ac0-7229-41f6-94b8-cf49449dd810,93d585d6-a604-4766-b140-2aa31784d2d6,metoprolol succ,Ohio,Covered,Tier 1,,No,No,No,0.95,https://dam.assets.ohio.gov/image/upload/medicaid.ohio.gov/PHM/unified-pdl/20251001_UPDL_v1_approved.pdf,Ohio Medicaid Preferred Drug List,Molina,Ohio_Molina_Ohio Medicaid Preferred Drug List.pdf,,,,completed
20ce13dc-0279-4da9-b3e9-4f32ed9792b9,2daf1ac0-7229-41f6-94b8-cf49449dd810,93d585d6-a604-4766-b140-2aa31784d2d6,metoprolol tart,Ohio,Covered,Tier 1,,No,No,No,0.95,https://dam.assets.ohio.gov/image/upload/medicaid.ohio.gov/PHM/unified-pdl/20251001_UPDL_v1_approved.pdf,Ohio Medicaid Preferred Drug List,Molina,Ohio_Molina_Ohio Medicaid Preferred Drug List.pdf,,,,completed
9faf850c-1a1b-44e5-a724-f297c8b24d50,2daf1ac0-7229-41f6-94b8-cf49449dd810,93d585d6-a604-4766-b140-2aa31784d2d6,metoprolol/HCTZ,Ohio,Covered,Tier 1,,No,No,No,0.95,https://dam.assets.ohio.gov/image/upload/medicaid.ohio.gov/PHM/unified-pdl/20251001_UPDL_v1_approved.pdf,Ohio Medicaid Preferred Drug List,Molina,Ohio_Molina_Ohio Medicaid Preferred Drug List.pdf,,,,completed
5023a297-15e7-4de0-b379-811ca5040ff2,2daf1ac0-7229-41f6-94b8-cf49449dd810,93d585d6-a604-4766-b140-2aa31784d2d6,nadolol,Ohio,Covered,Tier 1,,No,No,No,0.95,https://dam.assets.ohio.gov/image/upload/medicaid.ohio.gov/PHM/unified-pdl/20251001_UPDL_v1_approved.pdf,Ohio Medicaid Preferred Drug List,Molina,Ohio_Molina_Ohio Medicaid Preferred Drug List.pdf,,,,completed
55e8db57-749b-4d8e-a781-9d04a8154549,2daf1ac0-7229-41f6-94b8-cf49449dd810,93d585d6-a604-4766-b140-2aa31784d2d6,nebivolol,Ohio,Covered,Tier 1,,No,No,No,0.95,https://dam.assets.ohio.gov/image/upload/medicaid.ohio.gov/PHM/unified-pdl/20251001_UPDL_v1_approved.pdf,Ohio Medicaid Preferred Drug List,Molina,Ohio_Molina_Ohio Medicaid Preferred Drug List.pdf,,,,completed
92b6f69d-e136-46ef-8bff-89cbdac558a7,2daf1ac0-7229-41f6-94b8-cf49449dd810,93d585d6-a604-4766-b140-2aa31784d2d6,propranolol IR,Ohio,Covered,Tier 1,,No,No,No,0.95,https://dam.assets.ohio.gov/image/upload/medicaid.ohio.gov/PHM/unified-pdl/20251001_UPDL_v1_approved.pdf,Ohio Medicaid Preferred Drug List,Molina,Ohio_Molina_Ohio Medicaid Preferred Drug List.pdf,,,,completed
3148dd3e-e9df-4627-b622-e389ff731bbc,2daf1ac0-7229-41f6-94b8-cf49449dd810,93d585d6-a604-4766-b140-2aa31784d2d6,sotalol,Ohio,Covered,Tier 1,,No,No,No,0.95,https://dam.assets.ohio.gov/image/upload/medicaid.ohio.gov/PHM/unified-pdl/20251001_UPDL_v1_approved.pdf,Ohio Medicaid Preferred Drug List,Molina,Ohio_Molina_Ohio Medicaid Preferred Drug List.pdf,,,,completed
3b444917-29a6-4339-9134-037a975dcefc,2daf1ac0-7229-41f6-94b8-cf49449dd810,93d585d6-a604-4766-b140-2aa31784d2d6,timolol,Ohio,Covered,Tier 1,,No,No,No,0.95,https://dam.assets.ohio.gov/image/upload/medicaid.ohio.gov/PHM/unified-pdl/20251001_UPDL_v1_approved.pdf,Ohio Medicaid Preferred Drug List,Molina,Ohio_Molina_Ohio Medicaid Preferred Drug List.pdf,,,,completed
a27c948e-654c-4312-a728-e69457bd1d8f,2daf1ac0-7229-41f6-94b8-cf49449dd810,93d585d6-a604-4766-b140-2aa31784d2d6,amlodipine,Ohio,Covered,Tier 1,,No,No,No,0.95,https://dam.assets.ohio.gov/image/upload/medicaid.ohio.gov/PHM/unified-pdl/20251001_UPDL_v1_approved.pdf,Ohio Medicaid Preferred Drug List,Molina,Ohio_Molina_Ohio Medicaid Preferred Drug List.pdf,,,,completed
1bc97cb0-df47-4aff-8b7a-538f659288c0,2daf1ac0-7229-41f6-94b8-cf49449dd810,93d585d6-a604-4766-b140-2aa31784d2d6,cartia,Ohio,Covered,Tier 1,,No,No,No,0.95,https://dam.assets.ohio.gov/image/upload/medicaid.ohio.gov/PHM/unified-pdl/20251001_UPDL_v1_approved.pdf,Ohio Medicaid Preferred Drug List,Molina,Ohio_Molina_Ohio Medicaid Preferred Drug List.pdf,,,,completed
feb1d23a-bb7f-48c9-ba63-32885b225fae,2daf1ac0-7229-41f6-94b8-cf49449dd810,93d585d6-a604-4766-b140-2aa31784d2d6,diltiazem,Ohio,Covered,Tier 1,,No,No,No,0.95,https://dam.assets.ohio.gov/image/upload/medicaid.ohio.gov/PHM/unified-pdl/20251001_UPDL_v1_approved.pdf,Ohio Medicaid Preferred Drug List,Molina,Ohio_Molina_Ohio Medicaid Preferred Drug List.pdf,,,,completed
3edcbd08-1cf8-4ce1-85eb-9984edbecd64,2daf1ac0-7229-41f6-94b8-cf49449dd810,93d585d6-a604-4766-b140-2aa31784d2d6,diltiazem 12HR ER,Ohio,Covered,Tier 1,,No,No,No,0.95,https://dam.assets.ohio.gov/image/upload/medicaid.ohio.gov/PHM/unified-pdl/20251001_UPDL_v1_approved.pdf,Ohio Medicaid Preferred Drug List,Molina,Ohio_Molina_Ohio Medicaid Preferred Drug List.pdf,,,,completed
2a906357-59f7-48b8-842b-7025ecc87a1e,2daf1ac0-7229-41f6-94b8-cf49449dd810,93d585d6-a604-4766-b140-2aa31784d2d6,diltiazem 24HR ER,Ohio,Covered,Tier 1,,No,No,No,0.95,https://dam.assets.ohio.gov/image/upload/medicaid.ohio.gov/PHM/unified-pdl/20251001_UPDL_v1_approved.pdf,Ohio Medicaid Preferred Drug List,Molina,Ohio_Molina_Ohio Medicaid Preferred Drug List.pdf,,,,completed
61830096-65d1-4d5d-9d08-e86aa87353e5,2daf1ac0-7229-41f6-94b8-cf49449dd810,93d585d6-a604-4766-b140-2aa31784d2d6,felodipine,Ohio,Covered,Tier 1,,No,No,No,0.95,https://dam.assets.ohio.gov/image/upload/medicaid.ohio.gov/PHM/unified-pdl/20251001_UPDL_v1_approved.pdf,Ohio Medicaid Preferred Drug List,Molina,Ohio_Molina_Ohio Medicaid Preferred Drug List.pdf,,,,completed
9bc0d2af-47c0-4d24-9c48-0819ecbc57ba,2daf1ac0-7229-41f6-94b8-cf49449dd810,93d585d6-a604-4766-b140-2aa31784d2d6,levamlodipine,Ohio,Covered,Tier 1,,No,No,No,0.95,https://dam.assets.ohio.gov/image/upload/medicaid.ohio.gov/PHM/unified-pdl/20251001_UPDL_v1_approved.pdf,Ohio Medicaid Preferred Drug List,Molina,Ohio_Molina_Ohio Medicaid Preferred Drug List.pdf,,,,completed
df46fdf5-cfa1-4ecd-8ede-6d55986e6966,2daf1ac0-7229-41f6-94b8-cf49449dd810,93d585d6-a604-4766-b140-2aa31784d2d6,nicardipine,Ohio,Covered,Tier 1,,No,No,No,0.95,https://dam.assets.ohio.gov/image/upload/medicaid.ohio.gov/PHM/unified-pdl/20251001_UPDL_v1_approved.pdf,Ohio Medicaid Preferred Drug List,Molina,Ohio_Molina_Ohio Medicaid Preferred Drug List.pdf,,,,completed
299b6e16-1797-4c79-ab8b-ab28d9736b8c,2daf1ac0-7229-41f6-94b8-cf49449dd810,93d585d6-a604-4766-b140-2aa31784d2d6,nifedipine IR,Ohio,Covered,Tier 1,,No,No,No,0.95,https://dam.assets.ohio.gov/image/upload/medicaid.ohio.gov/PHM/unified-pdl/20251001_UPDL_v1_approved.pdf,Ohio Medicaid Preferred Drug List,Molina,Ohio_Molina_Ohio Medicaid Preferred Drug List.pdf,,,,completed
d356be32-9896-436d-95a7-d3056837e4c5,2daf1ac0-7229-41f6-94b8-cf49449dd810,93d585d6-a604-4766-b140-2aa31784d2d6,"verapamil IR, ER",Ohio,Covered,Tier 1,,No,No,No,0.95,https://dam.assets.ohio.gov/image/upload/medicaid.ohio.gov/PHM/unified-pdl/20251001_UPDL_v1_approved.pdf,Ohio Medicaid Preferred Drug List,Molina,Ohio_Molina_Ohio Medicaid Preferred Drug List.pdf,,,,completed
073ebae7-5885-4190-93c1-22e52437bdbe,2daf1ac0-7229-41f6-94b8-cf49449dd810,93d585d6-a604-4766-b140-2aa31784d2d6,amiloride,Ohio,Covered,Tier 1,,No,No,No,0.95,https://dam.assets.ohio.gov/image/upload/medicaid.ohio.gov/PHM/unified-pdl/20251001_UPDL_v1_approved.pdf,Ohio Medicaid Preferred Drug List,Molina,Ohio_Molina_Ohio Medicaid Preferred Drug List.pdf,,,,completed
caa44bee-fef8-4543-8e85-568a985fe21b,2daf1ac0-7229-41f6-94b8-cf49449dd810,93d585d6-a604-4766-b140-2aa31784d2d6,amiloride/HCTZ,Ohio,Covered,Tier 1,,No,No,No,0.95,https://dam.assets.ohio.gov/image/upload/medicaid.ohio.gov/PHM/unified-pdl/20251001_UPDL_v1_approved.pdf,Ohio Medicaid Preferred Drug List,Molina,Ohio_Molina_Ohio Medicaid Preferred Drug List.pdf,,,,completed
88e46708-d091-47e8-bf49-e578515e1273,2daf1ac0-7229-41f6-94b8-cf49449dd810,93d585d6-a604-4766-b140-2aa31784d2d6,bumetanide,Ohio,Covered,Tier 1,,No,No,No,0.95,https://dam.assets.ohio.gov/image/upload/medicaid.ohio.gov/PHM/unified-pdl/20251001_UPDL_v1_approved.pdf,Ohio Medicaid Preferred Drug List,Molina,Ohio_Molina_Ohio Medicaid Preferred Drug List.pdf,,,,completed
db34a158-99e9-4a2b-86c5-71f9c61d8b71,2daf1ac0-7229-41f6-94b8-cf49449dd810,93d585d6-a604-4766-b140-2aa31784d2d6,chlorthalidone,Ohio,Covered,Tier 1,,No,No,No,0.95,https://dam.assets.ohio.gov/image/upload/medicaid.ohio.gov/PHM/unified-pdl/20251001_UPDL_v1_approved.pdf,Ohio Medicaid Preferred Drug List,Molina,Ohio_Molina_Ohio Medicaid Preferred Drug List.pdf,,,,completed
725eb8f7-beca-4edc-9060-2643cbd0caf4,2daf1ac0-7229-41f6-94b8-cf49449dd810,93d585d6-a604-4766-b140-2aa31784d2d6,bisoprolol 2.5,Ohio,Covered,Tier 1,,No,No,No,0.95,https://dam.assets.ohio.gov/image/upload/medicaid.ohio.gov/PHM/unified-pdl/20251001_UPDL_v1_approved.pdf,Ohio Medicaid Preferred Drug List,Molina,Ohio_Molina_Ohio Medicaid Preferred Drug List.pdf,,,,completed
3a1a27f2-e4f7-4976-8390-fe401524351e,2daf1ac0-7229-41f6-94b8-cf49449dd810,93d585d6-a604-4766-b140-2aa31784d2d6,INNOPRAN,Ohio,Covered,Tier 1,,No,No,No,0.95,https://dam.assets.ohio.gov/image/upload/medicaid.ohio.gov/PHM/unified-pdl/20251001_UPDL_v1_approved.pdf,Ohio Medicaid Preferred Drug List,Molina,Ohio_Molina_Ohio Medicaid Preferred Drug List.pdf,,,,completed
50606e19-309f-4bb8-8f51-107d6c3e3a31,2daf1ac0-7229-41f6-94b8-cf49449dd810,93d585d6-a604-4766-b140-2aa31784d2d6,KAPSPARGO,Ohio,Covered,Tier 1,,No,No,No,0.95,https://dam.assets.ohio.gov/image/upload/medicaid.ohio.gov/PHM/unified-pdl/20251001_UPDL_v1_approved.pdf,Ohio Medicaid Preferred Drug List,Molina,Ohio_Molina_Ohio Medicaid Preferred Drug List.pdf,,,,completed
7d4425f7-606d-487a-9d73-b55829c13d8a,2daf1ac0-7229-41f6-94b8-cf49449dd810,93d585d6-a604-4766-b140-2aa31784d2d6,labetalol 400mg,Ohio,Covered,Tier 1,,No,No,No,0.95,https://dam.assets.ohio.gov/image/upload/medicaid.ohio.gov/PHM/unified-pdl/20251001_UPDL_v1_approved.pdf,Ohio Medicaid Preferred Drug List,Molina,Ohio_Molina_Ohio Medicaid Preferred Drug List.pdf,,,,completed
4b3517db-f23d-423c-b8b2-15528fc60aa2,2daf1ac0-7229-41f6-94b8-cf49449dd810,93d585d6-a604-4766-b140-2aa31784d2d6,SOTYLIZE,Ohio,Covered,Tier 1,['PA'],Yes,No,No,0.95,https://dam.assets.ohio.gov/image/upload/medicaid.ohio.gov/PHM/unified-pdl/20251001_UPDL_v1_approved.pdf,Ohio Medicaid Preferred Drug List,Molina,Ohio_Molina_Ohio Medicaid Preferred Drug List.pdf,,,,completed
bc25fbc4-7fa6-415c-9bcc-bb9e05b89369,2daf1ac0-7229-41f6-94b8-cf49449dd810,93d585d6-a604-4766-b140-2aa31784d2d6,diltiazem 24HR ER tabs,Ohio,Covered,Tier 1,,No,No,No,0.95,https://dam.assets.ohio.gov/image/upload/medicaid.ohio.gov/PHM/unified-pdl/20251001_UPDL_v1_approved.pdf,Ohio Medicaid Preferred Drug List,Molina,Ohio_Molina_Ohio Medicaid Preferred Drug List.pdf,,,,completed
268a2143-4148-4eeb-9bca-d8053809b8b4,2daf1ac0-7229-41f6-94b8-cf49449dd810,93d585d6-a604-4766-b140-2aa31784d2d6,isradipine,Ohio,Covered,Tier 1,,No,No,No,0.95,https://dam.assets.ohio.gov/image/upload/medicaid.ohio.gov/PHM/unified-pdl/20251001_UPDL_v1_approved.pdf,Ohio Medicaid Preferred Drug List,Molina,Ohio_Molina_Ohio Medicaid Preferred Drug List.pdf,,,,completed
8934b801-cb87-4180-917c-ddf2850db78a,2daf1ac0-7229-41f6-94b8-cf49449dd810,93d585d6-a604-4766-b140-2aa31784d2d6,KATERZIA,Ohio,Covered,Tier 1,,No,No,No,0.95,https://dam.assets.ohio.gov/image/upload/medicaid.ohio.gov/PHM/unified-pdl/20251001_UPDL_v1_approved.pdf,Ohio Medicaid Preferred Drug List,Molina,Ohio_Molina_Ohio Medicaid Preferred Drug List.pdf,,,,completed
1433e6c3-70ab-4b04-a2cb-18f1cf2c3ef0,2daf1ac0-7229-41f6-94b8-cf49449dd810,93d585d6-a604-4766-b140-2aa31784d2d6,nimodipine,Ohio,Covered,Tier 1,,No,No,No,0.95,https://dam.assets.ohio.gov/image/upload/medicaid.ohio.gov/PHM/unified-pdl/20251001_UPDL_v1_approved.pdf,Ohio Medicaid Preferred Drug List,Molina,Ohio_Molina_Ohio Medicaid Preferred Drug List.pdf,,,,completed
5f780e14-d345-46e2-aed8-8f55607dca75,2daf1ac0-7229-41f6-94b8-cf49449dd810,93d585d6-a604-4766-b140-2aa31784d2d6,nisoldipine,Ohio,Covered,Tier 1,,No,No,No,0.95,https://dam.assets.ohio.gov/image/upload/medicaid.ohio.gov/PHM/unified-pdl/20251001_UPDL_v1_approved.pdf,Ohio Medicaid Preferred Drug List,Molina,Ohio_Molina_Ohio Medicaid Preferred Drug List.pdf,,,,completed
7f0ea24d-ddf7-4fcf-9adc-0ef7827dc51d,2daf1ac0-7229-41f6-94b8-cf49449dd810,93d585d6-a604-4766-b140-2aa31784d2d6,NORLIQVA,Ohio,Covered,Tier 1,,No,No,No,0.95,https://dam.assets.ohio.gov/image/upload/medicaid.ohio.gov/PHM/unified-pdl/20251001_UPDL_v1_approved.pdf,Ohio Medicaid Preferred Drug List,Molina,Ohio_Molina_Ohio Medicaid Preferred Drug List.pdf,,,,completed
13ca85b3-8c7b-4d1c-94bf-410a08038656,2daf1ac0-7229-41f6-94b8-cf49449dd810,93d585d6-a604-4766-b140-2aa31784d2d6,NYMALIZE,Ohio,Covered,Tier 1,,No,No,No,0.95,https://dam.assets.ohio.gov/image/upload/medicaid.ohio.gov/PHM/unified-pdl/20251001_UPDL_v1_approved.pdf,Ohio Medicaid Preferred Drug List,Molina,Ohio_Molina_Ohio Medicaid Preferred Drug List.pdf,,,,completed
f9142728-667e-4ddb-be0e-e801a90935b4,2daf1ac0-7229-41f6-94b8-cf49449dd810,93d585d6-a604-4766-b140-2aa31784d2d6,verapamil ER (gen of VERELAN PM),Ohio,Covered,Tier 1,,No,No,No,0.95,https://dam.assets.ohio.gov/image/upload/medicaid.ohio.gov/PHM/unified-pdl/20251001_UPDL_v1_approved.pdf,Ohio Medicaid Preferred Drug List,Molina,Ohio_Molina_Ohio Medicaid Preferred Drug List.pdf,,,,completed
0f08a37e-7f38-4d7e-bbb5-655897eeb572,2daf1ac0-7229-41f6-94b8-cf49449dd810,93d585d6-a604-4766-b140-2aa31784d2d6,aliskiren,Ohio,Covered,Tier 1,,No,No,No,0.95,https://dam.assets.ohio.gov/image/upload/medicaid.ohio.gov/PHM/unified-pdl/20251001_UPDL_v1_approved.pdf,Ohio Medicaid Preferred Drug List,Molina,Ohio_Molina_Ohio Medicaid Preferred Drug List.pdf,,,,completed
f0fa184c-1ae2-42bc-919e-9912815a4aa0,2daf1ac0-7229-41f6-94b8-cf49449dd810,93d585d6-a604-4766-b140-2aa31784d2d6,CAMZYOS,Ohio,Covered,Tier 1,,No,No,No,0.95,https://dam.assets.ohio.gov/image/upload/medicaid.ohio.gov/PHM/unified-pdl/20251001_UPDL_v1_approved.pdf,Ohio Medicaid Preferred Drug List,Molina,Ohio_Molina_Ohio Medicaid Preferred Drug List.pdf,,,,completed
32ae5360-15d8-4e3c-9f54-73939083a9c4,2daf1ac0-7229-41f6-94b8-cf49449dd810,93d585d6-a604-4766-b140-2aa31784d2d6,clonidine ER (gen of NEXICLON XR),Ohio,Covered,Tier 1,,No,No,No,0.95,https://dam.assets.ohio.gov/image/upload/medicaid.ohio.gov/PHM/unified-pdl/20251001_UPDL_v1_approved.pdf,Ohio Medicaid Preferred Drug List,Molina,Ohio_Molina_Ohio Medicaid Preferred Drug List.pdf,,,,completed
c83e7552-aeb7-4f10-ab96-352d8234a061,2daf1ac0-7229-41f6-94b8-cf49449dd810,93d585d6-a604-4766-b140-2aa31784d2d6,CORLANOR SOLN,Ohio,Covered,Tier 1,,No,No,No,0.95,https://dam.assets.ohio.gov/image/upload/medicaid.ohio.gov/PHM/unified-pdl/20251001_UPDL_v1_approved.pdf,Ohio Medicaid Preferred Drug List,Molina,Ohio_Molina_Ohio Medicaid Preferred Drug List.pdf,,,,completed
680ac63c-9484-4801-98e3-87ef073ab531,2daf1ac0-7229-41f6-94b8-cf49449dd810,93d585d6-a604-4766-b140-2aa31784d2d6,pregabalin,Ohio,Covered,Preferred,,No,No,No,0.95,https://dam.assets.ohio.gov/image/upload/medicaid.ohio.gov/PHM/unified-pdl/20251001_UPDL_v1_approved.pdf,Ohio Medicaid Preferred Drug List,Molina,Ohio_Molina_Ohio Medicaid Preferred Drug List.pdf,,,,completed
998d0a66-7e17-450e-a7f2-da19e8183b0e,2daf1ac0-7229-41f6-94b8-cf49449dd810,93d585d6-a604-4766-b140-2aa31784d2d6,SAVELLA,Ohio,Covered,Preferred,,No,No,No,0.95,https://dam.assets.ohio.gov/image/upload/medicaid.ohio.gov/PHM/unified-pdl/20251001_UPDL_v1_approved.pdf,Ohio Medicaid Preferred Drug List,Molina,Ohio_Molina_Ohio Medicaid Preferred Drug List.pdf,,,,completed
775156b1-c7aa-48f0-8082-8ece3135437b,2daf1ac0-7229-41f6-94b8-cf49449dd810,93d585d6-a604-4766-b140-2aa31784d2d6,cholestyramine light,Ohio,Covered,Preferred,,No,No,No,0.95,https://dam.assets.ohio.gov/image/upload/medicaid.ohio.gov/PHM/unified-pdl/20251001_UPDL_v1_approved.pdf,Ohio Medicaid Preferred Drug List,Molina,Ohio_Molina_Ohio Medicaid Preferred Drug List.pdf,,,,completed
4714937b-dfa2-4ee5-be46-797185eaa953,2daf1ac0-7229-41f6-94b8-cf49449dd810,93d585d6-a604-4766-b140-2aa31784d2d6,cholestyramine regular,Ohio,Covered,Preferred,,No,No,No,0.95,https://dam.assets.ohio.gov/image/upload/medicaid.ohio.gov/PHM/unified-pdl/20251001_UPDL_v1_approved.pdf,Ohio Medicaid Preferred Drug List,Molina,Ohio_Molina_Ohio Medicaid Preferred Drug List.pdf,,,,completed
e5736aa1-35fd-4e35-a1f0-15bad966f19d,2daf1ac0-7229-41f6-94b8-cf49449dd810,93d585d6-a604-4766-b140-2aa31784d2d6,colesevelam,Ohio,Covered,Preferred,,No,No,No,0.95,https://dam.assets.ohio.gov/image/upload/medicaid.ohio.gov/PHM/unified-pdl/20251001_UPDL_v1_approved.pdf,Ohio Medicaid Preferred Drug List,Molina,Ohio_Molina_Ohio Medicaid Preferred Drug List.pdf,,,,completed
ea8cc5c4-dcbb-4be3-b7ed-729d8033fa8f,2daf1ac0-7229-41f6-94b8-cf49449dd810,93d585d6-a604-4766-b140-2aa31784d2d6,colestipol,Ohio,Covered,Preferred,,No,No,No,0.95,https://dam.assets.ohio.gov/image/upload/medicaid.ohio.gov/PHM/unified-pdl/20251001_UPDL_v1_approved.pdf,Ohio Medicaid Preferred Drug List,Molina,Ohio_Molina_Ohio Medicaid Preferred Drug List.pdf,,,,completed
3242f03e-dff9-4b07-ba5c-a5453c86d7cb,2daf1ac0-7229-41f6-94b8-cf49449dd810,93d585d6-a604-4766-b140-2aa31784d2d6,prevalite,Ohio,Covered,Preferred,,No,No,No,0.95,https://dam.assets.ohio.gov/image/upload/medicaid.ohio.gov/PHM/unified-pdl/20251001_UPDL_v1_approved.pdf,Ohio Medicaid Preferred Drug List,Molina,Ohio_Molina_Ohio Medicaid Preferred Drug List.pdf,,,,completed
050f2dfb-5bdb-4c62-b09d-8219e6796a0a,2daf1ac0-7229-41f6-94b8-cf49449dd810,93d585d6-a604-4766-b140-2aa31784d2d6,colesevelam packet,Ohio,Covered,Non-Preferred,,No,No,No,0.95,https://dam.assets.ohio.gov/image/upload/medicaid.ohio.gov/PHM/unified-pdl/20251001_UPDL_v1_approved.pdf,Ohio Medicaid Preferred Drug List,Molina,Ohio_Molina_Ohio Medicaid Preferred Drug List.pdf,,,,completed
e83b8623-11fa-44b1-b35e-2db12329c232,2daf1ac0-7229-41f6-94b8-cf49449dd810,93d585d6-a604-4766-b140-2aa31784d2d6,colestipol granules,Ohio,Covered,Non-Preferred,,No,No,No,0.95,https://dam.assets.ohio.gov/image/upload/medicaid.ohio.gov/PHM/unified-pdl/20251001_UPDL_v1_approved.pdf,Ohio Medicaid Preferred Drug List,Molina,Ohio_Molina_Ohio Medicaid Preferred Drug List.pdf,,,,completed
ab13bb7d-8305-4eda-8280-a0ae47bf1241,2daf1ac0-7229-41f6-94b8-cf49449dd810,93d585d6-a604-4766-b140-2aa31784d2d6,fenofibrate 48,Ohio,Covered,Preferred,,No,No,No,0.95,https://dam.assets.ohio.gov/image/upload/medicaid.ohio.gov/PHM/unified-pdl/20251001_UPDL_v1_approved.pdf,Ohio Medicaid Preferred Drug List,Molina,Ohio_Molina_Ohio Medicaid Preferred Drug List.pdf,,,,completed
4f552aff-ff6b-4c72-b29d-e31408646e5a,2daf1ac0-7229-41f6-94b8-cf49449dd810,93d585d6-a604-4766-b140-2aa31784d2d6,fenofibrate 54,Ohio,Covered,Preferred,,No,No,No,0.95,https://dam.assets.ohio.gov/image/upload/medicaid.ohio.gov/PHM/unified-pdl/20251001_UPDL_v1_approved.pdf,Ohio Medicaid Preferred Drug List,Molina,Ohio_Molina_Ohio Medicaid Preferred Drug List.pdf,,,,completed
b781cfd6-11a5-4781-abfa-6645858e88a0,2daf1ac0-7229-41f6-94b8-cf49449dd810,93d585d6-a604-4766-b140-2aa31784d2d6,fenofibrate 145,Ohio,Covered,Preferred,,No,No,No,0.95,https://dam.assets.ohio.gov/image/upload/medicaid.ohio.gov/PHM/unified-pdl/20251001_UPDL_v1_approved.pdf,Ohio Medicaid Preferred Drug List,Molina,Ohio_Molina_Ohio Medicaid Preferred Drug List.pdf,,,,completed
7ccfc635-4142-4294-b7d3-b62e80154933,2daf1ac0-7229-41f6-94b8-cf49449dd810,93d585d6-a604-4766-b140-2aa31784d2d6,fenofibrate 160mg,Ohio,Covered,Preferred,,No,No,No,0.95,https://dam.assets.ohio.gov/image/upload/medicaid.ohio.gov/PHM/unified-pdl/20251001_UPDL_v1_approved.pdf,Ohio Medicaid Preferred Drug List,Molina,Ohio_Molina_Ohio Medicaid Preferred Drug List.pdf,,,,completed
b050c3c2-7dd1-4d5d-99e8-15c48491a673,2daf1ac0-7229-41f6-94b8-cf49449dd810,93d585d6-a604-4766-b140-2aa31784d2d6,gemfibrozil,Ohio,Covered,Preferred,,No,No,No,0.95,https://dam.assets.ohio.gov/image/upload/medicaid.ohio.gov/PHM/unified-pdl/20251001_UPDL_v1_approved.pdf,Ohio Medicaid Preferred Drug List,Molina,Ohio_Molina_Ohio Medicaid Preferred Drug List.pdf,,,,completed
17fdc91d-3263-46fa-bf04-ebdc414e7e34,2daf1ac0-7229-41f6-94b8-cf49449dd810,93d585d6-a604-4766-b140-2aa31784d2d6,fenofibrate,Ohio,Covered,Non-Preferred,,No,No,No,0.95,https://dam.assets.ohio.gov/image/upload/medicaid.ohio.gov/PHM/unified-pdl/20251001_UPDL_v1_approved.pdf,Ohio Medicaid Preferred Drug List,Molina,Ohio_Molina_Ohio Medicaid Preferred Drug List.pdf,,,,completed
a47584cc-9b54-4cb7-9718-e171a8fce4a2,2daf1ac0-7229-41f6-94b8-cf49449dd810,93d585d6-a604-4766-b140-2aa31784d2d6,fenofibrate DR,Ohio,Covered,Non-Preferred,,No,No,No,0.95,https://dam.assets.ohio.gov/image/upload/medicaid.ohio.gov/PHM/unified-pdl/20251001_UPDL_v1_approved.pdf,Ohio Medicaid Preferred Drug List,Molina,Ohio_Molina_Ohio Medicaid Preferred Drug List.pdf,,,,completed
ded49e5c-455c-4ee2-af0d-18454ae0cee8,2daf1ac0-7229-41f6-94b8-cf49449dd810,93d585d6-a604-4766-b140-2aa31784d2d6,fenofibrate 40,Ohio,Covered,Non-Preferred,,No,No,No,0.95,https://dam.assets.ohio.gov/image/upload/medicaid.ohio.gov/PHM/unified-pdl/20251001_UPDL_v1_approved.pdf,Ohio Medicaid Preferred Drug List,Molina,Ohio_Molina_Ohio Medicaid Preferred Drug List.pdf,,,,completed
ff38d719-f3e7-45e5-804b-30f523badbf1,2daf1ac0-7229-41f6-94b8-cf49449dd810,93d585d6-a604-4766-b140-2aa31784d2d6,fenofibrate 120mg,Ohio,Covered,Non-Preferred,,No,No,No,0.95,https://dam.assets.ohio.gov/image/upload/medicaid.ohio.gov/PHM/unified-pdl/20251001_UPDL_v1_approved.pdf,Ohio Medicaid Preferred Drug List,Molina,Ohio_Molina_Ohio Medicaid Preferred Drug List.pdf,,,,completed
95209407-840c-4dd2-9425-10aa59e418ea,2daf1ac0-7229-41f6-94b8-cf49449dd810,93d585d6-a604-4766-b140-2aa31784d2d6,fenofibric acid,Ohio,Covered,Non-Preferred,,No,No,No,0.95,https://dam.assets.ohio.gov/image/upload/medicaid.ohio.gov/PHM/unified-pdl/20251001_UPDL_v1_approved.pdf,Ohio Medicaid Preferred Drug List,Molina,Ohio_Molina_Ohio Medicaid Preferred Drug List.pdf,,,,completed
ff08ec90-d638-41b1-a6dc-a3a8af667914,2daf1ac0-7229-41f6-94b8-cf49449dd810,93d585d6-a604-4766-b140-2aa31784d2d6,PRALUENT,Ohio,Covered,Preferred,['PA'],Yes,No,No,0.95,https://dam.assets.ohio.gov/image/upload/medicaid.ohio.gov/PHM/unified-pdl/20251001_UPDL_v1_approved.pdf,Ohio Medicaid Preferred Drug List,Molina,Ohio_Molina_Ohio Medicaid Preferred Drug List.pdf,,,,completed
46b741ab-ca06-4c86-a1ee-1d9807710592,2daf1ac0-7229-41f6-94b8-cf49449dd810,93d585d6-a604-4766-b140-2aa31784d2d6,REPATHA,Ohio,Covered,Preferred,['PA'],Yes,No,No,0.95,https://dam.assets.ohio.gov/image/upload/medicaid.ohio.gov/PHM/unified-pdl/20251001_UPDL_v1_approved.pdf,Ohio Medicaid Preferred Drug List,Molina,Ohio_Molina_Ohio Medicaid Preferred Drug List.pdf,,,,completed
287ccc36-02a6-4ede-9e69-fefedf12fa4d,2daf1ac0-7229-41f6-94b8-cf49449dd810,93d585d6-a604-4766-b140-2aa31784d2d6,atorvastatin,Ohio,Covered,Preferred,,No,No,No,0.95,https://dam.assets.ohio.gov/image/upload/medicaid.ohio.gov/PHM/unified-pdl/20251001_UPDL_v1_approved.pdf,Ohio Medicaid Preferred Drug List,Molina,Ohio_Molina_Ohio Medicaid Preferred Drug List.pdf,,,,completed
57f92453-946d-4518-b867-5d0a3d86e481,2daf1ac0-7229-41f6-94b8-cf49449dd810,93d585d6-a604-4766-b140-2aa31784d2d6,ezetimibe/simvastatin,Ohio,Covered,Preferred,,No,No,No,0.95,https://dam.assets.ohio.gov/image/upload/medicaid.ohio.gov/PHM/unified-pdl/20251001_UPDL_v1_approved.pdf,Ohio Medicaid Preferred Drug List,Molina,Ohio_Molina_Ohio Medicaid Preferred Drug List.pdf,,,,completed
c3085030-a9ab-40d8-8c32-4d756ce06b3b,2daf1ac0-7229-41f6-94b8-cf49449dd810,93d585d6-a604-4766-b140-2aa31784d2d6,lovastatin,Ohio,Covered,Preferred,,No,No,No,0.95,https://dam.assets.ohio.gov/image/upload/medicaid.ohio.gov/PHM/unified-pdl/20251001_UPDL_v1_approved.pdf,Ohio Medicaid Preferred Drug List,Molina,Ohio_Molina_Ohio Medicaid Preferred Drug List.pdf,,,,completed
cff498c3-0e6d-41c7-870a-0bca1b416175,2daf1ac0-7229-41f6-94b8-cf49449dd810,93d585d6-a604-4766-b140-2aa31784d2d6,pravastatin,Ohio,Covered,Preferred,,No,No,No,0.95,https://dam.assets.ohio.gov/image/upload/medicaid.ohio.gov/PHM/unified-pdl/20251001_UPDL_v1_approved.pdf,Ohio Medicaid Preferred Drug List,Molina,Ohio_Molina_Ohio Medicaid Preferred Drug List.pdf,,,,completed
42aadf9a-827f-49fe-a0bc-71f618d4010d,2daf1ac0-7229-41f6-94b8-cf49449dd810,93d585d6-a604-4766-b140-2aa31784d2d6,rosuvastatin,Ohio,Covered,Preferred,,No,No,No,0.95,https://dam.assets.ohio.gov/image/upload/medicaid.ohio.gov/PHM/unified-pdl/20251001_UPDL_v1_approved.pdf,Ohio Medicaid Preferred Drug List,Molina,Ohio_Molina_Ohio Medicaid Preferred Drug List.pdf,,,,completed
b170a3cb-17bd-46ea-b0ec-436916bde717,2daf1ac0-7229-41f6-94b8-cf49449dd810,93d585d6-a604-4766-b140-2aa31784d2d6,simvastatin,Ohio,Covered,Preferred,,No,No,No,0.95,https://dam.assets.ohio.gov/image/upload/medicaid.ohio.gov/PHM/unified-pdl/20251001_UPDL_v1_approved.pdf,Ohio Medicaid Preferred Drug List,Molina,Ohio_Molina_Ohio Medicaid Preferred Drug List.pdf,,,,completed
9b2cecc2-0414-4683-8aaa-cc99482063ef,2daf1ac0-7229-41f6-94b8-cf49449dd810,93d585d6-a604-4766-b140-2aa31784d2d6,ALTOPREV,Ohio,Covered,Non-Preferred,,No,No,No,0.95,https://dam.assets.ohio.gov/image/upload/medicaid.ohio.gov/PHM/unified-pdl/20251001_UPDL_v1_approved.pdf,Ohio Medicaid Preferred Drug List,Molina,Ohio_Molina_Ohio Medicaid Preferred Drug List.pdf,,,,completed
703aab7a-9ef8-4c99-b6cf-c372f9f935eb,2daf1ac0-7229-41f6-94b8-cf49449dd810,93d585d6-a604-4766-b140-2aa31784d2d6,amlodipine/atorvastatin,Ohio,Covered,Non-Preferred,,No,No,No,0.95,https://dam.assets.ohio.gov/image/upload/medicaid.ohio.gov/PHM/unified-pdl/20251001_UPDL_v1_approved.pdf,Ohio Medicaid Preferred Drug List,Molina,Ohio_Molina_Ohio Medicaid Preferred Drug List.pdf,,,,completed
bdecbd11-b75b-4a00-96fa-ef565d317ea5,2daf1ac0-7229-41f6-94b8-cf49449dd810,93d585d6-a604-4766-b140-2aa31784d2d6,ATORVALIQ,Ohio,Covered,Non-Preferred,,No,No,No,0.95,https://dam.assets.ohio.gov/image/upload/medicaid.ohio.gov/PHM/unified-pdl/20251001_UPDL_v1_approved.pdf,Ohio Medicaid Preferred Drug List,Molina,Ohio_Molina_Ohio Medicaid Preferred Drug List.pdf,,,,completed
6da949fb-79d7-44f3-8199-f2c89bccad6f,2daf1ac0-7229-41f6-94b8-cf49449dd810,93d585d6-a604-4766-b140-2aa31784d2d6,EZALLOR,Ohio,Covered,Non-Preferred,,No,No,No,0.95,https://dam.assets.ohio.gov/image/upload/medicaid.ohio.gov/PHM/unified-pdl/20251001_UPDL_v1_approved.pdf,Ohio Medicaid Preferred Drug List,Molina,Ohio_Molina_Ohio Medicaid Preferred Drug List.pdf,,,,completed
362fd987-bd13-4710-b720-3899dfe864a5,2daf1ac0-7229-41f6-94b8-cf49449dd810,93d585d6-a604-4766-b140-2aa31784d2d6,fluvastatin,Ohio,Covered,Non-Preferred,,No,No,No,0.95,https://dam.assets.ohio.gov/image/upload/medicaid.ohio.gov/PHM/unified-pdl/20251001_UPDL_v1_approved.pdf,Ohio Medicaid Preferred Drug List,Molina,Ohio_Molina_Ohio Medicaid Preferred Drug List.pdf,,,,completed
d2f98efd-840d-4f3b-8476-9b8a2689858b,2daf1ac0-7229-41f6-94b8-cf49449dd810,93d585d6-a604-4766-b140-2aa31784d2d6,pitavastatin,Ohio,Covered,Non-Preferred,,No,No,No,0.95,https://dam.assets.ohio.gov/image/upload/medicaid.ohio.gov/PHM/unified-pdl/20251001_UPDL_v1_approved.pdf,Ohio Medicaid Preferred Drug List,Molina,Ohio_Molina_Ohio Medicaid Preferred Drug List.pdf,,,,completed
5c976e92-186f-48cf-8060-e4cc66e8c81c,2daf1ac0-7229-41f6-94b8-cf49449dd810,93d585d6-a604-4766-b140-2aa31784d2d6,ZYPITAMAG,Ohio,Covered,Non-Preferred,,No,No,No,0.95,https://dam.assets.ohio.gov/image/upload/medicaid.ohio.gov/PHM/unified-pdl/20251001_UPDL_v1_approved.pdf,Ohio Medicaid Preferred Drug List,Molina,Ohio_Molina_Ohio Medicaid Preferred Drug List.pdf,,,,completed
d2965b42-f02f-47ec-a7c4-70445d2888a5,2daf1ac0-7229-41f6-94b8-cf49449dd810,93d585d6-a604-4766-b140-2aa31784d2d6,ezetimibe,Ohio,Covered,Other,,No,No,No,0.95,https://dam.assets.ohio.gov/image/upload/medicaid.ohio.gov/PHM/unified-pdl/20251001_UPDL_v1_approved.pdf,Ohio Medicaid Preferred Drug List,Molina,Ohio_Molina_Ohio Medicaid Preferred Drug List.pdf,,,,completed
504e331e-c128-4eee-8896-c3f3e4502f3d,2daf1ac0-7229-41f6-94b8-cf49449dd810,93d585d6-a604-4766-b140-2aa31784d2d6,niacin,Ohio,Covered,Other,,No,No,No,0.95,https://dam.assets.ohio.gov/image/upload/medicaid.ohio.gov/PHM/unified-pdl/20251001_UPDL_v1_approved.pdf,Ohio Medicaid Preferred Drug List,Molina,Ohio_Molina_Ohio Medicaid Preferred Drug List.pdf,,,,completed
5b83b284-b774-44d8-b55f-cc153580aa11,2daf1ac0-7229-41f6-94b8-cf49449dd810,93d585d6-a604-4766-b140-2aa31784d2d6,niacin ER,Ohio,Covered,Other,,No,No,No,0.95,https://dam.assets.ohio.gov/image/upload/medicaid.ohio.gov/PHM/unified-pdl/20251001_UPDL_v1_approved.pdf,Ohio Medicaid Preferred Drug List,Molina,Ohio_Molina_Ohio Medicaid Preferred Drug List.pdf,,,,completed
11e1a5f7-5efb-4186-bb80-c1be15af569a,2daf1ac0-7229-41f6-94b8-cf49449dd810,93d585d6-a604-4766-b140-2aa31784d2d6,omega-3-acid ethyl esters,Ohio,Covered,Other,,No,No,No,0.95,https://dam.assets.ohio.gov/image/upload/medicaid.ohio.gov/PHM/unified-pdl/20251001_UPDL_v1_approved.pdf,Ohio Medicaid Preferred Drug List,Molina,Ohio_Molina_Ohio Medicaid Preferred Drug List.pdf,,,,completed
48759422-6e3d-4379-abd8-fe35bd8cbab2,2daf1ac0-7229-41f6-94b8-cf49449dd810,93d585d6-a604-4766-b140-2aa31784d2d6,icosapent ethyl,Ohio,Covered,Non-Preferred,,No,No,No,0.95,https://dam.assets.ohio.gov/image/upload/medicaid.ohio.gov/PHM/unified-pdl/20251001_UPDL_v1_approved.pdf,Ohio Medicaid Preferred Drug List,Molina,Ohio_Molina_Ohio Medicaid Preferred Drug List.pdf,,,,completed
53e23a74-8ec9-48c0-bb76-644bdbfe5edb,2daf1ac0-7229-41f6-94b8-cf49449dd810,93d585d6-a604-4766-b140-2aa31784d2d6,JUXTAPID,Ohio,Covered,Non-Preferred,,No,No,No,0.95,https://dam.assets.ohio.gov/image/upload/medicaid.ohio.gov/PHM/unified-pdl/20251001_UPDL_v1_approved.pdf,Ohio Medicaid Preferred Drug List,Molina,Ohio_Molina_Ohio Medicaid Preferred Drug List.pdf,,,,completed
72c15384-811e-4c4f-b7b4-141fb9b0e241,2daf1ac0-7229-41f6-94b8-cf49449dd810,93d585d6-a604-4766-b140-2aa31784d2d6,NEXLETOL,Ohio,Covered,Non-Preferred,,No,No,No,0.95,https://dam.assets.ohio.gov/image/upload/medicaid.ohio.gov/PHM/unified-pdl/20251001_UPDL_v1_approved.pdf,Ohio Medicaid Preferred Drug List,Molina,Ohio_Molina_Ohio Medicaid Preferred Drug List.pdf,,,,completed
10bba576-6e85-4a98-b50f-5a1d59abb614,2daf1ac0-7229-41f6-94b8-cf49449dd810,93d585d6-a604-4766-b140-2aa31784d2d6,NEXLIZET,Ohio,Covered,Non-Preferred,,No,No,No,0.95,https://dam.assets.ohio.gov/image/upload/medicaid.ohio.gov/PHM/unified-pdl/20251001_UPDL_v1_approved.pdf,Ohio Medicaid Preferred Drug List,Molina,Ohio_Molina_Ohio Medicaid Preferred Drug List.pdf,,,,completed
9a603919-0f7d-4546-9207-a5637492071b,2daf1ac0-7229-41f6-94b8-cf49449dd810,93d585d6-a604-4766-b140-2aa31784d2d6,niacin ER,Ohio,Covered,Non-Preferred,,No,No,No,0.95,https://dam.assets.ohio.gov/image/upload/medicaid.ohio.gov/PHM/unified-pdl/20251001_UPDL_v1_approved.pdf,Ohio Medicaid Preferred Drug List,Molina,Ohio_Molina_Ohio Medicaid Preferred Drug List.pdf,,,,completed
ab743638-819d-409a-9bc2-e2822cf089eb,2daf1ac0-7229-41f6-94b8-cf49449dd810,93d585d6-a604-4766-b140-2aa31784d2d6,AUSTEDO,Ohio,Covered,PA ST,"['PA', 'ST']",Yes,Yes,No,0.95,https://dam.assets.ohio.gov/image/upload/medicaid.ohio.gov/PHM/unified-pdl/20251001_UPDL_v1_approved.pdf,Ohio Medicaid Preferred Drug List,Molina,Ohio_Molina_Ohio Medicaid Preferred Drug List.pdf,,,,completed
30092571-0502-4f59-94bd-e9ed755b8e04,2daf1ac0-7229-41f6-94b8-cf49449dd810,93d585d6-a604-4766-b140-2aa31784d2d6,INGREZZA,Ohio,Covered,PA ST,"['PA', 'ST']",Yes,Yes,No,0.95,https://dam.assets.ohio.gov/image/upload/medicaid.ohio.gov/PHM/unified-pdl/20251001_UPDL_v1_approved.pdf,Ohio Medicaid Preferred Drug List,Molina,Ohio_Molina_Ohio Medicaid Preferred Drug List.pdf,,,,completed
d5c80308-40b7-4335-8ae7-a3d3149c2860,2daf1ac0-7229-41f6-94b8-cf49449dd810,93d585d6-a604-4766-b140-2aa31784d2d6,tetrabenazine,Ohio,Covered,,,No,No,No,0.95,https://dam.assets.ohio.gov/image/upload/medicaid.ohio.gov/PHM/unified-pdl/20251001_UPDL_v1_approved.pdf,Ohio Medicaid Preferred Drug List,Molina,Ohio_Molina_Ohio Medicaid Preferred Drug List.pdf,,,,completed
c7b25d6e-7b65-431e-a670-3927062bd4fb,2daf1ac0-7229-41f6-94b8-cf49449dd810,93d585d6-a604-4766-b140-2aa31784d2d6,BRIXADI,Ohio,Covered,Preferred Agent,,No,No,No,0.95,https://dam.assets.ohio.gov/image/upload/medicaid.ohio.gov/PHM/unified-pdl/20251001_UPDL_v1_approved.pdf,Ohio Medicaid Preferred Drug List,Molina,Ohio_Molina_Ohio Medicaid Preferred Drug List.pdf,,,,completed
519ef06a-a0e7-4194-818c-22335a0ada43,2daf1ac0-7229-41f6-94b8-cf49449dd810,93d585d6-a604-4766-b140-2aa31784d2d6,buprenorphine/naloxone,Ohio,Covered,Preferred Agent,,No,No,No,0.95,https://dam.assets.ohio.gov/image/upload/medicaid.ohio.gov/PHM/unified-pdl/20251001_UPDL_v1_approved.pdf,Ohio Medicaid Preferred Drug List,Molina,Ohio_Molina_Ohio Medicaid Preferred Drug List.pdf,,,,completed
b80cf762-b789-4c61-a6f4-3005457d9d99,2daf1ac0-7229-41f6-94b8-cf49449dd810,93d585d6-a604-4766-b140-2aa31784d2d6,clonidine IR,Ohio,Covered,Preferred Agent,,No,No,No,0.95,https://dam.assets.ohio.gov/image/upload/medicaid.ohio.gov/PHM/unified-pdl/20251001_UPDL_v1_approved.pdf,Ohio Medicaid Preferred Drug List,Molina,Ohio_Molina_Ohio Medicaid Preferred Drug List.pdf,,,,completed
e20ad76c-03c5-42ae-83cd-e8a14bebae33,2daf1ac0-7229-41f6-94b8-cf49449dd810,93d585d6-a604-4766-b140-2aa31784d2d6,SUBLOCADE,Ohio,Covered,Preferred Agent,,No,No,No,0.95,https://dam.assets.ohio.gov/image/upload/medicaid.ohio.gov/PHM/unified-pdl/20251001_UPDL_v1_approved.pdf,Ohio Medicaid Preferred Drug List,Molina,Ohio_Molina_Ohio Medicaid Preferred Drug List.pdf,,,,completed
c00db05e-142e-4fea-86e1-9c4cca75460b,2daf1ac0-7229-41f6-94b8-cf49449dd810,93d585d6-a604-4766-b140-2aa31784d2d6,SUBOXONE,Ohio,Covered,Preferred Agent,,No,No,No,0.95,https://dam.assets.ohio.gov/image/upload/medicaid.ohio.gov/PHM/unified-pdl/20251001_UPDL_v1_approved.pdf,Ohio Medicaid Preferred Drug List,Molina,Ohio_Molina_Ohio Medicaid Preferred Drug List.pdf,,,,completed
83018204-12ba-4e14-9fad-d9dc52af579a,2daf1ac0-7229-41f6-94b8-cf49449dd810,93d585d6-a604-4766-b140-2aa31784d2d6,VIVITROL,Ohio,Covered,Preferred Agent,,No,No,No,0.95,https://dam.assets.ohio.gov/image/upload/medicaid.ohio.gov/PHM/unified-pdl/20251001_UPDL_v1_approved.pdf,Ohio Medicaid Preferred Drug List,Molina,Ohio_Molina_Ohio Medicaid Preferred Drug List.pdf,,,,completed
b3a43bb7-5a9c-4c66-818f-e2fafbc5d452,2daf1ac0-7229-41f6-94b8-cf49449dd810,93d585d6-a604-4766-b140-2aa31784d2d6,ZUBSOLV,Ohio,Covered,Preferred Agent,,No,No,No,0.95,https://dam.assets.ohio.gov/image/upload/medicaid.ohio.gov/PHM/unified-pdl/20251001_UPDL_v1_approved.pdf,Ohio Medicaid Preferred Drug List,Molina,Ohio_Molina_Ohio Medicaid Preferred Drug List.pdf,,,,completed
95aaf8aa-62de-4d67-987b-56f426361b66,2daf1ac0-7229-41f6-94b8-cf49449dd810,93d585d6-a604-4766-b140-2aa31784d2d6,buprenorphine,Ohio,Covered,Non-Preferred Agent,['PA'],Yes,No,No,0.95,https://dam.assets.ohio.gov/image/upload/medicaid.ohio.gov/PHM/unified-pdl/20251001_UPDL_v1_approved.pdf,Ohio Medicaid Preferred Drug List,Molina,Ohio_Molina_Ohio Medicaid Preferred Drug List.pdf,,,,completed
1bc41f8a-12f7-4f30-8a7b-2247f2a051d1,2daf1ac0-7229-41f6-94b8-cf49449dd810,93d585d6-a604-4766-b140-2aa31784d2d6,LUCEMYRA,Ohio,Covered,Non-Preferred Agent,['PA'],Yes,No,No,0.95,https://dam.assets.ohio.gov/image/upload/medicaid.ohio.gov/PHM/unified-pdl/20251001_UPDL_v1_approved.pdf,Ohio Medicaid Preferred Drug List,Molina,Ohio_Molina_Ohio Medicaid Preferred Drug List.pdf,,,,completed
0260838c-d194-4452-b121-8bfc3b8e2807,2daf1ac0-7229-41f6-94b8-cf49449dd810,93d585d6-a604-4766-b140-2aa31784d2d6,HORIZANT,Ohio,Covered,,,No,No,No,0.95,https://dam.assets.ohio.gov/image/upload/medicaid.ohio.gov/PHM/unified-pdl/20251001_UPDL_v1_approved.pdf,Ohio Medicaid Preferred Drug List,Molina,Ohio_Molina_Ohio Medicaid Preferred Drug List.pdf,,,,completed
7feb4717-fb75-43af-b412-b2f79986aed9,2daf1ac0-7229-41f6-94b8-cf49449dd810,93d585d6-a604-4766-b140-2aa31784d2d6,pramipexole,Ohio,Covered,,,No,No,No,0.95,https://dam.assets.ohio.gov/image/upload/medicaid.ohio.gov/PHM/unified-pdl/20251001_UPDL_v1_approved.pdf,Ohio Medicaid Preferred Drug List,Molina,Ohio_Molina_Ohio Medicaid Preferred Drug List.pdf,,,,completed
6ee309eb-b6f3-4010-a15b-5148ed37d104,2daf1ac0-7229-41f6-94b8-cf49449dd810,93d585d6-a604-4766-b140-2aa31784d2d6,ropinirole,Ohio,Covered,,,No,No,No,0.95,https://dam.assets.ohio.gov/image/upload/medicaid.ohio.gov/PHM/unified-pdl/20251001_UPDL_v1_approved.pdf,Ohio Medicaid Preferred Drug List,Molina,Ohio_Molina_Ohio Medicaid Preferred Drug List.pdf,,,,completed
894c5d1c-ed6c-4e00-9e66-9f4b39b8bee3,2daf1ac0-7229-41f6-94b8-cf49449dd810,93d585d6-a604-4766-b140-2aa31784d2d6,NEUPRO,Ohio,Covered,,['PA'],Yes,No,No,0.95,https://dam.assets.ohio.gov/image/upload/medicaid.ohio.gov/PHM/unified-pdl/20251001_UPDL_v1_approved.pdf,Ohio Medicaid Preferred Drug List,Molina,Ohio_Molina_Ohio Medicaid Preferred Drug List.pdf,,,,completed
978564bd-4764-4745-849e-f74d16258223,2daf1ac0-7229-41f6-94b8-cf49449dd810,93d585d6-a604-4766-b140-2aa31784d2d6,amphetamine/ dextroamphetamine IR/ER,Ohio,Covered,Preferred Agents,['AR'],No,No,No,0.95,https://dam.assets.ohio.gov/image/upload/medicaid.ohio.gov/PHM/unified-pdl/20251001_UPDL_v1_approved.pdf,Ohio Medicaid Preferred Drug List,Molina,Ohio_Molina_Ohio Medicaid Preferred Drug List.pdf,,,,completed
96d0bf2b-cb10-4841-a664-020111e0deed,2daf1ac0-7229-41f6-94b8-cf49449dd810,93d585d6-a604-4766-b140-2aa31784d2d6,amodafinil,Ohio,Covered,Preferred Agents,,No,No,No,0.95,https://dam.assets.ohio.gov/image/upload/medicaid.ohio.gov/PHM/unified-pdl/20251001_UPDL_v1_approved.pdf,Ohio Medicaid Preferred Drug List,Molina,Ohio_Molina_Ohio Medicaid Preferred Drug List.pdf,,,,completed
89b58925-9f76-49a6-9c14-f5692587366d,2daf1ac0-7229-41f6-94b8-cf49449dd810,93d585d6-a604-4766-b140-2aa31784d2d6,dextroamphetamine,Ohio,Covered,Preferred Agents,['AR'],No,No,No,0.95,https://dam.assets.ohio.gov/image/upload/medicaid.ohio.gov/PHM/unified-pdl/20251001_UPDL_v1_approved.pdf,Ohio Medicaid Preferred Drug List,Molina,Ohio_Molina_Ohio Medicaid Preferred Drug List.pdf,,,,completed
bb912406-7f61-4ebb-b958-69e01e54c89a,2daf1ac0-7229-41f6-94b8-cf49449dd810,93d585d6-a604-4766-b140-2aa31784d2d6,methylphenidate,Ohio,Covered,Preferred Agents,,No,No,No,0.95,https://dam.assets.ohio.gov/image/upload/medicaid.ohio.gov/PHM/unified-pdl/20251001_UPDL_v1_approved.pdf,Ohio Medicaid Preferred Drug List,Molina,Ohio_Molina_Ohio Medicaid Preferred Drug List.pdf,,,,completed
1b908583-beee-46c8-b1c7-74ad7231b7a7,2daf1ac0-7229-41f6-94b8-cf49449dd810,93d585d6-a604-4766-b140-2aa31784d2d6,modafinil,Ohio,Covered,Preferred Agents,,No,No,No,0.95,https://dam.assets.ohio.gov/image/upload/medicaid.ohio.gov/PHM/unified-pdl/20251001_UPDL_v1_approved.pdf,Ohio Medicaid Preferred Drug List,Molina,Ohio_Molina_Ohio Medicaid Preferred Drug List.pdf,,,,completed
eb0b1522-4a28-42d2-b60c-cef6af912e45,2daf1ac0-7229-41f6-94b8-cf49449dd810,93d585d6-a604-4766-b140-2aa31784d2d6,SUNOSI,Ohio,Covered,Non-Preferred Agents,,No,No,No,0.95,https://dam.assets.ohio.gov/image/upload/medicaid.ohio.gov/PHM/unified-pdl/20251001_UPDL_v1_approved.pdf,Ohio Medicaid Preferred Drug List,Molina,Ohio_Molina_Ohio Medicaid Preferred Drug List.pdf,,,,completed
ec02c553-494d-4f90-90a0-05b00f2e73f9,2daf1ac0-7229-41f6-94b8-cf49449dd810,93d585d6-a604-4766-b140-2aa31784d2d6,WAKIX,Ohio,Covered,Non-Preferred Agents,,No,No,No,0.95,https://dam.assets.ohio.gov/image/upload/medicaid.ohio.gov/PHM/unified-pdl/20251001_UPDL_v1_approved.pdf,Ohio Medicaid Preferred Drug List,Molina,Ohio_Molina_Ohio Medicaid Preferred Drug List.pdf,,,,completed
c4c07a8a-aa6a-435c-ad40-61c08d23c2e4,2daf1ac0-7229-41f6-94b8-cf49449dd810,93d585d6-a604-4766-b140-2aa31784d2d6,XYREM,Ohio,Covered,Non-Preferred Agents,['BvG'],No,No,No,0.95,https://dam.assets.ohio.gov/image/upload/medicaid.ohio.gov/PHM/unified-pdl/20251001_UPDL_v1_approved.pdf,Ohio Medicaid Preferred Drug List,Molina,Ohio_Molina_Ohio Medicaid Preferred Drug List.pdf,,,,completed
affebeba-13e3-4242-91d4-0fc6582933c2,2daf1ac0-7229-41f6-94b8-cf49449dd810,93d585d6-a604-4766-b140-2aa31784d2d6,XYWAV,Ohio,Covered,Non-Preferred Agents,,No,No,No,0.95,https://dam.assets.ohio.gov/image/upload/medicaid.ohio.gov/PHM/unified-pdl/20251001_UPDL_v1_approved.pdf,Ohio Medicaid Preferred Drug List,Molina,Ohio_Molina_Ohio Medicaid Preferred Drug List.pdf,,,,completed
1c217740-7e75-4f34-b445-b3e187ad5caf,2daf1ac0-7229-41f6-94b8-cf49449dd810,93d585d6-a604-4766-b140-2aa31784d2d6,AVONEX,Ohio,Covered,Preferred Agents,,No,No,No,0.95,https://dam.assets.ohio.gov/image/upload/medicaid.ohio.gov/PHM/unified-pdl/20251001_UPDL_v1_approved.pdf,Ohio Medicaid Preferred Drug List,Molina,Ohio_Molina_Ohio Medicaid Preferred Drug List.pdf,,,,completed
4de3d433-53f6-4fa7-bf6f-1079709f9a50,2daf1ac0-7229-41f6-94b8-cf49449dd810,93d585d6-a604-4766-b140-2aa31784d2d6,BETASERON,Ohio,Covered,Preferred Agents,,No,No,No,0.95,https://dam.assets.ohio.gov/image/upload/medicaid.ohio.gov/PHM/unified-pdl/20251001_UPDL_v1_approved.pdf,Ohio Medicaid Preferred Drug List,Molina,Ohio_Molina_Ohio Medicaid Preferred Drug List.pdf,,,,completed
a53f37f7-6522-4a2b-bd8c-0c197aa8ded2,2daf1ac0-7229-41f6-94b8-cf49449dd810,93d585d6-a604-4766-b140-2aa31784d2d6,COPAXONE,Ohio,Covered,Preferred Agents,['BvG'],No,No,No,0.95,https://dam.assets.ohio.gov/image/upload/medicaid.ohio.gov/PHM/unified-pdl/20251001_UPDL_v1_approved.pdf,Ohio Medicaid Preferred Drug List,Molina,Ohio_Molina_Ohio Medicaid Preferred Drug List.pdf,,,,completed
e8f8f778-eefc-4081-9d21-556c4edc4185,2daf1ac0-7229-41f6-94b8-cf49449dd810,93d585d6-a604-4766-b140-2aa31784d2d6,dalfampridine,Ohio,Covered,Preferred Agents,,No,No,No,0.95,https://dam.assets.ohio.gov/image/upload/medicaid.ohio.gov/PHM/unified-pdl/20251001_UPDL_v1_approved.pdf,Ohio Medicaid Preferred Drug List,Molina,Ohio_Molina_Ohio Medicaid Preferred Drug List.pdf,,,,completed
6da7e370-d238-4e5c-bc1e-3bde6425416e,2daf1ac0-7229-41f6-94b8-cf49449dd810,93d585d6-a604-4766-b140-2aa31784d2d6,dimethyl fumarate,Ohio,Covered,Preferred Agents,,No,No,No,0.95,https://dam.assets.ohio.gov/image/upload/medicaid.ohio.gov/PHM/unified-pdl/20251001_UPDL_v1_approved.pdf,Ohio Medicaid Preferred Drug List,Molina,Ohio_Molina_Ohio Medicaid Preferred Drug List.pdf,,,,completed
f5cb834e-66f8-436a-8219-aa3a64bcfbbb,2daf1ac0-7229-41f6-94b8-cf49449dd810,93d585d6-a604-4766-b140-2aa31784d2d6,fingolimod,Ohio,Covered,Preferred Agents,,No,No,No,0.95,https://dam.assets.ohio.gov/image/upload/medicaid.ohio.gov/PHM/unified-pdl/20251001_UPDL_v1_approved.pdf,Ohio Medicaid Preferred Drug List,Molina,Ohio_Molina_Ohio Medicaid Preferred Drug List.pdf,,,,completed
09f96e25-acba-487f-85a4-7becbde4df92,2daf1ac0-7229-41f6-94b8-cf49449dd810,93d585d6-a604-4766-b140-2aa31784d2d6,GILENYA,Ohio,Covered,Preferred Agents,,No,No,No,0.95,https://dam.assets.ohio.gov/image/upload/medicaid.ohio.gov/PHM/unified-pdl/20251001_UPDL_v1_approved.pdf,Ohio Medicaid Preferred Drug List,Molina,Ohio_Molina_Ohio Medicaid Preferred Drug List.pdf,,,,completed
8e840549-2d1f-4680-a438-cdc082fb3e92,2daf1ac0-7229-41f6-94b8-cf49449dd810,93d585d6-a604-4766-b140-2aa31784d2d6,KESIMPTA,Ohio,Covered,Preferred Agents,,No,No,No,0.95,https://dam.assets.ohio.gov/image/upload/medicaid.ohio.gov/PHM/unified-pdl/20251001_UPDL_v1_approved.pdf,Ohio Medicaid Preferred Drug List,Molina,Ohio_Molina_Ohio Medicaid Preferred Drug List.pdf,,,,completed
7de7a6a3-5ecb-4bc1-b5dc-19ee8583d9fe,2daf1ac0-7229-41f6-94b8-cf49449dd810,93d585d6-a604-4766-b140-2aa31784d2d6,REBIF,Ohio,Covered,Preferred Agents,,No,No,No,0.95,https://dam.assets.ohio.gov/image/upload/medicaid.ohio.gov/PHM/unified-pdl/20251001_UPDL_v1_approved.pdf,Ohio Medicaid Preferred Drug List,Molina,Ohio_Molina_Ohio Medicaid Preferred Drug List.pdf,,,,completed
8e9a026a-40f9-43d6-9f1d-3f2fc0e7f9b6,2daf1ac0-7229-41f6-94b8-cf49449dd810,93d585d6-a604-4766-b140-2aa31784d2d6,teriflunomide,Ohio,Covered,Preferred Agents,,No,No,No,0.95,https://dam.assets.ohio.gov/image/upload/medicaid.ohio.gov/PHM/unified-pdl/20251001_UPDL_v1_approved.pdf,Ohio Medicaid Preferred Drug List,Molina,Ohio_Molina_Ohio Medicaid Preferred Drug List.pdf,,,,completed
e49d96b3-706e-46a1-9797-b2046be94f03,2daf1ac0-7229-41f6-94b8-cf49449dd810,93d585d6-a604-4766-b140-2aa31784d2d6,BAFERTAM,Ohio,Covered,Non-Preferred Agents,,No,No,No,0.95,https://dam.assets.ohio.gov/image/upload/medicaid.ohio.gov/PHM/unified-pdl/20251001_UPDL_v1_approved.pdf,Ohio Medicaid Preferred Drug List,Molina,Ohio_Molina_Ohio Medicaid Preferred Drug List.pdf,,,,completed
1cdea71c-3178-464a-b8f3-79c60adb3089,2daf1ac0-7229-41f6-94b8-cf49449dd810,93d585d6-a604-4766-b140-2aa31784d2d6,glatiramer,Ohio,Covered,Non-Preferred Agents,,No,No,No,0.95,https://dam.assets.ohio.gov/image/upload/medicaid.ohio.gov/PHM/unified-pdl/20251001_UPDL_v1_approved.pdf,Ohio Medicaid Preferred Drug List,Molina,Ohio_Molina_Ohio Medicaid Preferred Drug List.pdf,,,,completed
123dcdd2-2b0e-4f15-9e85-0a25676043ff,2daf1ac0-7229-41f6-94b8-cf49449dd810,93d585d6-a604-4766-b140-2aa31784d2d6,glatopa,Ohio,Covered,Non-Preferred Agents,,No,No,No,0.95,https://dam.assets.ohio.gov/image/upload/medicaid.ohio.gov/PHM/unified-pdl/20251001_UPDL_v1_approved.pdf,Ohio Medicaid Preferred Drug List,Molina,Ohio_Molina_Ohio Medicaid Preferred Drug List.pdf,,,,completed
a6710e38-2458-41bd-b960-87e290f09b97,2daf1ac0-7229-41f6-94b8-cf49449dd810,93d585d6-a604-4766-b140-2aa31784d2d6,MAVENCLAD,Ohio,Covered,Non-Preferred Agents,,No,No,No,0.95,https://dam.assets.ohio.gov/image/upload/medicaid.ohio.gov/PHM/unified-pdl/20251001_UPDL_v1_approved.pdf,Ohio Medicaid Preferred Drug List,Molina,Ohio_Molina_Ohio Medicaid Preferred Drug List.pdf,,,,completed
dfc54196-5c03-4960-9a77-517e75365bcd,2daf1ac0-7229-41f6-94b8-cf49449dd810,93d585d6-a604-4766-b140-2aa31784d2d6,MAYZENT,Ohio,Covered,Non-Preferred Agents,,No,No,No,0.95,https://dam.assets.ohio.gov/image/upload/medicaid.ohio.gov/PHM/unified-pdl/20251001_UPDL_v1_approved.pdf,Ohio Medicaid Preferred Drug List,Molina,Ohio_Molina_Ohio Medicaid Preferred Drug List.pdf,,,,completed
fee273f0-884f-4e7a-aa42-833baa31a93a,2daf1ac0-7229-41f6-94b8-cf49449dd810,93d585d6-a604-4766-b140-2aa31784d2d6,OCREVUS,Ohio,Covered,Non-Preferred Agents,,No,No,No,0.95,https://dam.assets.ohio.gov/image/upload/medicaid.ohio.gov/PHM/unified-pdl/20251001_UPDL_v1_approved.pdf,Ohio Medicaid Preferred Drug List,Molina,Ohio_Molina_Ohio Medicaid Preferred Drug List.pdf,,,,completed
23bda5d0-ef2a-4d6e-8082-5bb5a925ae8a,2daf1ac0-7229-41f6-94b8-cf49449dd810,93d585d6-a604-4766-b140-2aa31784d2d6,PLEGRIDY,Ohio,Covered,Non-Preferred Agents,,No,No,No,0.95,https://dam.assets.ohio.gov/image/upload/medicaid.ohio.gov/PHM/unified-pdl/20251001_UPDL_v1_approved.pdf,Ohio Medicaid Preferred Drug List,Molina,Ohio_Molina_Ohio Medicaid Preferred Drug List.pdf,,,,completed
b4519661-f1ec-407a-9726-caf600da6178,2daf1ac0-7229-41f6-94b8-cf49449dd810,93d585d6-a604-4766-b140-2aa31784d2d6,PONVORY,Ohio,Covered,Non-Preferred Agents,,No,No,No,0.95,https://dam.assets.ohio.gov/image/upload/medicaid.ohio.gov/PHM/unified-pdl/20251001_UPDL_v1_approved.pdf,Ohio Medicaid Preferred Drug List,Molina,Ohio_Molina_Ohio Medicaid Preferred Drug List.pdf,,,,completed
214a7faf-9da9-4628-81c4-c3932324abac,2daf1ac0-7229-41f6-94b8-cf49449dd810,93d585d6-a604-4766-b140-2aa31784d2d6,TASCENSO,Ohio,Covered,Non-Preferred Agents,,No,No,No,0.95,https://dam.assets.ohio.gov/image/upload/medicaid.ohio.gov/PHM/unified-pdl/20251001_UPDL_v1_approved.pdf,Ohio Medicaid Preferred Drug List,Molina,Ohio_Molina_Ohio Medicaid Preferred Drug List.pdf,,,,completed
568fa14e-d238-4ce9-b519-fe8a6df7d926,2daf1ac0-7229-41f6-94b8-cf49449dd810,93d585d6-a604-4766-b140-2aa31784d2d6,VUMERITY,Ohio,Covered,Non-Preferred Agents,,No,No,No,0.95,https://dam.assets.ohio.gov/image/upload/medicaid.ohio.gov/PHM/unified-pdl/20251001_UPDL_v1_approved.pdf,Ohio Medicaid Preferred Drug List,Molina,Ohio_Molina_Ohio Medicaid Preferred Drug List.pdf,,,,completed
9b73caeb-a13f-433f-b0ee-488e86acf6f7,2daf1ac0-7229-41f6-94b8-cf49449dd810,93d585d6-a604-4766-b140-2aa31784d2d6,ZEPOSIA,Ohio,Covered,Non-Preferred Agents,,No,No,No,0.95,https://dam.assets.ohio.gov/image/upload/medicaid.ohio.gov/PHM/unified-pdl/20251001_UPDL_v1_approved.pdf,Ohio Medicaid Preferred Drug List,Molina,Ohio_Molina_Ohio Medicaid Preferred Drug List.pdf,,,,completed
35a19553-de0b-4b25-95a0-9531a76969b8,2daf1ac0-7229-41f6-94b8-cf49449dd810,93d585d6-a604-4766-b140-2aa31784d2d6,bupropion,Ohio,Covered,,,No,No,No,0.95,https://dam.assets.ohio.gov/image/upload/medicaid.ohio.gov/PHM/unified-pdl/20251001_UPDL_v1_approved.pdf,Ohio Medicaid Preferred Drug List,Molina,Ohio_Molina_Ohio Medicaid Preferred Drug List.pdf,,,,completed
174f77b6-f0e7-4190-94c7-b3c36f851b8b,2daf1ac0-7229-41f6-94b8-cf49449dd810,93d585d6-a604-4766-b140-2aa31784d2d6,CHANTIX,Ohio,Covered,,,No,No,No,0.95,https://dam.assets.ohio.gov/image/upload/medicaid.ohio.gov/PHM/unified-pdl/20251001_UPDL_v1_approved.pdf,Ohio Medicaid Preferred Drug List,Molina,Ohio_Molina_Ohio Medicaid Preferred Drug List.pdf,,,,completed
8a0924d8-e794-4b5b-847f-da3b4d18aa41,2daf1ac0-7229-41f6-94b8-cf49449dd810,93d585d6-a604-4766-b140-2aa31784d2d6,nicotine,Ohio,Covered,,,No,No,No,0.95,https://dam.assets.ohio.gov/image/upload/medicaid.ohio.gov/PHM/unified-pdl/20251001_UPDL_v1_approved.pdf,Ohio Medicaid Preferred Drug List,Molina,Ohio_Molina_Ohio Medicaid Preferred Drug List.pdf,,,,completed
9abaa464-e7fd-4b1d-8fb3-31847e99723a,2daf1ac0-7229-41f6-94b8-cf49449dd810,93d585d6-a604-4766-b140-2aa31784d2d6,varenicline,Ohio,Covered,,,No,No,No,0.95,https://dam.assets.ohio.gov/image/upload/medicaid.ohio.gov/PHM/unified-pdl/20251001_UPDL_v1_approved.pdf,Ohio Medicaid Preferred Drug List,Molina,Ohio_Molina_Ohio Medicaid Preferred Drug List.pdf,,,,completed
0a3c9e4d-089e-4ad6-9369-836c058b9be4,2daf1ac0-7229-41f6-94b8-cf49449dd810,93d585d6-a604-4766-b140-2aa31784d2d6,bupropion,Ohio,Covered,Preferred,,No,No,No,0.95,https://dam.assets.ohio.gov/image/upload/medicaid.ohio.gov/PHM/unified-pdl/20251001_UPDL_v1_approved.pdf,Ohio Medicaid Preferred Drug List,Molina,Ohio_Molina_Ohio Medicaid Preferred Drug List.pdf,,,,completed
f886b459-1348-48f6-8980-3f107ef02cfb,2daf1ac0-7229-41f6-94b8-cf49449dd810,93d585d6-a604-4766-b140-2aa31784d2d6,bupropion SR (gen of WELLBUTRIN SR),Ohio,Covered,Preferred,,No,No,No,0.95,https://dam.assets.ohio.gov/image/upload/medicaid.ohio.gov/PHM/unified-pdl/20251001_UPDL_v1_approved.pdf,Ohio Medicaid Preferred Drug List,Molina,Ohio_Molina_Ohio Medicaid Preferred Drug List.pdf,,,,completed
f82ff59d-1f41-4c1e-b1ff-9560c20f2cb0,2daf1ac0-7229-41f6-94b8-cf49449dd810,93d585d6-a604-4766-b140-2aa31784d2d6,bupropion XL (gen of WELLBUTRIN XL),Ohio,Covered,Preferred,,No,No,No,0.95,https://dam.assets.ohio.gov/image/upload/medicaid.ohio.gov/PHM/unified-pdl/20251001_UPDL_v1_approved.pdf,Ohio Medicaid Preferred Drug List,Molina,Ohio_Molina_Ohio Medicaid Preferred Drug List.pdf,,,,completed
ed1d217a-f588-4a95-a354-01c88f0ed4da,2daf1ac0-7229-41f6-94b8-cf49449dd810,93d585d6-a604-4766-b140-2aa31784d2d6,APLENZIN,Ohio,Covered,Non-Preferred,,No,No,No,0.95,https://dam.assets.ohio.gov/image/upload/medicaid.ohio.gov/PHM/unified-pdl/20251001_UPDL_v1_approved.pdf,Ohio Medicaid Preferred Drug List,Molina,Ohio_Molina_Ohio Medicaid Preferred Drug List.pdf,,,,completed
d1413cb1-0592-4d88-8bb2-04c09befdf20,2daf1ac0-7229-41f6-94b8-cf49449dd810,93d585d6-a604-4766-b140-2aa31784d2d6,bupropion XL (gen of FORFIVO XL),Ohio,Covered,Non-Preferred,,No,No,No,0.95,https://dam.assets.ohio.gov/image/upload/medicaid.ohio.gov/PHM/unified-pdl/20251001_UPDL_v1_approved.pdf,Ohio Medicaid Preferred Drug List,Molina,Ohio_Molina_Ohio Medicaid Preferred Drug List.pdf,,,,completed
baaa1a46-79e0-4afe-8835-f21a8ca7ea61,2daf1ac0-7229-41f6-94b8-cf49449dd810,93d585d6-a604-4766-b140-2aa31784d2d6,desvenlafaxine succ ER (gen of PRISTIQ),Ohio,Covered,Preferred,,No,No,No,0.95,https://dam.assets.ohio.gov/image/upload/medicaid.ohio.gov/PHM/unified-pdl/20251001_UPDL_v1_approved.pdf,Ohio Medicaid Preferred Drug List,Molina,Ohio_Molina_Ohio Medicaid Preferred Drug List.pdf,,,,completed
e340efa1-acac-497c-b797-e3870ea04fe4,2daf1ac0-7229-41f6-94b8-cf49449dd810,93d585d6-a604-4766-b140-2aa31784d2d6,desvenlafaxine ER (gen of KHEDEZLA),Ohio,Covered,Non-Preferred,,No,No,No,0.95,https://dam.assets.ohio.gov/image/upload/medicaid.ohio.gov/PHM/unified-pdl/20251001_UPDL_v1_approved.pdf,Ohio Medicaid Preferred Drug List,Molina,Ohio_Molina_Ohio Medicaid Preferred Drug List.pdf,,,,completed
6144afd1-7590-4cd7-8391-935acdcc0334,2daf1ac0-7229-41f6-94b8-cf49449dd810,93d585d6-a604-4766-b140-2aa31784d2d6,"duloxetine 20, 30, 60mg",Ohio,Covered,Preferred,,No,No,No,0.95,https://dam.assets.ohio.gov/image/upload/medicaid.ohio.gov/PHM/unified-pdl/20251001_UPDL_v1_approved.pdf,Ohio Medicaid Preferred Drug List,Molina,Ohio_Molina_Ohio Medicaid Preferred Drug List.pdf,,,,completed
e334254c-68a7-4505-bbf3-527626be096f,2daf1ac0-7229-41f6-94b8-cf49449dd810,93d585d6-a604-4766-b140-2aa31784d2d6,DRIZALMA SPRINKLE,Ohio,Covered,Non-Preferred,,No,No,No,0.95,https://dam.assets.ohio.gov/image/upload/medicaid.ohio.gov/PHM/unified-pdl/20251001_UPDL_v1_approved.pdf,Ohio Medicaid Preferred Drug List,Molina,Ohio_Molina_Ohio Medicaid Preferred Drug List.pdf,,,,completed
cd80e36b-590f-43db-b04a-956bfe4b6aa0,2daf1ac0-7229-41f6-94b8-cf49449dd810,93d585d6-a604-4766-b140-2aa31784d2d6,duloxetine 40,Ohio,Covered,Non-Preferred,,No,No,No,0.95,https://dam.assets.ohio.gov/image/upload/medicaid.ohio.gov/PHM/unified-pdl/20251001_UPDL_v1_approved.pdf,Ohio Medicaid Preferred Drug List,Molina,Ohio_Molina_Ohio Medicaid Preferred Drug List.pdf,,,,completed
973195e6-e131-4fe1-8e3b-66a55c8fd943,2daf1ac0-7229-41f6-94b8-cf49449dd810,93d585d6-a604-4766-b140-2aa31784d2d6,"venlafaxine IR tab, ER",Ohio,Covered,Preferred,,No,No,No,0.95,https://dam.assets.ohio.gov/image/upload/medicaid.ohio.gov/PHM/unified-pdl/20251001_UPDL_v1_approved.pdf,Ohio Medicaid Preferred Drug List,Molina,Ohio_Molina_Ohio Medicaid Preferred Drug List.pdf,,,,completed
5be1dc41-c76a-4f3b-8762-2c3cdec0543a,2daf1ac0-7229-41f6-94b8-cf49449dd810,93d585d6-a604-4766-b140-2aa31784d2d6,FETZIMA,Ohio,Covered,Non-Preferred,,No,No,No,0.95,https://dam.assets.ohio.gov/image/upload/medicaid.ohio.gov/PHM/unified-pdl/20251001_UPDL_v1_approved.pdf,Ohio Medicaid Preferred Drug List,Molina,Ohio_Molina_Ohio Medicaid Preferred Drug List.pdf,,,,completed
77c515c9-d670-4c56-b8e8-01a7fcec0e2f,2daf1ac0-7229-41f6-94b8-cf49449dd810,93d585d6-a604-4766-b140-2aa31784d2d6,venlafaxine ER,Ohio,Covered,Non-Preferred,,No,No,No,0.95,https://dam.assets.ohio.gov/image/upload/medicaid.ohio.gov/PHM/unified-pdl/20251001_UPDL_v1_approved.pdf,Ohio Medicaid Preferred Drug List,Molina,Ohio_Molina_Ohio Medicaid Preferred Drug List.pdf,,,,completed
375f0f51-8f76-4892-a52c-a2f3b194d8fa,2daf1ac0-7229-41f6-94b8-cf49449dd810,93d585d6-a604-4766-b140-2aa31784d2d6,"citalopram tab, soln",Ohio,Covered,Preferred,,No,No,No,0.95,https://dam.assets.ohio.gov/image/upload/medicaid.ohio.gov/PHM/unified-pdl/20251001_UPDL_v1_approved.pdf,Ohio Medicaid Preferred Drug List,Molina,Ohio_Molina_Ohio Medicaid Preferred Drug List.pdf,,,,completed
2665d4ef-9199-430f-8d3e-795178849bff,2daf1ac0-7229-41f6-94b8-cf49449dd810,93d585d6-a604-4766-b140-2aa31784d2d6,citalopram,Ohio,Covered,Non-Preferred,,No,No,No,0.95,https://dam.assets.ohio.gov/image/upload/medicaid.ohio.gov/PHM/unified-pdl/20251001_UPDL_v1_approved.pdf,Ohio Medicaid Preferred Drug List,Molina,Ohio_Molina_Ohio Medicaid Preferred Drug List.pdf,,,,completed
31c00e0b-76ca-427a-bc65-31ba2f927cd0,2daf1ac0-7229-41f6-94b8-cf49449dd810,93d585d6-a604-4766-b140-2aa31784d2d6,escitalopram,Ohio,Covered,Preferred,,No,No,No,0.95,https://dam.assets.ohio.gov/image/upload/medicaid.ohio.gov/PHM/unified-pdl/20251001_UPDL_v1_approved.pdf,Ohio Medicaid Preferred Drug List,Molina,Ohio_Molina_Ohio Medicaid Preferred Drug List.pdf,,,,completed
ae3f8862-93d4-4bfc-962f-7bb578999bf6,2daf1ac0-7229-41f6-94b8-cf49449dd810,93d585d6-a604-4766-b140-2aa31784d2d6,"fluoxetine IR 10, 20, 40mg",Ohio,Covered,Preferred,,No,No,No,0.95,https://dam.assets.ohio.gov/image/upload/medicaid.ohio.gov/PHM/unified-pdl/20251001_UPDL_v1_approved.pdf,Ohio Medicaid Preferred Drug List,Molina,Ohio_Molina_Ohio Medicaid Preferred Drug List.pdf,,,,completed
82415760-be60-4364-8d05-f979bc808536,2daf1ac0-7229-41f6-94b8-cf49449dd810,93d585d6-a604-4766-b140-2aa31784d2d6,fluoxetine IR 60mg,Ohio,Covered,Non-Preferred,,No,No,No,0.95,https://dam.assets.ohio.gov/image/upload/medicaid.ohio.gov/PHM/unified-pdl/20251001_UPDL_v1_approved.pdf,Ohio Medicaid Preferred Drug List,Molina,Ohio_Molina_Ohio Medicaid Preferred Drug List.pdf,,,,completed
024d08ba-8afe-4a78-8932-19e30d3a6921,2daf1ac0-7229-41f6-94b8-cf49449dd810,93d585d6-a604-4766-b140-2aa31784d2d6,fluoxetine soln,Ohio,Covered,Preferred,,No,No,No,0.95,https://dam.assets.ohio.gov/image/upload/medicaid.ohio.gov/PHM/unified-pdl/20251001_UPDL_v1_approved.pdf,Ohio Medicaid Preferred Drug List,Molina,Ohio_Molina_Ohio Medicaid Preferred Drug List.pdf,,,,completed
b15264da-139e-41d9-9d6f-18a0ca660c75,2daf1ac0-7229-41f6-94b8-cf49449dd810,93d585d6-a604-4766-b140-2aa31784d2d6,fluvoxamine,Ohio,Covered,Preferred,,No,No,No,0.95,https://dam.assets.ohio.gov/image/upload/medicaid.ohio.gov/PHM/unified-pdl/20251001_UPDL_v1_approved.pdf,Ohio Medicaid Preferred Drug List,Molina,Ohio_Molina_Ohio Medicaid Preferred Drug List.pdf,,,,completed
695b8c4b-93f8-40ba-9d6f-506cdff3b18a,2daf1ac0-7229-41f6-94b8-cf49449dd810,93d585d6-a604-4766-b140-2aa31784d2d6,fluvoxamine,Ohio,Covered,Non-Preferred,,No,No,No,0.95,https://dam.assets.ohio.gov/image/upload/medicaid.ohio.gov/PHM/unified-pdl/20251001_UPDL_v1_approved.pdf,Ohio Medicaid Preferred Drug List,Molina,Ohio_Molina_Ohio Medicaid Preferred Drug List.pdf,,,,completed
ef6051c5-b679-47b5-88ac-3bff8ae300ba,2daf1ac0-7229-41f6-94b8-cf49449dd810,93d585d6-a604-4766-b140-2aa31784d2d6,"paroxetine IR tab, soln",Ohio,Covered,Preferred,,No,No,No,0.95,https://dam.assets.ohio.gov/image/upload/medicaid.ohio.gov/PHM/unified-pdl/20251001_UPDL_v1_approved.pdf,Ohio Medicaid Preferred Drug List,Molina,Ohio_Molina_Ohio Medicaid Preferred Drug List.pdf,,,,completed
ac5986be-4376-4237-9ebe-d60588c65076,2daf1ac0-7229-41f6-94b8-cf49449dd810,93d585d6-a604-4766-b140-2aa31784d2d6,paroxetine ER,Ohio,Covered,Non-Preferred,,No,No,No,0.95,https://dam.assets.ohio.gov/image/upload/medicaid.ohio.gov/PHM/unified-pdl/20251001_UPDL_v1_approved.pdf,Ohio Medicaid Preferred Drug List,Molina,Ohio_Molina_Ohio Medicaid Preferred Drug List.pdf,,,,completed
5908362f-39fc-4017-b589-810da746dbac,2daf1ac0-7229-41f6-94b8-cf49449dd810,93d585d6-a604-4766-b140-2aa31784d2d6,sertraline,Ohio,Covered,Preferred,,No,No,No,0.95,https://dam.assets.ohio.gov/image/upload/medicaid.ohio.gov/PHM/unified-pdl/20251001_UPDL_v1_approved.pdf,Ohio Medicaid Preferred Drug List,Molina,Ohio_Molina_Ohio Medicaid Preferred Drug List.pdf,,,,completed
40286866-6593-4266-8cca-8a96fc65db9a,2daf1ac0-7229-41f6-94b8-cf49449dd810,93d585d6-a604-4766-b140-2aa31784d2d6,sertraline,Ohio,Covered,Non-Preferred,,No,No,No,0.95,https://dam.assets.ohio.gov/image/upload/medicaid.ohio.gov/PHM/unified-pdl/20251001_UPDL_v1_approved.pdf,Ohio Medicaid Preferred Drug List,Molina,Ohio_Molina_Ohio Medicaid Preferred Drug List.pdf,,,,completed
4b6891df-62b7-4d3f-a749-66e961237577,2daf1ac0-7229-41f6-94b8-cf49449dd810,93d585d6-a604-4766-b140-2aa31784d2d6,mirtazapine,Ohio,Covered,Preferred,,No,No,No,0.95,https://dam.assets.ohio.gov/image/upload/medicaid.ohio.gov/PHM/unified-pdl/20251001_UPDL_v1_approved.pdf,Ohio Medicaid Preferred Drug List,Molina,Ohio_Molina_Ohio Medicaid Preferred Drug List.pdf,,,,completed
25e084ee-39a8-4528-a18a-fab31dbed258,2daf1ac0-7229-41f6-94b8-cf49449dd810,93d585d6-a604-4766-b140-2aa31784d2d6,AUVELITY,Ohio,Covered,Non-Preferred,,No,No,No,0.95,https://dam.assets.ohio.gov/image/upload/medicaid.ohio.gov/PHM/unified-pdl/20251001_UPDL_v1_approved.pdf,Ohio Medicaid Preferred Drug List,Molina,Ohio_Molina_Ohio Medicaid Preferred Drug List.pdf,,,,completed
3bd7c9a7-2f5f-466a-8e83-60a922f6f724,2daf1ac0-7229-41f6-94b8-cf49449dd810,93d585d6-a604-4766-b140-2aa31784d2d6,nefazodone,Ohio,Covered,Preferred,,No,No,No,0.95,https://dam.assets.ohio.gov/image/upload/medicaid.ohio.gov/PHM/unified-pdl/20251001_UPDL_v1_approved.pdf,Ohio Medicaid Preferred Drug List,Molina,Ohio_Molina_Ohio Medicaid Preferred Drug List.pdf,,,,completed
f9fd3b29-a56d-46d8-af8d-9b32c0aafd6c,2daf1ac0-7229-41f6-94b8-cf49449dd810,93d585d6-a604-4766-b140-2aa31784d2d6,CAPLYTA,Ohio,Covered,Non-Preferred,,No,No,No,0.95,https://dam.assets.ohio.gov/image/upload/medicaid.ohio.gov/PHM/unified-pdl/20251001_UPDL_v1_approved.pdf,Ohio Medicaid Preferred Drug List,Molina,Ohio_Molina_Ohio Medicaid Preferred Drug List.pdf,,,,completed
5c44cb7e-b000-411b-b9a5-88018711bba4,2daf1ac0-7229-41f6-94b8-cf49449dd810,93d585d6-a604-4766-b140-2aa31784d2d6,tranylcypromine,Ohio,Covered,Preferred,,No,No,No,0.95,https://dam.assets.ohio.gov/image/upload/medicaid.ohio.gov/PHM/unified-pdl/20251001_UPDL_v1_approved.pdf,Ohio Medicaid Preferred Drug List,Molina,Ohio_Molina_Ohio Medicaid Preferred Drug List.pdf,,,,completed
6effcdf9-0daa-4bc1-b172-6f8f80c05691,2daf1ac0-7229-41f6-94b8-cf49449dd810,93d585d6-a604-4766-b140-2aa31784d2d6,clomipramine,Ohio,Covered,Non-Preferred,,No,No,No,0.95,https://dam.assets.ohio.gov/image/upload/medicaid.ohio.gov/PHM/unified-pdl/20251001_UPDL_v1_approved.pdf,Ohio Medicaid Preferred Drug List,Molina,Ohio_Molina_Ohio Medicaid Preferred Drug List.pdf,,,,completed
4876eb33-133e-4109-b8c5-2134faaf830f,2daf1ac0-7229-41f6-94b8-cf49449dd810,93d585d6-a604-4766-b140-2aa31784d2d6,"trazodone 50, 100, 150mg",Ohio,Covered,Preferred,,No,No,No,0.95,https://dam.assets.ohio.gov/image/upload/medicaid.ohio.gov/PHM/unified-pdl/20251001_UPDL_v1_approved.pdf,Ohio Medicaid Preferred Drug List,Molina,Ohio_Molina_Ohio Medicaid Preferred Drug List.pdf,,,,completed
b88d4acb-7d4a-4466-a1f5-0eac16df65f5,2daf1ac0-7229-41f6-94b8-cf49449dd810,93d585d6-a604-4766-b140-2aa31784d2d6,EMSAM,Ohio,Covered,Non-Preferred,,No,No,No,0.95,https://dam.assets.ohio.gov/image/upload/medicaid.ohio.gov/PHM/unified-pdl/20251001_UPDL_v1_approved.pdf,Ohio Medicaid Preferred Drug List,Molina,Ohio_Molina_Ohio Medicaid Preferred Drug List.pdf,,,,completed
83c0171b-4a4b-4291-a19e-4fe24a438bef,2daf1ac0-7229-41f6-94b8-cf49449dd810,93d585d6-a604-4766-b140-2aa31784d2d6,MARPLAN,Ohio,Covered,Non-Preferred,,No,No,No,0.95,https://dam.assets.ohio.gov/image/upload/medicaid.ohio.gov/PHM/unified-pdl/20251001_UPDL_v1_approved.pdf,Ohio Medicaid Preferred Drug List,Molina,Ohio_Molina_Ohio Medicaid Preferred Drug List.pdf,,,,completed
f65055f9-10ab-402f-8524-44d72c510c94,2daf1ac0-7229-41f6-94b8-cf49449dd810,93d585d6-a604-4766-b140-2aa31784d2d6,phenelzine,Ohio,Covered,Non-Preferred,,No,No,No,0.95,https://dam.assets.ohio.gov/image/upload/medicaid.ohio.gov/PHM/unified-pdl/20251001_UPDL_v1_approved.pdf,Ohio Medicaid Preferred Drug List,Molina,Ohio_Molina_Ohio Medicaid Preferred Drug List.pdf,,,,completed
60e18ff4-802f-4704-b165-779bb8a648c1,2daf1ac0-7229-41f6-94b8-cf49449dd810,93d585d6-a604-4766-b140-2aa31784d2d6,vilazodone,Ohio,Covered,Preferred,,No,No,No,0.95,https://dam.assets.ohio.gov/image/upload/medicaid.ohio.gov/PHM/unified-pdl/20251001_UPDL_v1_approved.pdf,Ohio Medicaid Preferred Drug List,Molina,Ohio_Molina_Ohio Medicaid Preferred Drug List.pdf,,,,completed
e3e0ec78-eddb-44cc-83f9-451b5ac9e248,2daf1ac0-7229-41f6-94b8-cf49449dd810,93d585d6-a604-4766-b140-2aa31784d2d6,VRAYLAR,Ohio,Covered,Preferred,['ST'],No,Yes,No,0.95,https://dam.assets.ohio.gov/image/upload/medicaid.ohio.gov/PHM/unified-pdl/20251001_UPDL_v1_approved.pdf,Ohio Medicaid Preferred Drug List,Molina,Ohio_Molina_Ohio Medicaid Preferred Drug List.pdf,,,,completed
ac9ecc32-125b-404c-b1b0-78eac605e04c,2daf1ac0-7229-41f6-94b8-cf49449dd810,93d585d6-a604-4766-b140-2aa31784d2d6,ZURZUVAE,Ohio,Covered,Preferred,['PA'],Yes,No,No,0.95,https://dam.assets.ohio.gov/image/upload/medicaid.ohio.gov/PHM/unified-pdl/20251001_UPDL_v1_approved.pdf,Ohio Medicaid Preferred Drug List,Molina,Ohio_Molina_Ohio Medicaid Preferred Drug List.pdf,,,,completed
a2a5ae99-491e-4532-82c0-67046257773d,2daf1ac0-7229-41f6-94b8-cf49449dd810,93d585d6-a604-4766-b140-2aa31784d2d6,RALDESY,Ohio,Covered,Non-Preferred,,No,No,No,0.95,https://dam.assets.ohio.gov/image/upload/medicaid.ohio.gov/PHM/unified-pdl/20251001_UPDL_v1_approved.pdf,Ohio Medicaid Preferred Drug List,Molina,Ohio_Molina_Ohio Medicaid Preferred Drug List.pdf,,,,completed
6d1c6f19-7ad2-4621-a86b-874579c2b717,2daf1ac0-7229-41f6-94b8-cf49449dd810,93d585d6-a604-4766-b140-2aa31784d2d6,REXULTI,Ohio,Covered,Non-Preferred,,No,No,No,0.95,https://dam.assets.ohio.gov/image/upload/medicaid.ohio.gov/PHM/unified-pdl/20251001_UPDL_v1_approved.pdf,Ohio Medicaid Preferred Drug List,Molina,Ohio_Molina_Ohio Medicaid Preferred Drug List.pdf,,,,completed
767d7c40-8596-4572-81b0-eac0a33fcd50,2daf1ac0-7229-41f6-94b8-cf49449dd810,93d585d6-a604-4766-b140-2aa31784d2d6,trazodone 300mg,Ohio,Covered,Non-Preferred,,No,No,No,0.95,https://dam.assets.ohio.gov/image/upload/medicaid.ohio.gov/PHM/unified-pdl/20251001_UPDL_v1_approved.pdf,Ohio Medicaid Preferred Drug List,Molina,Ohio_Molina_Ohio Medicaid Preferred Drug List.pdf,,,,completed
a06d5ee1-056d-496f-a7b6-5dc0f981e5b6,2daf1ac0-7229-41f6-94b8-cf49449dd810,93d585d6-a604-4766-b140-2aa31784d2d6,TRINTELLIX,Ohio,Covered,Non-Preferred,,No,No,No,0.95,https://dam.assets.ohio.gov/image/upload/medicaid.ohio.gov/PHM/unified-pdl/20251001_UPDL_v1_approved.pdf,Ohio Medicaid Preferred Drug List,Molina,Ohio_Molina_Ohio Medicaid Preferred Drug List.pdf,,,,completed
6ed62860-9e89-458a-814a-8337594552b2,2daf1ac0-7229-41f6-94b8-cf49449dd810,93d585d6-a604-4766-b140-2aa31784d2d6,entacapone,Ohio,Covered,PREFERRED AGENTS,,No,No,No,0.95,https://dam.assets.ohio.gov/image/upload/medicaid.ohio.gov/PHM/unified-pdl/20251001_UPDL_v1_approved.pdf,Ohio Medicaid Preferred Drug List,Molina,Ohio_Molina_Ohio Medicaid Preferred Drug List.pdf,,,,completed
ce691672-d269-4462-8d24-e1b53b29007f,2daf1ac0-7229-41f6-94b8-cf49449dd810,93d585d6-a604-4766-b140-2aa31784d2d6,tolcapone,Ohio,Covered,PREFERRED AGENTS,,No,No,No,0.95,https://dam.assets.ohio.gov/image/upload/medicaid.ohio.gov/PHM/unified-pdl/20251001_UPDL_v1_approved.pdf,Ohio Medicaid Preferred Drug List,Molina,Ohio_Molina_Ohio Medicaid Preferred Drug List.pdf,,,,completed
bfa4640d-a5dc-44ae-ba60-a22481736297,2daf1ac0-7229-41f6-94b8-cf49449dd810,93d585d6-a604-4766-b140-2aa31784d2d6,pramipexole,Ohio,Covered,PREFERRED AGENTS,,No,No,No,0.95,https://dam.assets.ohio.gov/image/upload/medicaid.ohio.gov/PHM/unified-pdl/20251001_UPDL_v1_approved.pdf,Ohio Medicaid Preferred Drug List,Molina,Ohio_Molina_Ohio Medicaid Preferred Drug List.pdf,,,,completed
bf892294-f808-4455-9b01-2cf920b266c1,2daf1ac0-7229-41f6-94b8-cf49449dd810,93d585d6-a604-4766-b140-2aa31784d2d6,ropinirole,Ohio,Covered,PREFERRED AGENTS,,No,No,No,0.95,https://dam.assets.ohio.gov/image/upload/medicaid.ohio.gov/PHM/unified-pdl/20251001_UPDL_v1_approved.pdf,Ohio Medicaid Preferred Drug List,Molina,Ohio_Molina_Ohio Medicaid Preferred Drug List.pdf,,,,completed
37ad8c19-4247-47db-b7bd-a73cc19abea7,2daf1ac0-7229-41f6-94b8-cf49449dd810,93d585d6-a604-4766-b140-2aa31784d2d6,apomorphine,Ohio,Covered,NON-PREFERRED AGENTS,['PA'],Yes,No,No,0.95,https://dam.assets.ohio.gov/image/upload/medicaid.ohio.gov/PHM/unified-pdl/20251001_UPDL_v1_approved.pdf,Ohio Medicaid Preferred Drug List,Molina,Ohio_Molina_Ohio Medicaid Preferred Drug List.pdf,,,,completed
a87d6706-6df8-48e6-a466-b1625060239b,2daf1ac0-7229-41f6-94b8-cf49449dd810,93d585d6-a604-4766-b140-2aa31784d2d6,KYNMOBI,Ohio,Covered,NON-PREFERRED AGENTS,['PA'],Yes,No,No,0.95,https://dam.assets.ohio.gov/image/upload/medicaid.ohio.gov/PHM/unified-pdl/20251001_UPDL_v1_approved.pdf,Ohio Medicaid Preferred Drug List,Molina,Ohio_Molina_Ohio Medicaid Preferred Drug List.pdf,,,,completed
56be59be-708f-48ee-954e-8d970fd2298d,2daf1ac0-7229-41f6-94b8-cf49449dd810,93d585d6-a604-4766-b140-2aa31784d2d6,NEUPRO,Ohio,Covered,NON-PREFERRED AGENTS,['PA'],Yes,No,No,0.95,https://dam.assets.ohio.gov/image/upload/medicaid.ohio.gov/PHM/unified-pdl/20251001_UPDL_v1_approved.pdf,Ohio Medicaid Preferred Drug List,Molina,Ohio_Molina_Ohio Medicaid Preferred Drug List.pdf,,,,completed
8955305f-4032-4f6b-8dd6-d1646a4b5ed6,2daf1ac0-7229-41f6-94b8-cf49449dd810,93d585d6-a604-4766-b140-2aa31784d2d6,ONAPGO,Ohio,Covered,NON-PREFERRED AGENTS,['PA'],Yes,No,No,0.95,https://dam.assets.ohio.gov/image/upload/medicaid.ohio.gov/PHM/unified-pdl/20251001_UPDL_v1_approved.pdf,Ohio Medicaid Preferred Drug List,Molina,Ohio_Molina_Ohio Medicaid Preferred Drug List.pdf,,,,completed
0ce184f9-de4d-4c87-980b-90b278ef8726,2daf1ac0-7229-41f6-94b8-cf49449dd810,93d585d6-a604-4766-b140-2aa31784d2d6,pramipexole,Ohio,Covered,NON-PREFERRED AGENTS,['PA'],Yes,No,No,0.95,https://dam.assets.ohio.gov/image/upload/medicaid.ohio.gov/PHM/unified-pdl/20251001_UPDL_v1_approved.pdf,Ohio Medicaid Preferred Drug List,Molina,Ohio_Molina_Ohio Medicaid Preferred Drug List.pdf,,,,completed
df20b147-fd61-4cb1-ab6b-f09391382eb8,2daf1ac0-7229-41f6-94b8-cf49449dd810,93d585d6-a604-4766-b140-2aa31784d2d6,rasagiline,Ohio,Covered,NON-PREFERRED AGENTS,['PA'],Yes,No,No,0.95,https://dam.assets.ohio.gov/image/upload/medicaid.ohio.gov/PHM/unified-pdl/20251001_UPDL_v1_approved.pdf,Ohio Medicaid Preferred Drug List,Molina,Ohio_Molina_Ohio Medicaid Preferred Drug List.pdf,,,,completed
f1939b50-2fcc-46d9-909e-a0e033bcd24c,2daf1ac0-7229-41f6-94b8-cf49449dd810,93d585d6-a604-4766-b140-2aa31784d2d6,XADAGO,Ohio,Covered,NON-PREFERRED AGENTS,['PA'],Yes,No,No,0.95,https://dam.assets.ohio.gov/image/upload/medicaid.ohio.gov/PHM/unified-pdl/20251001_UPDL_v1_approved.pdf,Ohio Medicaid Preferred Drug List,Molina,Ohio_Molina_Ohio Medicaid Preferred Drug List.pdf,,,,completed
7cf2bdba-2684-46bc-9401-827485d33033,2daf1ac0-7229-41f6-94b8-cf49449dd810,93d585d6-a604-4766-b140-2aa31784d2d6,ZELAPAR,Ohio,Covered,NON-PREFERRED AGENTS,['PA'],Yes,No,No,0.95,https://dam.assets.ohio.gov/image/upload/medicaid.ohio.gov/PHM/unified-pdl/20251001_UPDL_v1_approved.pdf,Ohio Medicaid Preferred Drug List,Molina,Ohio_Molina_Ohio Medicaid Preferred Drug List.pdf,,,,completed
8ce3ffae-6585-4b2e-ae5f-9c260f7c9245,2daf1ac0-7229-41f6-94b8-cf49449dd810,93d585d6-a604-4766-b140-2aa31784d2d6,amantadine cap,Ohio,Covered,OTHER,,No,No,No,0.95,https://dam.assets.ohio.gov/image/upload/medicaid.ohio.gov/PHM/unified-pdl/20251001_UPDL_v1_approved.pdf,Ohio Medicaid Preferred Drug List,Molina,Ohio_Molina_Ohio Medicaid Preferred Drug List.pdf,,,,completed
4c27169c-52a6-45de-949d-8038b0b999a5,2daf1ac0-7229-41f6-94b8-cf49449dd810,93d585d6-a604-4766-b140-2aa31784d2d6,carbidopa,Ohio,Covered,OTHER,,No,No,No,0.95,https://dam.assets.ohio.gov/image/upload/medicaid.ohio.gov/PHM/unified-pdl/20251001_UPDL_v1_approved.pdf,Ohio Medicaid Preferred Drug List,Molina,Ohio_Molina_Ohio Medicaid Preferred Drug List.pdf,,,,completed
4125b811-19c2-4c5c-a5ab-877f7d7069fe,2daf1ac0-7229-41f6-94b8-cf49449dd810,93d585d6-a604-4766-b140-2aa31784d2d6,carbidopa/levodopa,Ohio,Covered,OTHER,,No,No,No,0.95,https://dam.assets.ohio.gov/image/upload/medicaid.ohio.gov/PHM/unified-pdl/20251001_UPDL_v1_approved.pdf,Ohio Medicaid Preferred Drug List,Molina,Ohio_Molina_Ohio Medicaid Preferred Drug List.pdf,,,,completed
a8e70fbc-5ae5-4e07-9486-9562b389c3ab,2daf1ac0-7229-41f6-94b8-cf49449dd810,93d585d6-a604-4766-b140-2aa31784d2d6,amantadine soln,Ohio,Covered,NON-PREFERRED AGENTS,['PA'],Yes,No,No,0.95,https://dam.assets.ohio.gov/image/upload/medicaid.ohio.gov/PHM/unified-pdl/20251001_UPDL_v1_approved.pdf,Ohio Medicaid Preferred Drug List,Molina,Ohio_Molina_Ohio Medicaid Preferred Drug List.pdf,,,,completed
3f67a821-e655-48b3-a3a8-94eef7e84c35,2daf1ac0-7229-41f6-94b8-cf49449dd810,93d585d6-a604-4766-b140-2aa31784d2d6,carbidopa/levodopa dispersible,Ohio,Covered,NON-PREFERRED AGENTS,['PA'],Yes,No,No,0.95,https://dam.assets.ohio.gov/image/upload/medicaid.ohio.gov/PHM/unified-pdl/20251001_UPDL_v1_approved.pdf,Ohio Medicaid Preferred Drug List,Molina,Ohio_Molina_Ohio Medicaid Preferred Drug List.pdf,,,,completed
85eba6cc-c48b-4b0b-8126-164286639269,2daf1ac0-7229-41f6-94b8-cf49449dd810,93d585d6-a604-4766-b140-2aa31784d2d6,carbidopa/levodopa/entacapone,Ohio,Covered,NON-PREFERRED AGENTS,['PA'],Yes,No,No,0.95,https://dam.assets.ohio.gov/image/upload/medicaid.ohio.gov/PHM/unified-pdl/20251001_UPDL_v1_approved.pdf,Ohio Medicaid Preferred Drug List,Molina,Ohio_Molina_Ohio Medicaid Preferred Drug List.pdf,,,,completed
d65c33d4-2518-4cd1-9857-dfbbdf2ec1ad,2daf1ac0-7229-41f6-94b8-cf49449dd810,93d585d6-a604-4766-b140-2aa31784d2d6,CREXONT,Ohio,Covered,NON-PREFERRED AGENTS,['PA'],Yes,No,No,0.95,https://dam.assets.ohio.gov/image/upload/medicaid.ohio.gov/PHM/unified-pdl/20251001_UPDL_v1_approved.pdf,Ohio Medicaid Preferred Drug List,Molina,Ohio_Molina_Ohio Medicaid Preferred Drug List.pdf,,,,completed
3316e2b8-0bcb-4210-be0c-fa5af0ab5313,2daf1ac0-7229-41f6-94b8-cf49449dd810,93d585d6-a604-4766-b140-2aa31784d2d6,GOCOVRI,Ohio,Covered,NON-PREFERRED AGENTS,['PA'],Yes,No,No,0.95,https://dam.assets.ohio.gov/image/upload/medicaid.ohio.gov/PHM/unified-pdl/20251001_UPDL_v1_approved.pdf,Ohio Medicaid Preferred Drug List,Molina,Ohio_Molina_Ohio Medicaid Preferred Drug List.pdf,,,,completed
9d88bdde-f05a-44c9-ba9b-0b1e4cab844a,2daf1ac0-7229-41f6-94b8-cf49449dd810,93d585d6-a604-4766-b140-2aa31784d2d6,INBRIJA,Ohio,Covered,NON-PREFERRED AGENTS,['PA'],Yes,No,No,0.95,https://dam.assets.ohio.gov/image/upload/medicaid.ohio.gov/PHM/unified-pdl/20251001_UPDL_v1_approved.pdf,Ohio Medicaid Preferred Drug List,Molina,Ohio_Molina_Ohio Medicaid Preferred Drug List.pdf,,,,completed
5afc6611-39b4-4a4c-b8e4-20cb4d219d52,2daf1ac0-7229-41f6-94b8-cf49449dd810,93d585d6-a604-4766-b140-2aa31784d2d6,NOURIANZ,Ohio,Covered,NON-PREFERRED AGENTS,['PA'],Yes,No,No,0.95,https://dam.assets.ohio.gov/image/upload/medicaid.ohio.gov/PHM/unified-pdl/20251001_UPDL_v1_approved.pdf,Ohio Medicaid Preferred Drug List,Molina,Ohio_Molina_Ohio Medicaid Preferred Drug List.pdf,,,,completed
d7cfd870-2f2b-428a-b7a6-186a4793ba64,2daf1ac0-7229-41f6-94b8-cf49449dd810,93d585d6-a604-4766-b140-2aa31784d2d6,RYTARY,Ohio,Covered,NON-PREFERRED AGENTS,['PA'],Yes,No,No,0.95,https://dam.assets.ohio.gov/image/upload/medicaid.ohio.gov/PHM/unified-pdl/20251001_UPDL_v1_approved.pdf,Ohio Medicaid Preferred Drug List,Molina,Ohio_Molina_Ohio Medicaid Preferred Drug List.pdf,,,,completed
fc5780ca-17ce-4ce1-af9e-d77eb8dd83cd,2daf1ac0-7229-41f6-94b8-cf49449dd810,93d585d6-a604-4766-b140-2aa31784d2d6,VYALEV,Ohio,Covered,NON-PREFERRED AGENTS,['PA'],Yes,No,No,0.95,https://dam.assets.ohio.gov/image/upload/medicaid.ohio.gov/PHM/unified-pdl/20251001_UPDL_v1_approved.pdf,Ohio Medicaid Preferred Drug List,Molina,Ohio_Molina_Ohio Medicaid Preferred Drug List.pdf,,,,completed
65c362a4-9911-4e1a-9106-f32df8a10ab6,2daf1ac0-7229-41f6-94b8-cf49449dd810,93d585d6-a604-4766-b140-2aa31784d2d6,selegiline,Ohio,Covered,MAO-B INHIBITORS,,No,No,No,0.95,https://dam.assets.ohio.gov/image/upload/medicaid.ohio.gov/PHM/unified-pdl/20251001_UPDL_v1_approved.pdf,Ohio Medicaid Preferred Drug List,Molina,Ohio_Molina_Ohio Medicaid Preferred Drug List.pdf,,,,completed
703765a4-66fb-4b45-a8ca-8b839a83b0e4,2daf1ac0-7229-41f6-94b8-cf49449dd810,93d585d6-a604-4766-b140-2aa31784d2d6,carbamazepine IR,Ohio,Covered,PREFERRED AGENTS,,No,No,No,0.95,https://dam.assets.ohio.gov/image/upload/medicaid.ohio.gov/PHM/unified-pdl/20251001_UPDL_v1_approved.pdf,Ohio Medicaid Preferred Drug List,Molina,Ohio_Molina_Ohio Medicaid Preferred Drug List.pdf,,,,completed
2e9b5dd7-5ec6-4259-9304-b99b72078e51,2daf1ac0-7229-41f6-94b8-cf49449dd810,93d585d6-a604-4766-b140-2aa31784d2d6,oxcarbazepine,Ohio,Covered,PREFERRED AGENTS,,No,No,No,0.95,https://dam.assets.ohio.gov/image/upload/medicaid.ohio.gov/PHM/unified-pdl/20251001_UPDL_v1_approved.pdf,Ohio Medicaid Preferred Drug List,Molina,Ohio_Molina_Ohio Medicaid Preferred Drug List.pdf,,,,completed
9cab1ba3-afc2-4c4d-b8c7-e63b6d4cd387,2daf1ac0-7229-41f6-94b8-cf49449dd810,93d585d6-a604-4766-b140-2aa31784d2d6,TRILEPTAL SUSP,Ohio,Covered,PREFERRED AGENTS,['BvG'],No,No,No,0.95,https://dam.assets.ohio.gov/image/upload/medicaid.ohio.gov/PHM/unified-pdl/20251001_UPDL_v1_approved.pdf,Ohio Medicaid Preferred Drug List,Molina,Ohio_Molina_Ohio Medicaid Preferred Drug List.pdf,,,,completed
d6e46cc5-22ef-4b67-8e50-5be432dc6bfe,2daf1ac0-7229-41f6-94b8-cf49449dd810,93d585d6-a604-4766-b140-2aa31784d2d6,gabapentin,Ohio,Covered,PREFERRED AGENTS,,No,No,No,0.95,https://dam.assets.ohio.gov/image/upload/medicaid.ohio.gov/PHM/unified-pdl/20251001_UPDL_v1_approved.pdf,Ohio Medicaid Preferred Drug List,Molina,Ohio_Molina_Ohio Medicaid Preferred Drug List.pdf,,,,completed
743fa180-801b-4a22-8690-1eda7b730566,2daf1ac0-7229-41f6-94b8-cf49449dd810,93d585d6-a604-4766-b140-2aa31784d2d6,GRALISE,Ohio,Covered,PREFERRED AGENTS,['BvG'],No,No,No,0.95,https://dam.assets.ohio.gov/image/upload/medicaid.ohio.gov/PHM/unified-pdl/20251001_UPDL_v1_approved.pdf,Ohio Medicaid Preferred Drug List,Molina,Ohio_Molina_Ohio Medicaid Preferred Drug List.pdf,,,,completed
ce98af2c-0c19-4bd1-9043-2405343229c9,2daf1ac0-7229-41f6-94b8-cf49449dd810,93d585d6-a604-4766-b140-2aa31784d2d6,HORIZANT,Ohio,Covered,PREFERRED AGENTS,,No,No,No,0.95,https://dam.assets.ohio.gov/image/upload/medicaid.ohio.gov/PHM/unified-pdl/20251001_UPDL_v1_approved.pdf,Ohio Medicaid Preferred Drug List,Molina,Ohio_Molina_Ohio Medicaid Preferred Drug List.pdf,,,,completed
cd29fb91-98b5-4d1d-a00a-1e33931144d8,2daf1ac0-7229-41f6-94b8-cf49449dd810,93d585d6-a604-4766-b140-2aa31784d2d6,amitriptyline,Ohio,Covered,PREFERRED AGENTS,,No,No,No,0.95,https://dam.assets.ohio.gov/image/upload/medicaid.ohio.gov/PHM/unified-pdl/20251001_UPDL_v1_approved.pdf,Ohio Medicaid Preferred Drug List,Molina,Ohio_Molina_Ohio Medicaid Preferred Drug List.pdf,,,,completed
d2d96f1a-6c69-44fe-900c-83990ad2c978,2daf1ac0-7229-41f6-94b8-cf49449dd810,93d585d6-a604-4766-b140-2aa31784d2d6,desipramine,Ohio,Covered,PREFERRED AGENTS,,No,No,No,0.95,https://dam.assets.ohio.gov/image/upload/medicaid.ohio.gov/PHM/unified-pdl/20251001_UPDL_v1_approved.pdf,Ohio Medicaid Preferred Drug List,Molina,Ohio_Molina_Ohio Medicaid Preferred Drug List.pdf,,,,completed
7b77017a-7036-47a8-9442-ba38cdfcb142,2daf1ac0-7229-41f6-94b8-cf49449dd810,93d585d6-a604-4766-b140-2aa31784d2d6,"doxepin 10, 25, 50, 75, 100, 150mg",Ohio,Covered,PREFERRED AGENTS,,No,No,No,0.95,https://dam.assets.ohio.gov/image/upload/medicaid.ohio.gov/PHM/unified-pdl/20251001_UPDL_v1_approved.pdf,Ohio Medicaid Preferred Drug List,Molina,Ohio_Molina_Ohio Medicaid Preferred Drug List.pdf,,,,completed
0aafd6f7-18ae-49ea-b551-8253c5f457b5,2daf1ac0-7229-41f6-94b8-cf49449dd810,93d585d6-a604-4766-b140-2aa31784d2d6,doxepin soln,Ohio,Covered,PREFERRED AGENTS,,No,No,No,0.95,https://dam.assets.ohio.gov/image/upload/medicaid.ohio.gov/PHM/unified-pdl/20251001_UPDL_v1_approved.pdf,Ohio Medicaid Preferred Drug List,Molina,Ohio_Molina_Ohio Medicaid Preferred Drug List.pdf,,,,completed
00d6caa4-72a4-4759-a507-fe90c9ec28ba,2daf1ac0-7229-41f6-94b8-cf49449dd810,93d585d6-a604-4766-b140-2aa31784d2d6,imipramine,Ohio,Covered,PREFERRED AGENTS,,No,No,No,0.95,https://dam.assets.ohio.gov/image/upload/medicaid.ohio.gov/PHM/unified-pdl/20251001_UPDL_v1_approved.pdf,Ohio Medicaid Preferred Drug List,Molina,Ohio_Molina_Ohio Medicaid Preferred Drug List.pdf,,,,completed
b5e01738-9ad1-4f6d-9e04-5b2cc1229955,2daf1ac0-7229-41f6-94b8-cf49449dd810,93d585d6-a604-4766-b140-2aa31784d2d6,nortriptyline,Ohio,Covered,PREFERRED AGENTS,,No,No,No,0.95,https://dam.assets.ohio.gov/image/upload/medicaid.ohio.gov/PHM/unified-pdl/20251001_UPDL_v1_approved.pdf,Ohio Medicaid Preferred Drug List,Molina,Ohio_Molina_Ohio Medicaid Preferred Drug List.pdf,,,,completed
e7db2c99-ce8e-4916-b76f-366a6fae5e85,2daf1ac0-7229-41f6-94b8-cf49449dd810,93d585d6-a604-4766-b140-2aa31784d2d6,"duloxetine 20, 30, 60mg",Ohio,Covered,OTHER,,No,No,No,0.95,https://dam.assets.ohio.gov/image/upload/medicaid.ohio.gov/PHM/unified-pdl/20251001_UPDL_v1_approved.pdf,Ohio Medicaid Preferred Drug List,Molina,Ohio_Molina_Ohio Medicaid Preferred Drug List.pdf,,,,completed
66a4f9f9-df84-4d9d-b29c-eb770486abac,2daf1ac0-7229-41f6-94b8-cf49449dd810,93d585d6-a604-4766-b140-2aa31784d2d6,lidocaine patch,Ohio,Covered,OTHER,,No,No,No,0.95,https://dam.assets.ohio.gov/image/upload/medicaid.ohio.gov/PHM/unified-pdl/20251001_UPDL_v1_approved.pdf,Ohio Medicaid Preferred Drug List,Molina,Ohio_Molina_Ohio Medicaid Preferred Drug List.pdf,,,,completed
831126d6-d0f3-41be-9cb1-dd0a77ace926,2daf1ac0-7229-41f6-94b8-cf49449dd810,93d585d6-a604-4766-b140-2aa31784d2d6,pregabalin,Ohio,Covered,OTHER,,No,No,No,0.95,https://dam.assets.ohio.gov/image/upload/medicaid.ohio.gov/PHM/unified-pdl/20251001_UPDL_v1_approved.pdf,Ohio Medicaid Preferred Drug List,Molina,Ohio_Molina_Ohio Medicaid Preferred Drug List.pdf,,,,completed
258c3c5c-07de-4ff1-ac94-f9baa09beac6,2daf1ac0-7229-41f6-94b8-cf49449dd810,93d585d6-a604-4766-b140-2aa31784d2d6,ZTLIDO,Ohio,Covered,OTHER,['ST'],No,Yes,No,0.95,https://dam.assets.ohio.gov/image/upload/medicaid.ohio.gov/PHM/unified-pdl/20251001_UPDL_v1_approved.pdf,Ohio Medicaid Preferred Drug List,Molina,Ohio_Molina_Ohio Medicaid Preferred Drug List.pdf,,,,completed
1730b435-72f8-42d4-ac0f-b3153382e221,2daf1ac0-7229-41f6-94b8-cf49449dd810,93d585d6-a604-4766-b140-2aa31784d2d6,oxcarbazepine susp,Ohio,Covered,NON-PREFERRED AGENTS,,No,No,No,0.95,https://dam.assets.ohio.gov/image/upload/medicaid.ohio.gov/PHM/unified-pdl/20251001_UPDL_v1_approved.pdf,Ohio Medicaid Preferred Drug List,Molina,Ohio_Molina_Ohio Medicaid Preferred Drug List.pdf,,,,completed
67316100-87e1-4753-bb90-877e30020533,2daf1ac0-7229-41f6-94b8-cf49449dd810,93d585d6-a604-4766-b140-2aa31784d2d6,gabapentin,Ohio,Covered,NON-PREFERRED AGENTS,,No,No,No,0.95,https://dam.assets.ohio.gov/image/upload/medicaid.ohio.gov/PHM/unified-pdl/20251001_UPDL_v1_approved.pdf,Ohio Medicaid Preferred Drug List,Molina,Ohio_Molina_Ohio Medicaid Preferred Drug List.pdf,,,,completed
1e06b880-374c-4208-9de9-46d9d2c3dd31,2daf1ac0-7229-41f6-94b8-cf49449dd810,93d585d6-a604-4766-b140-2aa31784d2d6,duloxetine 40mg,Ohio,Covered,OTHER,,No,No,No,0.95,https://dam.assets.ohio.gov/image/upload/medicaid.ohio.gov/PHM/unified-pdl/20251001_UPDL_v1_approved.pdf,Ohio Medicaid Preferred Drug List,Molina,Ohio_Molina_Ohio Medicaid Preferred Drug List.pdf,,,,completed
7c04fd38-daa0-45bd-ac33-5eb8dc9bede6,2daf1ac0-7229-41f6-94b8-cf49449dd810,93d585d6-a604-4766-b140-2aa31784d2d6,BELSOMRA,Ohio,Covered,Preferred Agent,,No,No,No,0.95,https://dam.assets.ohio.gov/image/upload/medicaid.ohio.gov/PHM/unified-pdl/20251001_UPDL_v1_approved.pdf,Ohio Medicaid Preferred Drug List,Molina,Ohio_Molina_Ohio Medicaid Preferred Drug List.pdf,,,,completed
61f500db-9786-44c4-9b49-4ec6cc884ba4,2daf1ac0-7229-41f6-94b8-cf49449dd810,93d585d6-a604-4766-b140-2aa31784d2d6,DAYVIGO,Ohio,Covered,Non-Preferred Agent,['PA'],Yes,No,No,0.95,https://dam.assets.ohio.gov/image/upload/medicaid.ohio.gov/PHM/unified-pdl/20251001_UPDL_v1_approved.pdf,Ohio Medicaid Preferred Drug List,Molina,Ohio_Molina_Ohio Medicaid Preferred Drug List.pdf,,,,completed
d6482676-c046-4862-9315-e05dcbb11f2b,2daf1ac0-7229-41f6-94b8-cf49449dd810,93d585d6-a604-4766-b140-2aa31784d2d6,estazolam,Ohio,Covered,Preferred Agent,,No,No,No,0.95,https://dam.assets.ohio.gov/image/upload/medicaid.ohio.gov/PHM/unified-pdl/20251001_UPDL_v1_approved.pdf,Ohio Medicaid Preferred Drug List,Molina,Ohio_Molina_Ohio Medicaid Preferred Drug List.pdf,,,,completed
a8f6f97c-ff66-4d62-b6d2-11e8f099ddc6,2daf1ac0-7229-41f6-94b8-cf49449dd810,93d585d6-a604-4766-b140-2aa31784d2d6,"doxepin 3, 6mg",Ohio,Covered,Non-Preferred Agent,,No,No,No,0.95,https://dam.assets.ohio.gov/image/upload/medicaid.ohio.gov/PHM/unified-pdl/20251001_UPDL_v1_approved.pdf,Ohio Medicaid Preferred Drug List,Molina,Ohio_Molina_Ohio Medicaid Preferred Drug List.pdf,,,,completed
66aec3e8-bdd2-43c3-a5d8-e046c03cab9a,2daf1ac0-7229-41f6-94b8-cf49449dd810,93d585d6-a604-4766-b140-2aa31784d2d6,eszopiclone,Ohio,Covered,Preferred Agent,,No,No,No,0.95,https://dam.assets.ohio.gov/image/upload/medicaid.ohio.gov/PHM/unified-pdl/20251001_UPDL_v1_approved.pdf,Ohio Medicaid Preferred Drug List,Molina,Ohio_Molina_Ohio Medicaid Preferred Drug List.pdf,,,,completed
f22746c4-c031-4a81-abd5-2b5b7d0d54df,2daf1ac0-7229-41f6-94b8-cf49449dd810,93d585d6-a604-4766-b140-2aa31784d2d6,EDLUAR,Ohio,Covered,Non-Preferred Agent,,No,No,No,0.95,https://dam.assets.ohio.gov/image/upload/medicaid.ohio.gov/PHM/unified-pdl/20251001_UPDL_v1_approved.pdf,Ohio Medicaid Preferred Drug List,Molina,Ohio_Molina_Ohio Medicaid Preferred Drug List.pdf,,,,completed
25974c03-2ba7-4cbf-97fa-f1a0152af657,2daf1ac0-7229-41f6-94b8-cf49449dd810,93d585d6-a604-4766-b140-2aa31784d2d6,ramelteon,Ohio,Covered,Preferred Agent,,No,No,No,0.95,https://dam.assets.ohio.gov/image/upload/medicaid.ohio.gov/PHM/unified-pdl/20251001_UPDL_v1_approved.pdf,Ohio Medicaid Preferred Drug List,Molina,Ohio_Molina_Ohio Medicaid Preferred Drug List.pdf,,,,completed
d66f8fdd-d5e4-4ec5-ae7b-b3aa6959891b,2daf1ac0-7229-41f6-94b8-cf49449dd810,93d585d6-a604-4766-b140-2aa31784d2d6,flurazepam,Ohio,Covered,Non-Preferred Agent,,No,No,No,0.95,https://dam.assets.ohio.gov/image/upload/medicaid.ohio.gov/PHM/unified-pdl/20251001_UPDL_v1_approved.pdf,Ohio Medicaid Preferred Drug List,Molina,Ohio_Molina_Ohio Medicaid Preferred Drug List.pdf,,,,completed
b60e1ff7-4f45-40d9-ad9f-8b59dbec78eb,2daf1ac0-7229-41f6-94b8-cf49449dd810,93d585d6-a604-4766-b140-2aa31784d2d6,temazepam,Ohio,Covered,Preferred Agent,,No,No,No,0.95,https://dam.assets.ohio.gov/image/upload/medicaid.ohio.gov/PHM/unified-pdl/20251001_UPDL_v1_approved.pdf,Ohio Medicaid Preferred Drug List,Molina,Ohio_Molina_Ohio Medicaid Preferred Drug List.pdf,,,,completed
b3dc95ef-4339-4e08-89be-1e6a0d235e35,2daf1ac0-7229-41f6-94b8-cf49449dd810,93d585d6-a604-4766-b140-2aa31784d2d6,quazepam,Ohio,Covered,Non-Preferred Agent,,No,No,No,0.95,https://dam.assets.ohio.gov/image/upload/medicaid.ohio.gov/PHM/unified-pdl/20251001_UPDL_v1_approved.pdf,Ohio Medicaid Preferred Drug List,Molina,Ohio_Molina_Ohio Medicaid Preferred Drug List.pdf,,,,completed
a23b3ed9-da84-48ae-a9e5-0bbf95c061a5,2daf1ac0-7229-41f6-94b8-cf49449dd810,93d585d6-a604-4766-b140-2aa31784d2d6,triazolam,Ohio,Covered,Preferred Agent,,No,No,No,0.95,https://dam.assets.ohio.gov/image/upload/medicaid.ohio.gov/PHM/unified-pdl/20251001_UPDL_v1_approved.pdf,Ohio Medicaid Preferred Drug List,Molina,Ohio_Molina_Ohio Medicaid Preferred Drug List.pdf,,,,completed
a23626a8-1691-4417-87f2-f9111e81b395,2daf1ac0-7229-41f6-94b8-cf49449dd810,93d585d6-a604-4766-b140-2aa31784d2d6,QUVIVIQ,Ohio,Covered,Non-Preferred Agent,,No,No,No,0.95,https://dam.assets.ohio.gov/image/upload/medicaid.ohio.gov/PHM/unified-pdl/20251001_UPDL_v1_approved.pdf,Ohio Medicaid Preferred Drug List,Molina,Ohio_Molina_Ohio Medicaid Preferred Drug List.pdf,,,,completed
02791cb6-54e1-4eec-a031-45435bffb935,2daf1ac0-7229-41f6-94b8-cf49449dd810,93d585d6-a604-4766-b140-2aa31784d2d6,zaleplon,Ohio,Covered,Preferred Agent,,No,No,No,0.95,https://dam.assets.ohio.gov/image/upload/medicaid.ohio.gov/PHM/unified-pdl/20251001_UPDL_v1_approved.pdf,Ohio Medicaid Preferred Drug List,Molina,Ohio_Molina_Ohio Medicaid Preferred Drug List.pdf,,,,completed
a9ebb495-21ed-4791-8e58-99ba7e4c0748,2daf1ac0-7229-41f6-94b8-cf49449dd810,93d585d6-a604-4766-b140-2aa31784d2d6,zolpidem cap,Ohio,Covered,Non-Preferred Agent,,No,No,No,0.95,https://dam.assets.ohio.gov/image/upload/medicaid.ohio.gov/PHM/unified-pdl/20251001_UPDL_v1_approved.pdf,Ohio Medicaid Preferred Drug List,Molina,Ohio_Molina_Ohio Medicaid Preferred Drug List.pdf,,,,completed
b37c21ab-a69a-45ec-a90a-6d9e94c886ee,2daf1ac0-7229-41f6-94b8-cf49449dd810,93d585d6-a604-4766-b140-2aa31784d2d6,zolpidem tab ER,Ohio,Covered,Preferred Agent,,No,No,No,0.95,https://dam.assets.ohio.gov/image/upload/medicaid.ohio.gov/PHM/unified-pdl/20251001_UPDL_v1_approved.pdf,Ohio Medicaid Preferred Drug List,Molina,Ohio_Molina_Ohio Medicaid Preferred Drug List.pdf,,,,completed
6d68ad99-caf5-49a8-90c3-d2abd81b1a3f,2daf1ac0-7229-41f6-94b8-cf49449dd810,93d585d6-a604-4766-b140-2aa31784d2d6,ZOLPIMIST,Ohio,Covered,Non-Preferred Agent,,No,No,No,0.95,https://dam.assets.ohio.gov/image/upload/medicaid.ohio.gov/PHM/unified-pdl/20251001_UPDL_v1_approved.pdf,Ohio Medicaid Preferred Drug List,Molina,Ohio_Molina_Ohio Medicaid Preferred Drug List.pdf,,,,completed
e1b0dcea-465b-430d-ab64-75a63429d3cb,2daf1ac0-7229-41f6-94b8-cf49449dd810,93d585d6-a604-4766-b140-2aa31784d2d6,atomoxetine cap,Ohio,Covered,Preferred,,No,No,No,0.95,https://dam.assets.ohio.gov/image/upload/medicaid.ohio.gov/PHM/unified-pdl/20251001_UPDL_v1_approved.pdf,Ohio Medicaid Preferred Drug List,Molina,Ohio_Molina_Ohio Medicaid Preferred Drug List.pdf,,,,completed
c35f98d8-548f-4a65-b347-b8ce4282e4e7,2daf1ac0-7229-41f6-94b8-cf49449dd810,93d585d6-a604-4766-b140-2aa31784d2d6,clonidine,Ohio,Covered,Preferred,,No,No,No,0.95,https://dam.assets.ohio.gov/image/upload/medicaid.ohio.gov/PHM/unified-pdl/20251001_UPDL_v1_approved.pdf,Ohio Medicaid Preferred Drug List,Molina,Ohio_Molina_Ohio Medicaid Preferred Drug List.pdf,,,,completed
bb745df6-bfec-46c7-9263-b0903151362f,2daf1ac0-7229-41f6-94b8-cf49449dd810,93d585d6-a604-4766-b140-2aa31784d2d6,guanfacine,Ohio,Covered,Preferred,,No,No,No,0.95,https://dam.assets.ohio.gov/image/upload/medicaid.ohio.gov/PHM/unified-pdl/20251001_UPDL_v1_approved.pdf,Ohio Medicaid Preferred Drug List,Molina,Ohio_Molina_Ohio Medicaid Preferred Drug List.pdf,,,,completed
a611123f-293f-4220-bfb8-19ee6a0445fd,2daf1ac0-7229-41f6-94b8-cf49449dd810,93d585d6-a604-4766-b140-2aa31784d2d6,ONYDA XR SUSP,Ohio,Covered,Preferred,,No,No,No,0.95,https://dam.assets.ohio.gov/image/upload/medicaid.ohio.gov/PHM/unified-pdl/20251001_UPDL_v1_approved.pdf,Ohio Medicaid Preferred Drug List,Molina,Ohio_Molina_Ohio Medicaid Preferred Drug List.pdf,,,,completed
c901871b-2e1e-4b5e-af9d-a7f16e90b282,2daf1ac0-7229-41f6-94b8-cf49449dd810,93d585d6-a604-4766-b140-2aa31784d2d6,QELBREE,Ohio,Covered,Preferred,,No,No,No,0.95,https://dam.assets.ohio.gov/image/upload/medicaid.ohio.gov/PHM/unified-pdl/20251001_UPDL_v1_approved.pdf,Ohio Medicaid Preferred Drug List,Molina,Ohio_Molina_Ohio Medicaid Preferred Drug List.pdf,,,,completed
9e506fb2-9b34-4dd1-b12a-8d5b3e8256b8,2daf1ac0-7229-41f6-94b8-cf49449dd810,93d585d6-a604-4766-b140-2aa31784d2d6,"amphetamine/dextroamphetamine IR, ER",Ohio,Covered,Preferred,,No,No,No,0.95,https://dam.assets.ohio.gov/image/upload/medicaid.ohio.gov/PHM/unified-pdl/20251001_UPDL_v1_approved.pdf,Ohio Medicaid Preferred Drug List,Molina,Ohio_Molina_Ohio Medicaid Preferred Drug List.pdf,,,,completed
2a43c178-02b6-4298-aa9c-03dbb59dfd88,2daf1ac0-7229-41f6-94b8-cf49449dd810,93d585d6-a604-4766-b140-2aa31784d2d6,CONCERTA,Ohio,Covered,Preferred,,No,No,No,0.95,https://dam.assets.ohio.gov/image/upload/medicaid.ohio.gov/PHM/unified-pdl/20251001_UPDL_v1_approved.pdf,Ohio Medicaid Preferred Drug List,Molina,Ohio_Molina_Ohio Medicaid Preferred Drug List.pdf,,,,completed
c0cab370-8e65-497b-a3cd-282848d50ba5,2daf1ac0-7229-41f6-94b8-cf49449dd810,93d585d6-a604-4766-b140-2aa31784d2d6,dexmethylphenidate tab,Ohio,Covered,Preferred,,No,No,No,0.95,https://dam.assets.ohio.gov/image/upload/medicaid.ohio.gov/PHM/unified-pdl/20251001_UPDL_v1_approved.pdf,Ohio Medicaid Preferred Drug List,Molina,Ohio_Molina_Ohio Medicaid Preferred Drug List.pdf,,,,completed
14d0b107-c765-4e40-bbfe-992c02a54e7e,2daf1ac0-7229-41f6-94b8-cf49449dd810,93d585d6-a604-4766-b140-2aa31784d2d6,dexmethylphenidate ER (gen of FOCALIN XR),Ohio,Covered,Preferred,,No,No,No,0.95,https://dam.assets.ohio.gov/image/upload/medicaid.ohio.gov/PHM/unified-pdl/20251001_UPDL_v1_approved.pdf,Ohio Medicaid Preferred Drug List,Molina,Ohio_Molina_Ohio Medicaid Preferred Drug List.pdf,,,,completed
90a123a8-7d90-424c-a6b9-10a4f04c459a,2daf1ac0-7229-41f6-94b8-cf49449dd810,93d585d6-a604-4766-b140-2aa31784d2d6,"dextroamphetamine IR tab, ER cap",Ohio,Covered,Preferred,,No,No,No,0.95,https://dam.assets.ohio.gov/image/upload/medicaid.ohio.gov/PHM/unified-pdl/20251001_UPDL_v1_approved.pdf,Ohio Medicaid Preferred Drug List,Molina,Ohio_Molina_Ohio Medicaid Preferred Drug List.pdf,,,,completed
b85e0786-3cc4-4351-bfc6-fb57c7fd2bff,2daf1ac0-7229-41f6-94b8-cf49449dd810,93d585d6-a604-4766-b140-2aa31784d2d6,DYANAVEL,Ohio,Covered,Preferred,,No,No,No,0.95,https://dam.assets.ohio.gov/image/upload/medicaid.ohio.gov/PHM/unified-pdl/20251001_UPDL_v1_approved.pdf,Ohio Medicaid Preferred Drug List,Molina,Ohio_Molina_Ohio Medicaid Preferred Drug List.pdf,,,,completed
6519e2d6-8628-44b9-9b37-33f482566656,2daf1ac0-7229-41f6-94b8-cf49449dd810,93d585d6-a604-4766-b140-2aa31784d2d6,FOCALIN XR,Ohio,Covered,Preferred,,No,No,No,0.95,https://dam.assets.ohio.gov/image/upload/medicaid.ohio.gov/PHM/unified-pdl/20251001_UPDL_v1_approved.pdf,Ohio Medicaid Preferred Drug List,Molina,Ohio_Molina_Ohio Medicaid Preferred Drug List.pdf,,,,completed
621e8df9-b09d-414c-bc40-cb934de0f6ee,2daf1ac0-7229-41f6-94b8-cf49449dd810,93d585d6-a604-4766-b140-2aa31784d2d6,"methylphenidate ER cap (gen of METADATE CD, RITALIN)",Ohio,Covered,Preferred,,No,No,No,0.95,https://dam.assets.ohio.gov/image/upload/medicaid.ohio.gov/PHM/unified-pdl/20251001_UPDL_v1_approved.pdf,Ohio Medicaid Preferred Drug List,Molina,Ohio_Molina_Ohio Medicaid Preferred Drug List.pdf,,,,completed
3df33044-d5b0-4971-a1c9-ac19a5b24f1f,2daf1ac0-7229-41f6-94b8-cf49449dd810,93d585d6-a604-4766-b140-2aa31784d2d6,"methylphenidate ER tab (gen of CONCERTA, METHYLIN ER, RITALIN SR)",Ohio,Covered,Preferred,,No,No,No,0.95,https://dam.assets.ohio.gov/image/upload/medicaid.ohio.gov/PHM/unified-pdl/20251001_UPDL_v1_approved.pdf,Ohio Medicaid Preferred Drug List,Molina,Ohio_Molina_Ohio Medicaid Preferred Drug List.pdf,,,,completed
9b3da211-7d0e-4098-8b90-6313aa9f4802,2daf1ac0-7229-41f6-94b8-cf49449dd810,93d585d6-a604-4766-b140-2aa31784d2d6,methylphenidate soln,Ohio,Covered,Preferred,,No,No,No,0.95,https://dam.assets.ohio.gov/image/upload/medicaid.ohio.gov/PHM/unified-pdl/20251001_UPDL_v1_approved.pdf,Ohio Medicaid Preferred Drug List,Molina,Ohio_Molina_Ohio Medicaid Preferred Drug List.pdf,,,,completed
be0a5e15-93a8-430f-b6c0-48f64697c340,2daf1ac0-7229-41f6-94b8-cf49449dd810,93d585d6-a604-4766-b140-2aa31784d2d6,methylphenidate,Ohio,Covered,Preferred,,No,No,No,0.95,https://dam.assets.ohio.gov/image/upload/medicaid.ohio.gov/PHM/unified-pdl/20251001_UPDL_v1_approved.pdf,Ohio Medicaid Preferred Drug List,Molina,Ohio_Molina_Ohio Medicaid Preferred Drug List.pdf,,,,completed
55ba210e-2c39-47f9-8bd8-868846fa466a,2daf1ac0-7229-41f6-94b8-cf49449dd810,93d585d6-a604-4766-b140-2aa31784d2d6,PROCENTRA BvG,Ohio,Covered,Preferred,,No,No,No,0.95,https://dam.assets.ohio.gov/image/upload/medicaid.ohio.gov/PHM/unified-pdl/20251001_UPDL_v1_approved.pdf,Ohio Medicaid Preferred Drug List,Molina,Ohio_Molina_Ohio Medicaid Preferred Drug List.pdf,,,,completed
d0b0db60-caeb-4e76-872d-73d299aff808,2daf1ac0-7229-41f6-94b8-cf49449dd810,93d585d6-a604-4766-b140-2aa31784d2d6,QUILLICHEW ER,Ohio,Covered,Preferred,,No,No,No,0.95,https://dam.assets.ohio.gov/image/upload/medicaid.ohio.gov/PHM/unified-pdl/20251001_UPDL_v1_approved.pdf,Ohio Medicaid Preferred Drug List,Molina,Ohio_Molina_Ohio Medicaid Preferred Drug List.pdf,,,,completed
39d05227-e7c3-4f66-91c6-1a501c7e0ef8,2daf1ac0-7229-41f6-94b8-cf49449dd810,93d585d6-a604-4766-b140-2aa31784d2d6,QUILLIVANT XR,Ohio,Covered,Preferred,,No,No,No,0.95,https://dam.assets.ohio.gov/image/upload/medicaid.ohio.gov/PHM/unified-pdl/20251001_UPDL_v1_approved.pdf,Ohio Medicaid Preferred Drug List,Molina,Ohio_Molina_Ohio Medicaid Preferred Drug List.pdf,,,,completed
b4332076-5d6e-404a-9a59-c3e8b5bb8f0b,2daf1ac0-7229-41f6-94b8-cf49449dd810,93d585d6-a604-4766-b140-2aa31784d2d6,RITALIN,Ohio,Covered,Preferred,,No,No,No,0.95,https://dam.assets.ohio.gov/image/upload/medicaid.ohio.gov/PHM/unified-pdl/20251001_UPDL_v1_approved.pdf,Ohio Medicaid Preferred Drug List,Molina,Ohio_Molina_Ohio Medicaid Preferred Drug List.pdf,,,,completed
a452a1e1-44cc-4113-9666-3e3b652aacc3,2daf1ac0-7229-41f6-94b8-cf49449dd810,93d585d6-a604-4766-b140-2aa31784d2d6,VYVANSE CAP,Ohio,Covered,Preferred,,No,No,No,0.95,https://dam.assets.ohio.gov/image/upload/medicaid.ohio.gov/PHM/unified-pdl/20251001_UPDL_v1_approved.pdf,Ohio Medicaid Preferred Drug List,Molina,Ohio_Molina_Ohio Medicaid Preferred Drug List.pdf,,,,completed
f3d7e9d4-06f1-445f-8bdf-6ce6bbfcb38a,2daf1ac0-7229-41f6-94b8-cf49449dd810,93d585d6-a604-4766-b140-2aa31784d2d6,ADZENYS XR,Ohio,Covered,Non-Preferred,,No,No,No,0.95,https://dam.assets.ohio.gov/image/upload/medicaid.ohio.gov/PHM/unified-pdl/20251001_UPDL_v1_approved.pdf,Ohio Medicaid Preferred Drug List,Molina,Ohio_Molina_Ohio Medicaid Preferred Drug List.pdf,,,,completed
d19d45f7-5fa8-40a7-b223-0d3ab575b6f7,2daf1ac0-7229-41f6-94b8-cf49449dd810,93d585d6-a604-4766-b140-2aa31784d2d6,amphetamine,Ohio,Covered,Non-Preferred,,No,No,No,0.95,https://dam.assets.ohio.gov/image/upload/medicaid.ohio.gov/PHM/unified-pdl/20251001_UPDL_v1_approved.pdf,Ohio Medicaid Preferred Drug List,Molina,Ohio_Molina_Ohio Medicaid Preferred Drug List.pdf,,,,completed
c4308eed-f7bb-4014-af9e-18b86137b529,2daf1ac0-7229-41f6-94b8-cf49449dd810,93d585d6-a604-4766-b140-2aa31784d2d6,AZSTARYS,Ohio,Covered,Non-Preferred,,No,No,No,0.95,https://dam.assets.ohio.gov/image/upload/medicaid.ohio.gov/PHM/unified-pdl/20251001_UPDL_v1_approved.pdf,Ohio Medicaid Preferred Drug List,Molina,Ohio_Molina_Ohio Medicaid Preferred Drug List.pdf,,,,completed
ed49513e-89b5-48a0-8ef3-d53de1f990e7,2daf1ac0-7229-41f6-94b8-cf49449dd810,93d585d6-a604-4766-b140-2aa31784d2d6,COTEMPLA XR,Ohio,Covered,Non-Preferred,,No,No,No,0.95,https://dam.assets.ohio.gov/image/upload/medicaid.ohio.gov/PHM/unified-pdl/20251001_UPDL_v1_approved.pdf,Ohio Medicaid Preferred Drug List,Molina,Ohio_Molina_Ohio Medicaid Preferred Drug List.pdf,,,,completed
7ab04896-5f07-497a-a9db-33187d6ce8cc,2daf1ac0-7229-41f6-94b8-cf49449dd810,93d585d6-a604-4766-b140-2aa31784d2d6,DAYTRANA,Ohio,Covered,Non-Preferred,,No,No,No,0.95,https://dam.assets.ohio.gov/image/upload/medicaid.ohio.gov/PHM/unified-pdl/20251001_UPDL_v1_approved.pdf,Ohio Medicaid Preferred Drug List,Molina,Ohio_Molina_Ohio Medicaid Preferred Drug List.pdf,,,,completed
32590661-119a-4a07-a17d-6b0f0ba1908d,2daf1ac0-7229-41f6-94b8-cf49449dd810,93d585d6-a604-4766-b140-2aa31784d2d6,dextroamphetamine soln,Ohio,Covered,Non-Preferred,,No,No,No,0.95,https://dam.assets.ohio.gov/image/upload/medicaid.ohio.gov/PHM/unified-pdl/20251001_UPDL_v1_approved.pdf,Ohio Medicaid Preferred Drug List,Molina,Ohio_Molina_Ohio Medicaid Preferred Drug List.pdf,,,,completed
f9b44ee4-7f3f-45ab-b428-d7486938a05b,2daf1ac0-7229-41f6-94b8-cf49449dd810,93d585d6-a604-4766-b140-2aa31784d2d6,EVEKEO,Ohio,Covered,Non-Preferred,,No,No,No,0.95,https://dam.assets.ohio.gov/image/upload/medicaid.ohio.gov/PHM/unified-pdl/20251001_UPDL_v1_approved.pdf,Ohio Medicaid Preferred Drug List,Molina,Ohio_Molina_Ohio Medicaid Preferred Drug List.pdf,,,,completed
60a49c3d-418a-4d51-918d-fbcb326b9a73,2daf1ac0-7229-41f6-94b8-cf49449dd810,93d585d6-a604-4766-b140-2aa31784d2d6,JORNAY,Ohio,Covered,Non-Preferred,,No,No,No,0.95,https://dam.assets.ohio.gov/image/upload/medicaid.ohio.gov/PHM/unified-pdl/20251001_UPDL_v1_approved.pdf,Ohio Medicaid Preferred Drug List,Molina,Ohio_Molina_Ohio Medicaid Preferred Drug List.pdf,,,,completed
8393a61e-4cb2-4ab1-80c5-90f686196b44,2daf1ac0-7229-41f6-94b8-cf49449dd810,93d585d6-a604-4766-b140-2aa31784d2d6,lisdexamfetamine,Ohio,Covered,Non-Preferred,,No,No,No,0.95,https://dam.assets.ohio.gov/image/upload/medicaid.ohio.gov/PHM/unified-pdl/20251001_UPDL_v1_approved.pdf,Ohio Medicaid Preferred Drug List,Molina,Ohio_Molina_Ohio Medicaid Preferred Drug List.pdf,,,,completed
2998c6c2-3c0b-4d6b-8f70-07bca017adcf,2daf1ac0-7229-41f6-94b8-cf49449dd810,93d585d6-a604-4766-b140-2aa31784d2d6,methamphetamine,Ohio,Covered,Non-Preferred,,No,No,No,0.95,https://dam.assets.ohio.gov/image/upload/medicaid.ohio.gov/PHM/unified-pdl/20251001_UPDL_v1_approved.pdf,Ohio Medicaid Preferred Drug List,Molina,Ohio_Molina_Ohio Medicaid Preferred Drug List.pdf,,,,completed
810e9a0e-7755-4cb6-a5d3-d572753a37dd,2daf1ac0-7229-41f6-94b8-cf49449dd810,93d585d6-a604-4766-b140-2aa31784d2d6,methylphenidate chewable tab,Ohio,Covered,Non-Preferred,,No,No,No,0.95,https://dam.assets.ohio.gov/image/upload/medicaid.ohio.gov/PHM/unified-pdl/20251001_UPDL_v1_approved.pdf,Ohio Medicaid Preferred Drug List,Molina,Ohio_Molina_Ohio Medicaid Preferred Drug List.pdf,,,,completed
3c6c8f1c-cd69-4f06-aea3-acc77e2ffb8a,2daf1ac0-7229-41f6-94b8-cf49449dd810,93d585d6-a604-4766-b140-2aa31784d2d6,"methylphenidate ER cap, tab (gen of APTENSIO XR, RELEXXII)",Ohio,Covered,Non-Preferred,,No,No,No,0.95,https://dam.assets.ohio.gov/image/upload/medicaid.ohio.gov/PHM/unified-pdl/20251001_UPDL_v1_approved.pdf,Ohio Medicaid Preferred Drug List,Molina,Ohio_Molina_Ohio Medicaid Preferred Drug List.pdf,,,,completed
d9774f6f-9c1d-4fb4-bbbd-cc9290d1c549,2daf1ac0-7229-41f6-94b8-cf49449dd810,93d585d6-a604-4766-b140-2aa31784d2d6,MYDAYIS,Ohio,Covered,Non-Preferred,,No,No,No,0.95,https://dam.assets.ohio.gov/image/upload/medicaid.ohio.gov/PHM/unified-pdl/20251001_UPDL_v1_approved.pdf,Ohio Medicaid Preferred Drug List,Molina,Ohio_Molina_Ohio Medicaid Preferred Drug List.pdf,,,,completed
e6855e0c-86e6-4fe0-a438-0c174f8e539c,2daf1ac0-7229-41f6-94b8-cf49449dd810,93d585d6-a604-4766-b140-2aa31784d2d6,VYVANSE CHEWABLE TAB,Ohio,Covered,Non-Preferred,,No,No,No,0.95,https://dam.assets.ohio.gov/image/upload/medicaid.ohio.gov/PHM/unified-pdl/20251001_UPDL_v1_approved.pdf,Ohio Medicaid Preferred Drug List,Molina,Ohio_Molina_Ohio Medicaid Preferred Drug List.pdf,,,,completed
ffb671e2-936b-49f4-bb69-a7569f825eb3,2daf1ac0-7229-41f6-94b8-cf49449dd810,93d585d6-a604-4766-b140-2aa31784d2d6,XELSTRYM,Ohio,Covered,Non-Preferred,,No,No,No,0.95,https://dam.assets.ohio.gov/image/upload/medicaid.ohio.gov/PHM/unified-pdl/20251001_UPDL_v1_approved.pdf,Ohio Medicaid Preferred Drug List,Molina,Ohio_Molina_Ohio Medicaid Preferred Drug List.pdf,,,,completed
fa2e47e4-a8a7-4afd-b5e8-9ae3dbd608b2,2daf1ac0-7229-41f6-94b8-cf49449dd810,93d585d6-a604-4766-b140-2aa31784d2d6,ABILIFY ASIMTUFII,Ohio,Covered,Preferred,,No,No,No,0.95,https://dam.assets.ohio.gov/image/upload/medicaid.ohio.gov/PHM/unified-pdl/20251001_UPDL_v1_approved.pdf,Ohio Medicaid Preferred Drug List,Molina,Ohio_Molina_Ohio Medicaid Preferred Drug List.pdf,,,,completed
122b1043-0c95-4d5e-b579-328ae0d39b85,2daf1ac0-7229-41f6-94b8-cf49449dd810,93d585d6-a604-4766-b140-2aa31784d2d6,ABILIFY MYCITE,Ohio,Covered,Non-Preferred,['PA'],Yes,No,No,0.95,https://dam.assets.ohio.gov/image/upload/medicaid.ohio.gov/PHM/unified-pdl/20251001_UPDL_v1_approved.pdf,Ohio Medicaid Preferred Drug List,Molina,Ohio_Molina_Ohio Medicaid Preferred Drug List.pdf,,,,completed
79518368-26be-492c-86ae-6df7f10ce22f,2daf1ac0-7229-41f6-94b8-cf49449dd810,93d585d6-a604-4766-b140-2aa31784d2d6,aripiprazole,Ohio,Covered,Preferred,,No,No,No,0.95,https://dam.assets.ohio.gov/image/upload/medicaid.ohio.gov/PHM/unified-pdl/20251001_UPDL_v1_approved.pdf,Ohio Medicaid Preferred Drug List,Molina,Ohio_Molina_Ohio Medicaid Preferred Drug List.pdf,,,,completed
7830a60b-2627-443e-b46d-a656c906bc22,2daf1ac0-7229-41f6-94b8-cf49449dd810,93d585d6-a604-4766-b140-2aa31784d2d6,aripiprazole,Ohio,Covered,Non-Preferred,,No,No,No,0.95,https://dam.assets.ohio.gov/image/upload/medicaid.ohio.gov/PHM/unified-pdl/20251001_UPDL_v1_approved.pdf,Ohio Medicaid Preferred Drug List,Molina,Ohio_Molina_Ohio Medicaid Preferred Drug List.pdf,,,,completed
31872521-45a7-49a2-adb3-3bfa08787130,2daf1ac0-7229-41f6-94b8-cf49449dd810,93d585d6-a604-4766-b140-2aa31784d2d6,aripiprazole soln,Ohio,Covered,Non-Preferred,,No,No,No,0.95,https://dam.assets.ohio.gov/image/upload/medicaid.ohio.gov/PHM/unified-pdl/20251001_UPDL_v1_approved.pdf,Ohio Medicaid Preferred Drug List,Molina,Ohio_Molina_Ohio Medicaid Preferred Drug List.pdf,,,,completed
87de5301-f3cb-4110-b7d0-fe4dbf8b7a49,2daf1ac0-7229-41f6-94b8-cf49449dd810,93d585d6-a604-4766-b140-2aa31784d2d6,ARISTADA,Ohio,Covered,Preferred,,No,No,No,0.95,https://dam.assets.ohio.gov/image/upload/medicaid.ohio.gov/PHM/unified-pdl/20251001_UPDL_v1_approved.pdf,Ohio Medicaid Preferred Drug List,Molina,Ohio_Molina_Ohio Medicaid Preferred Drug List.pdf,,,,completed
c0064428-6b13-4ac4-b294-3f70176dcf6d,2daf1ac0-7229-41f6-94b8-cf49449dd810,93d585d6-a604-4766-b140-2aa31784d2d6,ARISTADA INITIO,Ohio,Covered,Preferred,,No,No,No,0.95,https://dam.assets.ohio.gov/image/upload/medicaid.ohio.gov/PHM/unified-pdl/20251001_UPDL_v1_approved.pdf,Ohio Medicaid Preferred Drug List,Molina,Ohio_Molina_Ohio Medicaid Preferred Drug List.pdf,,,,completed
1d32b57e-94bb-42ab-98ac-266eed6a388b,2daf1ac0-7229-41f6-94b8-cf49449dd810,93d585d6-a604-4766-b140-2aa31784d2d6,asenapine,Ohio,Covered,Tier 5,,No,No,No,0.95,https://dam.assets.ohio.gov/image/upload/medicaid.ohio.gov/PHM/unified-pdl/20251001_UPDL_v1_approved.pdf,Ohio Medicaid Preferred Drug List,Molina,Ohio_Molina_Ohio Medicaid Preferred Drug List.pdf,,,,completed
c3e7457a-ff59-4c26-b184-080165b3bc65,2daf1ac0-7229-41f6-94b8-cf49449dd810,93d585d6-a604-4766-b140-2aa31784d2d6,clozapine,Ohio,Covered,Preferred,,No,No,No,0.95,https://dam.assets.ohio.gov/image/upload/medicaid.ohio.gov/PHM/unified-pdl/20251001_UPDL_v1_approved.pdf,Ohio Medicaid Preferred Drug List,Molina,Ohio_Molina_Ohio Medicaid Preferred Drug List.pdf,,,,completed
3234a177-3efd-40e5-88ec-400253c39baa,2daf1ac0-7229-41f6-94b8-cf49449dd810,93d585d6-a604-4766-b140-2aa31784d2d6,clozapine,Ohio,Covered,Non-Preferred,,No,No,No,0.95,https://dam.assets.ohio.gov/image/upload/medicaid.ohio.gov/PHM/unified-pdl/20251001_UPDL_v1_approved.pdf,Ohio Medicaid Preferred Drug List,Molina,Ohio_Molina_Ohio Medicaid Preferred Drug List.pdf,,,,completed
0523fa9f-3153-424c-a2fa-817a1d6fdd8b,2daf1ac0-7229-41f6-94b8-cf49449dd810,93d585d6-a604-4766-b140-2aa31784d2d6,COBENFY,Ohio,Covered,Non-Preferred,,No,No,No,0.95,https://dam.assets.ohio.gov/image/upload/medicaid.ohio.gov/PHM/unified-pdl/20251001_UPDL_v1_approved.pdf,Ohio Medicaid Preferred Drug List,Molina,Ohio_Molina_Ohio Medicaid Preferred Drug List.pdf,,,,completed
6ec5e71a-0a27-42bc-9457-88ec42854a97,2daf1ac0-7229-41f6-94b8-cf49449dd810,93d585d6-a604-4766-b140-2aa31784d2d6,EQUETRO,Ohio,Covered,Non-Preferred,,No,No,No,0.95,https://dam.assets.ohio.gov/image/upload/medicaid.ohio.gov/PHM/unified-pdl/20251001_UPDL_v1_approved.pdf,Ohio Medicaid Preferred Drug List,Molina,Ohio_Molina_Ohio Medicaid Preferred Drug List.pdf,,,,completed
fd831f9c-e889-4875-acbc-5d68bd35298f,2daf1ac0-7229-41f6-94b8-cf49449dd810,93d585d6-a604-4766-b140-2aa31784d2d6,ERZOFRI,Ohio,Covered,Non-Preferred,,No,No,No,0.95,https://dam.assets.ohio.gov/image/upload/medicaid.ohio.gov/PHM/unified-pdl/20251001_UPDL_v1_approved.pdf,Ohio Medicaid Preferred Drug List,Molina,Ohio_Molina_Ohio Medicaid Preferred Drug List.pdf,,,,completed
f167eae8-84b3-438a-a3d6-3aff35675118,2daf1ac0-7229-41f6-94b8-cf49449dd810,93d585d6-a604-4766-b140-2aa31784d2d6,FANAPT,Ohio,Covered,Tier 5,,No,No,No,0.95,https://dam.assets.ohio.gov/image/upload/medicaid.ohio.gov/PHM/unified-pdl/20251001_UPDL_v1_approved.pdf,Ohio Medicaid Preferred Drug List,Molina,Ohio_Molina_Ohio Medicaid Preferred Drug List.pdf,,,,completed
7395f4fc-74e1-48d8-97b7-1be64eee9374,2daf1ac0-7229-41f6-94b8-cf49449dd810,93d585d6-a604-4766-b140-2aa31784d2d6,fluoxetine/olanzapine,Ohio,Covered,Non-Preferred,,No,No,No,0.95,https://dam.assets.ohio.gov/image/upload/medicaid.ohio.gov/PHM/unified-pdl/20251001_UPDL_v1_approved.pdf,Ohio Medicaid Preferred Drug List,Molina,Ohio_Molina_Ohio Medicaid Preferred Drug List.pdf,,,,completed
58f9fd93-96ea-40bd-8187-73eca9e27fec,2daf1ac0-7229-41f6-94b8-cf49449dd810,93d585d6-a604-4766-b140-2aa31784d2d6,GEODON,Ohio,Covered,Preferred,,No,No,No,0.95,https://dam.assets.ohio.gov/image/upload/medicaid.ohio.gov/PHM/unified-pdl/20251001_UPDL_v1_approved.pdf,Ohio Medicaid Preferred Drug List,Molina,Ohio_Molina_Ohio Medicaid Preferred Drug List.pdf,,,,completed
07817348-f2d9-42e0-bedf-e9c03f3e7c2d,2daf1ac0-7229-41f6-94b8-cf49449dd810,93d585d6-a604-4766-b140-2aa31784d2d6,INVEGA HAFYERA,Ohio,Covered,Preferred,['PA'],Yes,No,No,0.95,https://dam.assets.ohio.gov/image/upload/medicaid.ohio.gov/PHM/unified-pdl/20251001_UPDL_v1_approved.pdf,Ohio Medicaid Preferred Drug List,Molina,Ohio_Molina_Ohio Medicaid Preferred Drug List.pdf,,,,completed
26efdcf9-5159-4d05-8284-67eee606b64d,2daf1ac0-7229-41f6-94b8-cf49449dd810,93d585d6-a604-4766-b140-2aa31784d2d6,INVEGA SUSTENNA,Ohio,Covered,Preferred,,No,No,No,0.95,https://dam.assets.ohio.gov/image/upload/medicaid.ohio.gov/PHM/unified-pdl/20251001_UPDL_v1_approved.pdf,Ohio Medicaid Preferred Drug List,Molina,Ohio_Molina_Ohio Medicaid Preferred Drug List.pdf,,,,completed
8478b801-907f-489b-b115-8d2d6031319a,2daf1ac0-7229-41f6-94b8-cf49449dd810,93d585d6-a604-4766-b140-2aa31784d2d6,INVEGA TRINZA,Ohio,Covered,Preferred,,No,No,No,0.95,https://dam.assets.ohio.gov/image/upload/medicaid.ohio.gov/PHM/unified-pdl/20251001_UPDL_v1_approved.pdf,Ohio Medicaid Preferred Drug List,Molina,Ohio_Molina_Ohio Medicaid Preferred Drug List.pdf,,,,completed
d01c8aea-f8bf-4d0d-a9f6-fc8ce11eb108,2daf1ac0-7229-41f6-94b8-cf49449dd810,93d585d6-a604-4766-b140-2aa31784d2d6,lurasidone,Ohio,Covered,Preferred,,No,No,No,0.95,https://dam.assets.ohio.gov/image/upload/medicaid.ohio.gov/PHM/unified-pdl/20251001_UPDL_v1_approved.pdf,Ohio Medicaid Preferred Drug List,Molina,Ohio_Molina_Ohio Medicaid Preferred Drug List.pdf,,,,completed
9f3e68f2-02a5-4e40-b209-12515844badf,2daf1ac0-7229-41f6-94b8-cf49449dd810,93d585d6-a604-4766-b140-2aa31784d2d6,LYBALVI,Ohio,Covered,Non-Preferred,,No,No,No,0.95,https://dam.assets.ohio.gov/image/upload/medicaid.ohio.gov/PHM/unified-pdl/20251001_UPDL_v1_approved.pdf,Ohio Medicaid Preferred Drug List,Molina,Ohio_Molina_Ohio Medicaid Preferred Drug List.pdf,,,,completed
a88ab07e-f148-4300-985d-6a0d9ef819c8,2daf1ac0-7229-41f6-94b8-cf49449dd810,93d585d6-a604-4766-b140-2aa31784d2d6,MAINTENA,Ohio,Covered,Preferred,,No,No,No,0.95,https://dam.assets.ohio.gov/image/upload/medicaid.ohio.gov/PHM/unified-pdl/20251001_UPDL_v1_approved.pdf,Ohio Medicaid Preferred Drug List,Molina,Ohio_Molina_Ohio Medicaid Preferred Drug List.pdf,,,,completed
75704d0f-a4be-4b81-870a-236f2405851d,2daf1ac0-7229-41f6-94b8-cf49449dd810,93d585d6-a604-4766-b140-2aa31784d2d6,NUPLAZID,Ohio,Covered,Non-Preferred,,No,No,No,0.95,https://dam.assets.ohio.gov/image/upload/medicaid.ohio.gov/PHM/unified-pdl/20251001_UPDL_v1_approved.pdf,Ohio Medicaid Preferred Drug List,Molina,Ohio_Molina_Ohio Medicaid Preferred Drug List.pdf,,,,completed
69990127-276e-4ef7-a223-fd82a8d969fe,2daf1ac0-7229-41f6-94b8-cf49449dd810,93d585d6-a604-4766-b140-2aa31784d2d6,OPIPZA,Ohio,Covered,Non-Preferred,,No,No,No,0.95,https://dam.assets.ohio.gov/image/upload/medicaid.ohio.gov/PHM/unified-pdl/20251001_UPDL_v1_approved.pdf,Ohio Medicaid Preferred Drug List,Molina,Ohio_Molina_Ohio Medicaid Preferred Drug List.pdf,,,,completed
0fe9e920-3394-4ff7-b182-b5f84ef43e09,2daf1ac0-7229-41f6-94b8-cf49449dd810,93d585d6-a604-4766-b140-2aa31784d2d6,olanzapine,Ohio,Covered,Preferred,,No,No,No,0.95,https://dam.assets.ohio.gov/image/upload/medicaid.ohio.gov/PHM/unified-pdl/20251001_UPDL_v1_approved.pdf,Ohio Medicaid Preferred Drug List,Molina,Ohio_Molina_Ohio Medicaid Preferred Drug List.pdf,,,,completed
07d14b3b-aeef-49c4-96c9-d05729b83f64,2daf1ac0-7229-41f6-94b8-cf49449dd810,93d585d6-a604-4766-b140-2aa31784d2d6,paliperidone,Ohio,Covered,Preferred,,No,No,No,0.95,https://dam.assets.ohio.gov/image/upload/medicaid.ohio.gov/PHM/unified-pdl/20251001_UPDL_v1_approved.pdf,Ohio Medicaid Preferred Drug List,Molina,Ohio_Molina_Ohio Medicaid Preferred Drug List.pdf,,,,completed
dc23955a-0bdd-4814-a8ad-e00cff99d920,2daf1ac0-7229-41f6-94b8-cf49449dd810,93d585d6-a604-4766-b140-2aa31784d2d6,PERSERIS,Ohio,Covered,Preferred,,No,No,No,0.95,https://dam.assets.ohio.gov/image/upload/medicaid.ohio.gov/PHM/unified-pdl/20251001_UPDL_v1_approved.pdf,Ohio Medicaid Preferred Drug List,Molina,Ohio_Molina_Ohio Medicaid Preferred Drug List.pdf,,,,completed
bdccc93e-7e24-46c2-a277-f914e4ec69f7,2daf1ac0-7229-41f6-94b8-cf49449dd810,93d585d6-a604-4766-b140-2aa31784d2d6,quetiapine,Ohio,Covered,Preferred,,No,No,No,0.95,https://dam.assets.ohio.gov/image/upload/medicaid.ohio.gov/PHM/unified-pdl/20251001_UPDL_v1_approved.pdf,Ohio Medicaid Preferred Drug List,Molina,Ohio_Molina_Ohio Medicaid Preferred Drug List.pdf,,,,completed
50892eab-acc0-4e27-a86c-f4a87b7fb8a5,2daf1ac0-7229-41f6-94b8-cf49449dd810,93d585d6-a604-4766-b140-2aa31784d2d6,RISPERDAL CONSTA,Ohio,Covered,Preferred,['BvG'],No,No,No,0.95,https://dam.assets.ohio.gov/image/upload/medicaid.ohio.gov/PHM/unified-pdl/20251001_UPDL_v1_approved.pdf,Ohio Medicaid Preferred Drug List,Molina,Ohio_Molina_Ohio Medicaid Preferred Drug List.pdf,,,,completed
f5a99595-7781-407e-86ed-6ae17405e174,2daf1ac0-7229-41f6-94b8-cf49449dd810,93d585d6-a604-4766-b140-2aa31784d2d6,risperidone,Ohio,Covered,Preferred,,No,No,No,0.95,https://dam.assets.ohio.gov/image/upload/medicaid.ohio.gov/PHM/unified-pdl/20251001_UPDL_v1_approved.pdf,Ohio Medicaid Preferred Drug List,Molina,Ohio_Molina_Ohio Medicaid Preferred Drug List.pdf,,,,completed
6b334e40-abc1-42a2-b56b-055017dee728,2daf1ac0-7229-41f6-94b8-cf49449dd810,93d585d6-a604-4766-b140-2aa31784d2d6,risperidone microspheres,Ohio,Covered,Non-Preferred,,No,No,No,0.95,https://dam.assets.ohio.gov/image/upload/medicaid.ohio.gov/PHM/unified-pdl/20251001_UPDL_v1_approved.pdf,Ohio Medicaid Preferred Drug List,Molina,Ohio_Molina_Ohio Medicaid Preferred Drug List.pdf,,,,completed
6b528d23-acc7-48f9-8c0a-b10e12d1247a,2daf1ac0-7229-41f6-94b8-cf49449dd810,93d585d6-a604-4766-b140-2aa31784d2d6,RYKINDO,Ohio,Covered,Preferred,,No,No,No,0.95,https://dam.assets.ohio.gov/image/upload/medicaid.ohio.gov/PHM/unified-pdl/20251001_UPDL_v1_approved.pdf,Ohio Medicaid Preferred Drug List,Molina,Ohio_Molina_Ohio Medicaid Preferred Drug List.pdf,,,,completed
f1e95ba8-ba90-4156-b40a-6fe1f763b7db,2daf1ac0-7229-41f6-94b8-cf49449dd810,93d585d6-a604-4766-b140-2aa31784d2d6,SECUADO,Ohio,Covered,Non-Preferred,,No,No,No,0.95,https://dam.assets.ohio.gov/image/upload/medicaid.ohio.gov/PHM/unified-pdl/20251001_UPDL_v1_approved.pdf,Ohio Medicaid Preferred Drug List,Molina,Ohio_Molina_Ohio Medicaid Preferred Drug List.pdf,,,,completed
8d5e9810-c911-46f3-b751-bf6959faf137,2daf1ac0-7229-41f6-94b8-cf49449dd810,93d585d6-a604-4766-b140-2aa31784d2d6,UZEDY,Ohio,Covered,Preferred,,No,No,No,0.95,https://dam.assets.ohio.gov/image/upload/medicaid.ohio.gov/PHM/unified-pdl/20251001_UPDL_v1_approved.pdf,Ohio Medicaid Preferred Drug List,Molina,Ohio_Molina_Ohio Medicaid Preferred Drug List.pdf,,,,completed
ae215ce4-56e1-4462-abe9-e1f060725e1c,2daf1ac0-7229-41f6-94b8-cf49449dd810,93d585d6-a604-4766-b140-2aa31784d2d6,VERSACLOZ,Ohio,Covered,Non-Preferred,,No,No,No,0.95,https://dam.assets.ohio.gov/image/upload/medicaid.ohio.gov/PHM/unified-pdl/20251001_UPDL_v1_approved.pdf,Ohio Medicaid Preferred Drug List,Molina,Ohio_Molina_Ohio Medicaid Preferred Drug List.pdf,,,,completed
356a6ff7-5db7-4f13-89d7-1a60d07e8fd5,2daf1ac0-7229-41f6-94b8-cf49449dd810,93d585d6-a604-4766-b140-2aa31784d2d6,VRAYLAR,Ohio,Covered,Tier 5,,No,No,No,0.95,https://dam.assets.ohio.gov/image/upload/medicaid.ohio.gov/PHM/unified-pdl/20251001_UPDL_v1_approved.pdf,Ohio Medicaid Preferred Drug List,Molina,Ohio_Molina_Ohio Medicaid Preferred Drug List.pdf,,,,completed
a9b6e485-37f0-4588-a90d-79424c4afbb3,2daf1ac0-7229-41f6-94b8-cf49449dd810,93d585d6-a604-4766-b140-2aa31784d2d6,ZYPREXA RELPREVV,Ohio,Covered,Non-Preferred,,No,No,No,0.95,https://dam.assets.ohio.gov/image/upload/medicaid.ohio.gov/PHM/unified-pdl/20251001_UPDL_v1_approved.pdf,Ohio Medicaid Preferred Drug List,Molina,Ohio_Molina_Ohio Medicaid Preferred Drug List.pdf,,,,completed
203a6dc1-0a37-47f1-aaa9-145a4bc93a7f,2daf1ac0-7229-41f6-94b8-cf49449dd810,93d585d6-a604-4766-b140-2aa31784d2d6,ziprasidone,Ohio,Covered,Preferred,,No,No,No,0.95,https://dam.assets.ohio.gov/image/upload/medicaid.ohio.gov/PHM/unified-pdl/20251001_UPDL_v1_approved.pdf,Ohio Medicaid Preferred Drug List,Molina,Ohio_Molina_Ohio Medicaid Preferred Drug List.pdf,,,,completed
4b8bdd92-fd8d-4eca-92da-c1c56fc23c77,2daf1ac0-7229-41f6-94b8-cf49449dd810,93d585d6-a604-4766-b140-2aa31784d2d6,amnesteem,Ohio,Covered,PA,['PA'],Yes,No,No,0.95,https://dam.assets.ohio.gov/image/upload/medicaid.ohio.gov/PHM/unified-pdl/20251001_UPDL_v1_approved.pdf,Ohio Medicaid Preferred Drug List,Molina,Ohio_Molina_Ohio Medicaid Preferred Drug List.pdf,,,,completed
5c05e75a-1350-4f40-b253-c9f9ec6f561c,2daf1ac0-7229-41f6-94b8-cf49449dd810,93d585d6-a604-4766-b140-2aa31784d2d6,claravis,Ohio,Covered,PA,['PA'],Yes,No,No,0.95,https://dam.assets.ohio.gov/image/upload/medicaid.ohio.gov/PHM/unified-pdl/20251001_UPDL_v1_approved.pdf,Ohio Medicaid Preferred Drug List,Molina,Ohio_Molina_Ohio Medicaid Preferred Drug List.pdf,,,,completed
96601036-585b-4add-8ea1-ea22063a49d1,2daf1ac0-7229-41f6-94b8-cf49449dd810,93d585d6-a604-4766-b140-2aa31784d2d6,isotretinoin,Ohio,Covered,PA,['PA'],Yes,No,No,0.95,https://dam.assets.ohio.gov/image/upload/medicaid.ohio.gov/PHM/unified-pdl/20251001_UPDL_v1_approved.pdf,Ohio Medicaid Preferred Drug List,Molina,Ohio_Molina_Ohio Medicaid Preferred Drug List.pdf,,,,completed
2864d61f-e174-4122-ba90-c09803b26e3a,2daf1ac0-7229-41f6-94b8-cf49449dd810,93d585d6-a604-4766-b140-2aa31784d2d6,zenatane,Ohio,Covered,PA,['PA'],Yes,No,No,0.95,https://dam.assets.ohio.gov/image/upload/medicaid.ohio.gov/PHM/unified-pdl/20251001_UPDL_v1_approved.pdf,Ohio Medicaid Preferred Drug List,Molina,Ohio_Molina_Ohio Medicaid Preferred Drug List.pdf,,,,completed
c766b469-95d2-41f6-96db-b13bbc7e5e85,2daf1ac0-7229-41f6-94b8-cf49449dd810,93d585d6-a604-4766-b140-2aa31784d2d6,ABSORICA,Ohio,Covered,,,No,No,No,0.95,https://dam.assets.ohio.gov/image/upload/medicaid.ohio.gov/PHM/unified-pdl/20251001_UPDL_v1_approved.pdf,Ohio Medicaid Preferred Drug List,Molina,Ohio_Molina_Ohio Medicaid Preferred Drug List.pdf,,,,completed
5d4aee4a-a8b8-43d3-ba50-26b8e4d85b50,2daf1ac0-7229-41f6-94b8-cf49449dd810,93d585d6-a604-4766-b140-2aa31784d2d6,EMFLAZA,Ohio,Covered,Preferred Agents,['PA'],Yes,No,No,0.95,https://dam.assets.ohio.gov/image/upload/medicaid.ohio.gov/PHM/unified-pdl/20251001_UPDL_v1_approved.pdf,Ohio Medicaid Preferred Drug List,Molina,Ohio_Molina_Ohio Medicaid Preferred Drug List.pdf,,,,completed
aa5fd97b-6d50-4eb1-9615-738037e143da,2daf1ac0-7229-41f6-94b8-cf49449dd810,93d585d6-a604-4766-b140-2aa31784d2d6,deflazacort,Ohio,Covered,Preferred Agents,,No,No,No,0.95,https://dam.assets.ohio.gov/image/upload/medicaid.ohio.gov/PHM/unified-pdl/20251001_UPDL_v1_approved.pdf,Ohio Medicaid Preferred Drug List,Molina,Ohio_Molina_Ohio Medicaid Preferred Drug List.pdf,,,,completed
1965b3dc-76ff-45e8-8f00-49c20f47a261,2daf1ac0-7229-41f6-94b8-cf49449dd810,93d585d6-a604-4766-b140-2aa31784d2d6,AGAMREE,Ohio,Covered,Non-Preferred Agents,,No,No,No,0.95,https://dam.assets.ohio.gov/image/upload/medicaid.ohio.gov/PHM/unified-pdl/20251001_UPDL_v1_approved.pdf,Ohio Medicaid Preferred Drug List,Molina,Ohio_Molina_Ohio Medicaid Preferred Drug List.pdf,,,,completed
386d4a0c-97eb-4def-b136-a77418199ead,2daf1ac0-7229-41f6-94b8-cf49449dd810,93d585d6-a604-4766-b140-2aa31784d2d6,BAQSIMI,Ohio,Covered,Preferred Agents,,No,No,No,0.95,https://dam.assets.ohio.gov/image/upload/medicaid.ohio.gov/PHM/unified-pdl/20251001_UPDL_v1_approved.pdf,Ohio Medicaid Preferred Drug List,Molina,Ohio_Molina_Ohio Medicaid Preferred Drug List.pdf,,,,completed
1c0346a3-cc41-4e2a-8863-5a7f9921a5e0,2daf1ac0-7229-41f6-94b8-cf49449dd810,93d585d6-a604-4766-b140-2aa31784d2d6,glucagon emerg kit [labeler 00548],Ohio,Covered,Preferred Agents,,No,No,No,0.95,https://dam.assets.ohio.gov/image/upload/medicaid.ohio.gov/PHM/unified-pdl/20251001_UPDL_v1_approved.pdf,Ohio Medicaid Preferred Drug List,Molina,Ohio_Molina_Ohio Medicaid Preferred Drug List.pdf,,,,completed
84d69d25-7b33-463d-831d-7b113b12d83e,2daf1ac0-7229-41f6-94b8-cf49449dd810,93d585d6-a604-4766-b140-2aa31784d2d6,"glucagon emerg kit [labeler 00378, 63323]",Ohio,Covered,Non-Preferred Agents,,No,No,No,0.95,https://dam.assets.ohio.gov/image/upload/medicaid.ohio.gov/PHM/unified-pdl/20251001_UPDL_v1_approved.pdf,Ohio Medicaid Preferred Drug List,Molina,Ohio_Molina_Ohio Medicaid Preferred Drug List.pdf,,,,completed
75ec92ac-b09b-43a3-93b0-4681b64f3ccc,2daf1ac0-7229-41f6-94b8-cf49449dd810,93d585d6-a604-4766-b140-2aa31784d2d6,GVOKE,Ohio,Covered,Preferred Agents,,No,No,No,0.95,https://dam.assets.ohio.gov/image/upload/medicaid.ohio.gov/PHM/unified-pdl/20251001_UPDL_v1_approved.pdf,Ohio Medicaid Preferred Drug List,Molina,Ohio_Molina_Ohio Medicaid Preferred Drug List.pdf,,,,completed
29217b74-5b39-4304-a1d5-c52a6d0a1f25,2daf1ac0-7229-41f6-94b8-cf49449dd810,93d585d6-a604-4766-b140-2aa31784d2d6,ZEGALOGUE,Ohio,Covered,Preferred Agents,,No,No,No,0.95,https://dam.assets.ohio.gov/image/upload/medicaid.ohio.gov/PHM/unified-pdl/20251001_UPDL_v1_approved.pdf,Ohio Medicaid Preferred Drug List,Molina,Ohio_Molina_Ohio Medicaid Preferred Drug List.pdf,,,,completed
a636a016-58b3-4ff4-8309-c4068abd00e2,2daf1ac0-7229-41f6-94b8-cf49449dd810,93d585d6-a604-4766-b140-2aa31784d2d6,BANZEL,Ohio,Covered,BvG,,No,No,No,0.95,https://dam.assets.ohio.gov/image/upload/medicaid.ohio.gov/PHM/unified-pdl/20251001_UPDL_v1_approved.pdf,Ohio Medicaid Preferred Drug List,Molina,Ohio_Molina_Ohio Medicaid Preferred Drug List.pdf,,,,completed
81d76679-df09-4a1f-9b93-452ff49e74fa,2daf1ac0-7229-41f6-94b8-cf49449dd810,93d585d6-a604-4766-b140-2aa31784d2d6,BRIVIACT SOLN,Ohio,Covered,AR,,No,No,No,0.95,https://dam.assets.ohio.gov/image/upload/medicaid.ohio.gov/PHM/unified-pdl/20251001_UPDL_v1_approved.pdf,Ohio Medicaid Preferred Drug List,Molina,Ohio_Molina_Ohio Medicaid Preferred Drug List.pdf,,,,completed
79abddac-c17f-4e1c-b5de-def9eaacafd3,2daf1ac0-7229-41f6-94b8-cf49449dd810,93d585d6-a604-4766-b140-2aa31784d2d6,BRIVIACT,Ohio,Covered,AR,,No,No,No,0.95,https://dam.assets.ohio.gov/image/upload/medicaid.ohio.gov/PHM/unified-pdl/20251001_UPDL_v1_approved.pdf,Ohio Medicaid Preferred Drug List,Molina,Ohio_Molina_Ohio Medicaid Preferred Drug List.pdf,,,,completed
d2ade347-66ed-4294-af14-782fafc5afaa,2daf1ac0-7229-41f6-94b8-cf49449dd810,93d585d6-a604-4766-b140-2aa31784d2d6,carbamazepine,Ohio,Covered,,,No,No,No,0.95,https://dam.assets.ohio.gov/image/upload/medicaid.ohio.gov/PHM/unified-pdl/20251001_UPDL_v1_approved.pdf,Ohio Medicaid Preferred Drug List,Molina,Ohio_Molina_Ohio Medicaid Preferred Drug List.pdf,,,,completed
9f804608-f80b-4611-b7e6-7d6c629baaab,2daf1ac0-7229-41f6-94b8-cf49449dd810,93d585d6-a604-4766-b140-2aa31784d2d6,clobazam,Ohio,Covered,,,No,No,No,0.95,https://dam.assets.ohio.gov/image/upload/medicaid.ohio.gov/PHM/unified-pdl/20251001_UPDL_v1_approved.pdf,Ohio Medicaid Preferred Drug List,Molina,Ohio_Molina_Ohio Medicaid Preferred Drug List.pdf,,,,completed
49219d2e-ff54-4750-b87d-d7ec53d7e808,2daf1ac0-7229-41f6-94b8-cf49449dd810,93d585d6-a604-4766-b140-2aa31784d2d6,clonazepam,Ohio,Covered,,,No,No,No,0.95,https://dam.assets.ohio.gov/image/upload/medicaid.ohio.gov/PHM/unified-pdl/20251001_UPDL_v1_approved.pdf,Ohio Medicaid Preferred Drug List,Molina,Ohio_Molina_Ohio Medicaid Preferred Drug List.pdf,,,,completed
bf4220d3-fd19-4383-ab1c-fd91acc349bf,2daf1ac0-7229-41f6-94b8-cf49449dd810,93d585d6-a604-4766-b140-2aa31784d2d6,DIACOMIT,Ohio,Covered,PA,['PA'],Yes,No,No,0.95,https://dam.assets.ohio.gov/image/upload/medicaid.ohio.gov/PHM/unified-pdl/20251001_UPDL_v1_approved.pdf,Ohio Medicaid Preferred Drug List,Molina,Ohio_Molina_Ohio Medicaid Preferred Drug List.pdf,,,,completed
5a4a7f5e-cd3b-4a49-81fc-0e90c9407557,2daf1ac0-7229-41f6-94b8-cf49449dd810,93d585d6-a604-4766-b140-2aa31784d2d6,divalproex,Ohio,Covered,,,No,No,No,0.95,https://dam.assets.ohio.gov/image/upload/medicaid.ohio.gov/PHM/unified-pdl/20251001_UPDL_v1_approved.pdf,Ohio Medicaid Preferred Drug List,Molina,Ohio_Molina_Ohio Medicaid Preferred Drug List.pdf,,,,completed
c27f4053-fb7b-4e72-9177-eaff437c2d71,2daf1ac0-7229-41f6-94b8-cf49449dd810,93d585d6-a604-4766-b140-2aa31784d2d6,EPIDIOLEX,Ohio,Covered,PA,['PA'],Yes,No,No,0.95,https://dam.assets.ohio.gov/image/upload/medicaid.ohio.gov/PHM/unified-pdl/20251001_UPDL_v1_approved.pdf,Ohio Medicaid Preferred Drug List,Molina,Ohio_Molina_Ohio Medicaid Preferred Drug List.pdf,,,,completed
09695c07-35b1-448f-b76d-3644cf54ad42,2daf1ac0-7229-41f6-94b8-cf49449dd810,93d585d6-a604-4766-b140-2aa31784d2d6,EPRONTIA,Ohio,Covered,AR BvG,,No,No,No,0.95,https://dam.assets.ohio.gov/image/upload/medicaid.ohio.gov/PHM/unified-pdl/20251001_UPDL_v1_approved.pdf,Ohio Medicaid Preferred Drug List,Molina,Ohio_Molina_Ohio Medicaid Preferred Drug List.pdf,,,,completed
2d0ea1e5-7cab-438f-992b-ec1adfa41744,2daf1ac0-7229-41f6-94b8-cf49449dd810,93d585d6-a604-4766-b140-2aa31784d2d6,ethosuximide,Ohio,Covered,,,No,No,No,0.95,https://dam.assets.ohio.gov/image/upload/medicaid.ohio.gov/PHM/unified-pdl/20251001_UPDL_v1_approved.pdf,Ohio Medicaid Preferred Drug List,Molina,Ohio_Molina_Ohio Medicaid Preferred Drug List.pdf,,,,completed
6604e888-804e-475e-a034-297ddd17b6a2,2daf1ac0-7229-41f6-94b8-cf49449dd810,93d585d6-a604-4766-b140-2aa31784d2d6,FYCOMPA,Ohio,Covered,BvG ST,"['BvG', 'ST']",No,Yes,No,0.95,https://dam.assets.ohio.gov/image/upload/medicaid.ohio.gov/PHM/unified-pdl/20251001_UPDL_v1_approved.pdf,Ohio Medicaid Preferred Drug List,Molina,Ohio_Molina_Ohio Medicaid Preferred Drug List.pdf,,,,completed
6b40709c-d68b-4790-8d4f-877e6187e7ac,2daf1ac0-7229-41f6-94b8-cf49449dd810,93d585d6-a604-4766-b140-2aa31784d2d6,gabapentin,Ohio,Covered,,,No,No,No,0.95,https://dam.assets.ohio.gov/image/upload/medicaid.ohio.gov/PHM/unified-pdl/20251001_UPDL_v1_approved.pdf,Ohio Medicaid Preferred Drug List,Molina,Ohio_Molina_Ohio Medicaid Preferred Drug List.pdf,,,,completed
f37cb932-3363-48c2-91ad-ec5321992249,2daf1ac0-7229-41f6-94b8-cf49449dd810,93d585d6-a604-4766-b140-2aa31784d2d6,lacosamide,Ohio,Covered,,,No,No,No,0.95,https://dam.assets.ohio.gov/image/upload/medicaid.ohio.gov/PHM/unified-pdl/20251001_UPDL_v1_approved.pdf,Ohio Medicaid Preferred Drug List,Molina,Ohio_Molina_Ohio Medicaid Preferred Drug List.pdf,,,,completed
7592c610-21b0-4e2d-a970-23c5f5eca2d9,2daf1ac0-7229-41f6-94b8-cf49449dd810,93d585d6-a604-4766-b140-2aa31784d2d6,lamotrigine chew,Ohio,Covered,,,No,No,No,0.95,https://dam.assets.ohio.gov/image/upload/medicaid.ohio.gov/PHM/unified-pdl/20251001_UPDL_v1_approved.pdf,Ohio Medicaid Preferred Drug List,Molina,Ohio_Molina_Ohio Medicaid Preferred Drug List.pdf,,,,completed
1b19699f-f809-45fe-b9e2-9d0c9181e2cb,2daf1ac0-7229-41f6-94b8-cf49449dd810,93d585d6-a604-4766-b140-2aa31784d2d6,lamotrigine,Ohio,Covered,,,No,No,No,0.95,https://dam.assets.ohio.gov/image/upload/medicaid.ohio.gov/PHM/unified-pdl/20251001_UPDL_v1_approved.pdf,Ohio Medicaid Preferred Drug List,Molina,Ohio_Molina_Ohio Medicaid Preferred Drug List.pdf,,,,completed
4af00956-349d-4000-9dde-86c8094ff8ec,2daf1ac0-7229-41f6-94b8-cf49449dd810,93d585d6-a604-4766-b140-2aa31784d2d6,levetiracetam IR,Ohio,Covered,,,No,No,No,0.95,https://dam.assets.ohio.gov/image/upload/medicaid.ohio.gov/PHM/unified-pdl/20251001_UPDL_v1_approved.pdf,Ohio Medicaid Preferred Drug List,Molina,Ohio_Molina_Ohio Medicaid Preferred Drug List.pdf,,,,completed
9c5c15bd-3ab4-4b3e-acf0-559825e2572d,2daf1ac0-7229-41f6-94b8-cf49449dd810,93d585d6-a604-4766-b140-2aa31784d2d6,levetiracetam soln,Ohio,Covered,,,No,No,No,0.95,https://dam.assets.ohio.gov/image/upload/medicaid.ohio.gov/PHM/unified-pdl/20251001_UPDL_v1_approved.pdf,Ohio Medicaid Preferred Drug List,Molina,Ohio_Molina_Ohio Medicaid Preferred Drug List.pdf,,,,completed
e9386671-4589-47ec-ac15-19cab54e2905,2daf1ac0-7229-41f6-94b8-cf49449dd810,93d585d6-a604-4766-b140-2aa31784d2d6,oxcarbazepine IR,Ohio,Covered,,,No,No,No,0.95,https://dam.assets.ohio.gov/image/upload/medicaid.ohio.gov/PHM/unified-pdl/20251001_UPDL_v1_approved.pdf,Ohio Medicaid Preferred Drug List,Molina,Ohio_Molina_Ohio Medicaid Preferred Drug List.pdf,,,,completed
644896cb-b2f9-4261-962e-4f1e781da396,2daf1ac0-7229-41f6-94b8-cf49449dd810,93d585d6-a604-4766-b140-2aa31784d2d6,phenobarbital,Ohio,Covered,,,No,No,No,0.95,https://dam.assets.ohio.gov/image/upload/medicaid.ohio.gov/PHM/unified-pdl/20251001_UPDL_v1_approved.pdf,Ohio Medicaid Preferred Drug List,Molina,Ohio_Molina_Ohio Medicaid Preferred Drug List.pdf,,,,completed
fb994c28-c590-4dea-9a63-2a3fb05d40ef,2daf1ac0-7229-41f6-94b8-cf49449dd810,93d585d6-a604-4766-b140-2aa31784d2d6,phenytoin,Ohio,Covered,,,No,No,No,0.95,https://dam.assets.ohio.gov/image/upload/medicaid.ohio.gov/PHM/unified-pdl/20251001_UPDL_v1_approved.pdf,Ohio Medicaid Preferred Drug List,Molina,Ohio_Molina_Ohio Medicaid Preferred Drug List.pdf,,,,completed
8ad81ef6-2ad1-4bcc-8b1f-ed1df5b15e3c,2daf1ac0-7229-41f6-94b8-cf49449dd810,93d585d6-a604-4766-b140-2aa31784d2d6,pregabalin,Ohio,Covered,,,No,No,No,0.95,https://dam.assets.ohio.gov/image/upload/medicaid.ohio.gov/PHM/unified-pdl/20251001_UPDL_v1_approved.pdf,Ohio Medicaid Preferred Drug List,Molina,Ohio_Molina_Ohio Medicaid Preferred Drug List.pdf,,,,completed
31355329-8694-4fda-bbfa-148e78b45905,2daf1ac0-7229-41f6-94b8-cf49449dd810,93d585d6-a604-4766-b140-2aa31784d2d6,primidone,Ohio,Covered,,,No,No,No,0.95,https://dam.assets.ohio.gov/image/upload/medicaid.ohio.gov/PHM/unified-pdl/20251001_UPDL_v1_approved.pdf,Ohio Medicaid Preferred Drug List,Molina,Ohio_Molina_Ohio Medicaid Preferred Drug List.pdf,,,,completed
318b31c5-8a65-4d80-88cf-fa29f52c19fd,2daf1ac0-7229-41f6-94b8-cf49449dd810,93d585d6-a604-4766-b140-2aa31784d2d6,topiramate,Ohio,Covered,,,No,No,No,0.95,https://dam.assets.ohio.gov/image/upload/medicaid.ohio.gov/PHM/unified-pdl/20251001_UPDL_v1_approved.pdf,Ohio Medicaid Preferred Drug List,Molina,Ohio_Molina_Ohio Medicaid Preferred Drug List.pdf,,,,completed
ddc0571e-51cb-4f5c-95c7-75c5e202aff6,2daf1ac0-7229-41f6-94b8-cf49449dd810,93d585d6-a604-4766-b140-2aa31784d2d6,TRILEPTAL SUSP,Ohio,Covered,BvG,,No,No,No,0.95,https://dam.assets.ohio.gov/image/upload/medicaid.ohio.gov/PHM/unified-pdl/20251001_UPDL_v1_approved.pdf,Ohio Medicaid Preferred Drug List,Molina,Ohio_Molina_Ohio Medicaid Preferred Drug List.pdf,,,,completed
87fec73a-6aec-4d45-aafd-56a247dfc16e,2daf1ac0-7229-41f6-94b8-cf49449dd810,93d585d6-a604-4766-b140-2aa31784d2d6,valproic acid,Ohio,Covered,,,No,No,No,0.95,https://dam.assets.ohio.gov/image/upload/medicaid.ohio.gov/PHM/unified-pdl/20251001_UPDL_v1_approved.pdf,Ohio Medicaid Preferred Drug List,Molina,Ohio_Molina_Ohio Medicaid Preferred Drug List.pdf,,,,completed
b1145049-dc61-4cea-9478-35170e8c9309,2daf1ac0-7229-41f6-94b8-cf49449dd810,93d585d6-a604-4766-b140-2aa31784d2d6,zonisamide,Ohio,Covered,,,No,No,No,0.95,https://dam.assets.ohio.gov/image/upload/medicaid.ohio.gov/PHM/unified-pdl/20251001_UPDL_v1_approved.pdf,Ohio Medicaid Preferred Drug List,Molina,Ohio_Molina_Ohio Medicaid Preferred Drug List.pdf,,,,completed
6234aa9c-8df2-4917-9a5d-184e2dd5a117,2daf1ac0-7229-41f6-94b8-cf49449dd810,93d585d6-a604-4766-b140-2aa31784d2d6,CELONTIN,Ohio,Covered,BvG,,No,No,No,0.95,https://dam.assets.ohio.gov/image/upload/medicaid.ohio.gov/PHM/unified-pdl/20251001_UPDL_v1_approved.pdf,Ohio Medicaid Preferred Drug List,Molina,Ohio_Molina_Ohio Medicaid Preferred Drug List.pdf,,,,completed
c4046b32-3f15-4593-add7-4d191a637656,2daf1ac0-7229-41f6-94b8-cf49449dd810,93d585d6-a604-4766-b140-2aa31784d2d6,ELEPSIA,Ohio,Covered,,,No,No,No,0.95,https://dam.assets.ohio.gov/image/upload/medicaid.ohio.gov/PHM/unified-pdl/20251001_UPDL_v1_approved.pdf,Ohio Medicaid Preferred Drug List,Molina,Ohio_Molina_Ohio Medicaid Preferred Drug List.pdf,,,,completed
141475c5-6ce2-41a5-8025-6f4f57956edf,2daf1ac0-7229-41f6-94b8-cf49449dd810,93d585d6-a604-4766-b140-2aa31784d2d6,eslicarbazepine,Ohio,Covered,,,No,No,No,0.95,https://dam.assets.ohio.gov/image/upload/medicaid.ohio.gov/PHM/unified-pdl/20251001_UPDL_v1_approved.pdf,Ohio Medicaid Preferred Drug List,Molina,Ohio_Molina_Ohio Medicaid Preferred Drug List.pdf,,,,completed
b7c09016-8b74-40da-acc6-47e5ce435d11,2daf1ac0-7229-41f6-94b8-cf49449dd810,93d585d6-a604-4766-b140-2aa31784d2d6,felbamate,Ohio,Covered,,,No,No,No,0.95,https://dam.assets.ohio.gov/image/upload/medicaid.ohio.gov/PHM/unified-pdl/20251001_UPDL_v1_approved.pdf,Ohio Medicaid Preferred Drug List,Molina,Ohio_Molina_Ohio Medicaid Preferred Drug List.pdf,,,,completed
699954f5-f400-4df0-a088-34ff568d2049,2daf1ac0-7229-41f6-94b8-cf49449dd810,93d585d6-a604-4766-b140-2aa31784d2d6,FINTEPLA,Ohio,Covered,,,No,No,No,0.95,https://dam.assets.ohio.gov/image/upload/medicaid.ohio.gov/PHM/unified-pdl/20251001_UPDL_v1_approved.pdf,Ohio Medicaid Preferred Drug List,Molina,Ohio_Molina_Ohio Medicaid Preferred Drug List.pdf,,,,completed
cbff7bab-a6b3-4140-bcf3-9aae5430d351,2daf1ac0-7229-41f6-94b8-cf49449dd810,93d585d6-a604-4766-b140-2aa31784d2d6,levetiracetam ER,Ohio,Covered,,,No,No,No,0.95,https://dam.assets.ohio.gov/image/upload/medicaid.ohio.gov/PHM/unified-pdl/20251001_UPDL_v1_approved.pdf,Ohio Medicaid Preferred Drug List,Molina,Ohio_Molina_Ohio Medicaid Preferred Drug List.pdf,,,,completed
06de3b31-4b0e-46e5-aae3-e9b8fd3069ec,2daf1ac0-7229-41f6-94b8-cf49449dd810,93d585d6-a604-4766-b140-2aa31784d2d6,MOTPOLY,Ohio,Covered,,,No,No,No,0.95,https://dam.assets.ohio.gov/image/upload/medicaid.ohio.gov/PHM/unified-pdl/20251001_UPDL_v1_approved.pdf,Ohio Medicaid Preferred Drug List,Molina,Ohio_Molina_Ohio Medicaid Preferred Drug List.pdf,,,,completed
542928ac-291f-497d-aa12-541e3e981e8a,2daf1ac0-7229-41f6-94b8-cf49449dd810,93d585d6-a604-4766-b140-2aa31784d2d6,oxcarbazepine susp,Ohio,Covered,,,No,No,No,0.95,https://dam.assets.ohio.gov/image/upload/medicaid.ohio.gov/PHM/unified-pdl/20251001_UPDL_v1_approved.pdf,Ohio Medicaid Preferred Drug List,Molina,Ohio_Molina_Ohio Medicaid Preferred Drug List.pdf,,,,completed
f47c12a6-3c06-49f3-a46b-5ed35179aced,2daf1ac0-7229-41f6-94b8-cf49449dd810,93d585d6-a604-4766-b140-2aa31784d2d6,OXTELLAR,Ohio,Covered,BvG,,No,No,No,0.95,https://dam.assets.ohio.gov/image/upload/medicaid.ohio.gov/PHM/unified-pdl/20251001_UPDL_v1_approved.pdf,Ohio Medicaid Preferred Drug List,Molina,Ohio_Molina_Ohio Medicaid Preferred Drug List.pdf,,,,completed
79a73042-da67-4915-a775-a87f6b5f3c2b,2daf1ac0-7229-41f6-94b8-cf49449dd810,93d585d6-a604-4766-b140-2aa31784d2d6,perampanel,Ohio,Covered,,,No,No,No,0.95,https://dam.assets.ohio.gov/image/upload/medicaid.ohio.gov/PHM/unified-pdl/20251001_UPDL_v1_approved.pdf,Ohio Medicaid Preferred Drug List,Molina,Ohio_Molina_Ohio Medicaid Preferred Drug List.pdf,,,,completed
1d55fe43-c508-458e-8be7-31ee28191a25,2daf1ac0-7229-41f6-94b8-cf49449dd810,93d585d6-a604-4766-b140-2aa31784d2d6,rufinamide,Ohio,Covered,,,No,No,No,0.95,https://dam.assets.ohio.gov/image/upload/medicaid.ohio.gov/PHM/unified-pdl/20251001_UPDL_v1_approved.pdf,Ohio Medicaid Preferred Drug List,Molina,Ohio_Molina_Ohio Medicaid Preferred Drug List.pdf,,,,completed
e0cc832d-d63c-415d-9f03-1f8ab2d58065,2daf1ac0-7229-41f6-94b8-cf49449dd810,93d585d6-a604-4766-b140-2aa31784d2d6,rufinamide soln,Ohio,Covered,,,No,No,No,0.95,https://dam.assets.ohio.gov/image/upload/medicaid.ohio.gov/PHM/unified-pdl/20251001_UPDL_v1_approved.pdf,Ohio Medicaid Preferred Drug List,Molina,Ohio_Molina_Ohio Medicaid Preferred Drug List.pdf,,,,completed
668825b4-847a-4aa5-9e0f-6ffa99b81846,2daf1ac0-7229-41f6-94b8-cf49449dd810,93d585d6-a604-4766-b140-2aa31784d2d6,SPRITAM,Ohio,Covered,BvG,,No,No,No,0.95,https://dam.assets.ohio.gov/image/upload/medicaid.ohio.gov/PHM/unified-pdl/20251001_UPDL_v1_approved.pdf,Ohio Medicaid Preferred Drug List,Molina,Ohio_Molina_Ohio Medicaid Preferred Drug List.pdf,,,,completed
5c9497c5-2e1a-4656-8d7b-7cebbb6db50c,2daf1ac0-7229-41f6-94b8-cf49449dd810,93d585d6-a604-4766-b140-2aa31784d2d6,SYMPAZAN,Ohio,Covered,,,No,No,No,0.95,https://dam.assets.ohio.gov/image/upload/medicaid.ohio.gov/PHM/unified-pdl/20251001_UPDL_v1_approved.pdf,Ohio Medicaid Preferred Drug List,Molina,Ohio_Molina_Ohio Medicaid Preferred Drug List.pdf,,,,completed
c0e168e5-077a-405c-9b8d-f441a861abb4,2daf1ac0-7229-41f6-94b8-cf49449dd810,93d585d6-a604-4766-b140-2aa31784d2d6,tiagabine,Ohio,Covered,,,No,No,No,0.95,https://dam.assets.ohio.gov/image/upload/medicaid.ohio.gov/PHM/unified-pdl/20251001_UPDL_v1_approved.pdf,Ohio Medicaid Preferred Drug List,Molina,Ohio_Molina_Ohio Medicaid Preferred Drug List.pdf,,,,completed
74f6af81-ef2b-4ec4-842c-9a494a41161a,2daf1ac0-7229-41f6-94b8-cf49449dd810,93d585d6-a604-4766-b140-2aa31784d2d6,topiramate soln,Ohio,Covered,AR,['AR'],No,No,No,0.95,https://dam.assets.ohio.gov/image/upload/medicaid.ohio.gov/PHM/unified-pdl/20251001_UPDL_v1_approved.pdf,Ohio Medicaid Preferred Drug List,Molina,Ohio_Molina_Ohio Medicaid Preferred Drug List.pdf,,,,completed
9b1bef2b-4d5d-42e8-9c93-a3d950c3e746,2daf1ac0-7229-41f6-94b8-cf49449dd810,93d585d6-a604-4766-b140-2aa31784d2d6,topiramate sprinkle,Ohio,Covered,AR,['AR'],No,No,No,0.95,https://dam.assets.ohio.gov/image/upload/medicaid.ohio.gov/PHM/unified-pdl/20251001_UPDL_v1_approved.pdf,Ohio Medicaid Preferred Drug List,Molina,Ohio_Molina_Ohio Medicaid Preferred Drug List.pdf,,,,completed
bdc13f6e-33fe-4135-8cb7-fd704f01d689,2daf1ac0-7229-41f6-94b8-cf49449dd810,93d585d6-a604-4766-b140-2aa31784d2d6,TROKENDI,Ohio,Covered,BvG,,No,No,No,0.95,https://dam.assets.ohio.gov/image/upload/medicaid.ohio.gov/PHM/unified-pdl/20251001_UPDL_v1_approved.pdf,Ohio Medicaid Preferred Drug List,Molina,Ohio_Molina_Ohio Medicaid Preferred Drug List.pdf,,,,completed
1c5fd713-80f3-4f4c-a014-712dcacace69,2daf1ac0-7229-41f6-94b8-cf49449dd810,93d585d6-a604-4766-b140-2aa31784d2d6,vigabatrin,Ohio,Covered,,,No,No,No,0.95,https://dam.assets.ohio.gov/image/upload/medicaid.ohio.gov/PHM/unified-pdl/20251001_UPDL_v1_approved.pdf,Ohio Medicaid Preferred Drug List,Molina,Ohio_Molina_Ohio Medicaid Preferred Drug List.pdf,,,,completed
d7385da8-6842-4034-8722-815379217053,2daf1ac0-7229-41f6-94b8-cf49449dd810,93d585d6-a604-4766-b140-2aa31784d2d6,vigabatrin powder,Ohio,Covered,AR,['AR'],No,No,No,0.95,https://dam.assets.ohio.gov/image/upload/medicaid.ohio.gov/PHM/unified-pdl/20251001_UPDL_v1_approved.pdf,Ohio Medicaid Preferred Drug List,Molina,Ohio_Molina_Ohio Medicaid Preferred Drug List.pdf,,,,completed
a3654bbd-b50c-4627-9c99-fb1125d52a64,2daf1ac0-7229-41f6-94b8-cf49449dd810,93d585d6-a604-4766-b140-2aa31784d2d6,VIGAFYDE,Ohio,Covered,AR,['AR'],No,No,No,0.95,https://dam.assets.ohio.gov/image/upload/medicaid.ohio.gov/PHM/unified-pdl/20251001_UPDL_v1_approved.pdf,Ohio Medicaid Preferred Drug List,Molina,Ohio_Molina_Ohio Medicaid Preferred Drug List.pdf,,,,completed
4e08612f-8243-4025-831b-43178cd3c379,2daf1ac0-7229-41f6-94b8-cf49449dd810,93d585d6-a604-4766-b140-2aa31784d2d6,XCOPRI,Ohio,Covered,,,No,No,No,0.95,https://dam.assets.ohio.gov/image/upload/medicaid.ohio.gov/PHM/unified-pdl/20251001_UPDL_v1_approved.pdf,Ohio Medicaid Preferred Drug List,Molina,Ohio_Molina_Ohio Medicaid Preferred Drug List.pdf,,,,completed
c0b23b75-8d8c-40f1-8e83-fbe541aedcca,2daf1ac0-7229-41f6-94b8-cf49449dd810,93d585d6-a604-4766-b140-2aa31784d2d6,ZONISADE SUSP,Ohio,Covered,,,No,No,No,0.95,https://dam.assets.ohio.gov/image/upload/medicaid.ohio.gov/PHM/unified-pdl/20251001_UPDL_v1_approved.pdf,Ohio Medicaid Preferred Drug List,Molina,Ohio_Molina_Ohio Medicaid Preferred Drug List.pdf,,,,completed
ebea91af-8d55-435d-9de0-384da0475a53,2daf1ac0-7229-41f6-94b8-cf49449dd810,93d585d6-a604-4766-b140-2aa31784d2d6,ZTALMY,Ohio,Covered,,,No,No,No,0.95,https://dam.assets.ohio.gov/image/upload/medicaid.ohio.gov/PHM/unified-pdl/20251001_UPDL_v1_approved.pdf,Ohio Medicaid Preferred Drug List,Molina,Ohio_Molina_Ohio Medicaid Preferred Drug List.pdf,,,,completed
868c340d-e255-4de1-87c2-c9190e441c38,2daf1ac0-7229-41f6-94b8-cf49449dd810,93d585d6-a604-4766-b140-2aa31784d2d6,baclofen susp,Ohio,Covered,Preferred,['AR'],No,No,No,0.95,https://dam.assets.ohio.gov/image/upload/medicaid.ohio.gov/PHM/unified-pdl/20251001_UPDL_v1_approved.pdf,Ohio Medicaid Preferred Drug List,Molina,Ohio_Molina_Ohio Medicaid Preferred Drug List.pdf,,,,completed
2975a111-0dbc-4918-8129-6dac222fb268,2daf1ac0-7229-41f6-94b8-cf49449dd810,93d585d6-a604-4766-b140-2aa31784d2d6,baclofen,Ohio,Covered,Preferred,,No,No,No,0.95,https://dam.assets.ohio.gov/image/upload/medicaid.ohio.gov/PHM/unified-pdl/20251001_UPDL_v1_approved.pdf,Ohio Medicaid Preferred Drug List,Molina,Ohio_Molina_Ohio Medicaid Preferred Drug List.pdf,,,,completed
cc074d29-f082-4892-979c-efde87d2ac6f,2daf1ac0-7229-41f6-94b8-cf49449dd810,93d585d6-a604-4766-b140-2aa31784d2d6,chlorzoxazone 500,Ohio,Covered,Preferred,,No,No,No,0.95,https://dam.assets.ohio.gov/image/upload/medicaid.ohio.gov/PHM/unified-pdl/20251001_UPDL_v1_approved.pdf,Ohio Medicaid Preferred Drug List,Molina,Ohio_Molina_Ohio Medicaid Preferred Drug List.pdf,,,,completed
c1786a85-bb16-4cb5-b65e-9dad2214813a,2daf1ac0-7229-41f6-94b8-cf49449dd810,93d585d6-a604-4766-b140-2aa31784d2d6,cyclobenzaprine,Ohio,Covered,Preferred,,No,No,No,0.95,https://dam.assets.ohio.gov/image/upload/medicaid.ohio.gov/PHM/unified-pdl/20251001_UPDL_v1_approved.pdf,Ohio Medicaid Preferred Drug List,Molina,Ohio_Molina_Ohio Medicaid Preferred Drug List.pdf,,,,completed
b4f02f1e-7b04-4949-98ea-775ce1a8a8a0,2daf1ac0-7229-41f6-94b8-cf49449dd810,93d585d6-a604-4766-b140-2aa31784d2d6,dantrolene,Ohio,Covered,Preferred,,No,No,No,0.95,https://dam.assets.ohio.gov/image/upload/medicaid.ohio.gov/PHM/unified-pdl/20251001_UPDL_v1_approved.pdf,Ohio Medicaid Preferred Drug List,Molina,Ohio_Molina_Ohio Medicaid Preferred Drug List.pdf,,,,completed
a07594af-266d-49aa-904d-f43724bbb14c,2daf1ac0-7229-41f6-94b8-cf49449dd810,93d585d6-a604-4766-b140-2aa31784d2d6,metaxalone 800,Ohio,Covered,Preferred,,No,No,No,0.95,https://dam.assets.ohio.gov/image/upload/medicaid.ohio.gov/PHM/unified-pdl/20251001_UPDL_v1_approved.pdf,Ohio Medicaid Preferred Drug List,Molina,Ohio_Molina_Ohio Medicaid Preferred Drug List.pdf,,,,completed
b25872d1-1f45-4fd7-ab16-a7af3f8c8d31,2daf1ac0-7229-41f6-94b8-cf49449dd810,93d585d6-a604-4766-b140-2aa31784d2d6,methocarbamol 500,Ohio,Covered,Preferred,,No,No,No,0.95,https://dam.assets.ohio.gov/image/upload/medicaid.ohio.gov/PHM/unified-pdl/20251001_UPDL_v1_approved.pdf,Ohio Medicaid Preferred Drug List,Molina,Ohio_Molina_Ohio Medicaid Preferred Drug List.pdf,,,,completed
005aa43f-a1d8-43fc-a2a8-e45d243625b9,2daf1ac0-7229-41f6-94b8-cf49449dd810,93d585d6-a604-4766-b140-2aa31784d2d6,methocarbamol 750,Ohio,Covered,Preferred,,No,No,No,0.95,https://dam.assets.ohio.gov/image/upload/medicaid.ohio.gov/PHM/unified-pdl/20251001_UPDL_v1_approved.pdf,Ohio Medicaid Preferred Drug List,Molina,Ohio_Molina_Ohio Medicaid Preferred Drug List.pdf,,,,completed
a5483358-a40a-45a4-851c-43ee4cc798f9,2daf1ac0-7229-41f6-94b8-cf49449dd810,93d585d6-a604-4766-b140-2aa31784d2d6,orphenadrine,Ohio,Covered,Preferred,,No,No,No,0.95,https://dam.assets.ohio.gov/image/upload/medicaid.ohio.gov/PHM/unified-pdl/20251001_UPDL_v1_approved.pdf,Ohio Medicaid Preferred Drug List,Molina,Ohio_Molina_Ohio Medicaid Preferred Drug List.pdf,,,,completed
f1431bf3-89f7-491e-b725-31fd6d5d03e1,2daf1ac0-7229-41f6-94b8-cf49449dd810,93d585d6-a604-4766-b140-2aa31784d2d6,tizanidine,Ohio,Covered,Preferred,,No,No,No,0.95,https://dam.assets.ohio.gov/image/upload/medicaid.ohio.gov/PHM/unified-pdl/20251001_UPDL_v1_approved.pdf,Ohio Medicaid Preferred Drug List,Molina,Ohio_Molina_Ohio Medicaid Preferred Drug List.pdf,,,,completed
7c29dfdf-28b2-478b-a517-90648385a11b,2daf1ac0-7229-41f6-94b8-cf49449dd810,93d585d6-a604-4766-b140-2aa31784d2d6,baclofen soln,Ohio,Covered,Non-Preferred,,No,No,No,0.95,https://dam.assets.ohio.gov/image/upload/medicaid.ohio.gov/PHM/unified-pdl/20251001_UPDL_v1_approved.pdf,Ohio Medicaid Preferred Drug List,Molina,Ohio_Molina_Ohio Medicaid Preferred Drug List.pdf,,,,completed
698631bd-2f88-4c6d-91d3-08e586d019fb,2daf1ac0-7229-41f6-94b8-cf49449dd810,93d585d6-a604-4766-b140-2aa31784d2d6,carisoprodol,Ohio,Covered,Non-Preferred,,No,No,No,0.95,https://dam.assets.ohio.gov/image/upload/medicaid.ohio.gov/PHM/unified-pdl/20251001_UPDL_v1_approved.pdf,Ohio Medicaid Preferred Drug List,Molina,Ohio_Molina_Ohio Medicaid Preferred Drug List.pdf,,,,completed
0b3e5cb8-042f-4c9f-8c93-08045dd09d92,2daf1ac0-7229-41f6-94b8-cf49449dd810,93d585d6-a604-4766-b140-2aa31784d2d6,chlorzoxazone 250,Ohio,Covered,Non-Preferred,,No,No,No,0.95,https://dam.assets.ohio.gov/image/upload/medicaid.ohio.gov/PHM/unified-pdl/20251001_UPDL_v1_approved.pdf,Ohio Medicaid Preferred Drug List,Molina,Ohio_Molina_Ohio Medicaid Preferred Drug List.pdf,,,,completed
c9625290-cf5a-421a-a0bf-a43488ad78f9,2daf1ac0-7229-41f6-94b8-cf49449dd810,93d585d6-a604-4766-b140-2aa31784d2d6,chlorzoxazone 375,Ohio,Covered,Non-Preferred,,No,No,No,0.95,https://dam.assets.ohio.gov/image/upload/medicaid.ohio.gov/PHM/unified-pdl/20251001_UPDL_v1_approved.pdf,Ohio Medicaid Preferred Drug List,Molina,Ohio_Molina_Ohio Medicaid Preferred Drug List.pdf,,,,completed
b7f381fc-7f73-47db-8f57-e99d1d13000b,2daf1ac0-7229-41f6-94b8-cf49449dd810,93d585d6-a604-4766-b140-2aa31784d2d6,chlorzoxazone 750,Ohio,Covered,Non-Preferred,,No,No,No,0.95,https://dam.assets.ohio.gov/image/upload/medicaid.ohio.gov/PHM/unified-pdl/20251001_UPDL_v1_approved.pdf,Ohio Medicaid Preferred Drug List,Molina,Ohio_Molina_Ohio Medicaid Preferred Drug List.pdf,,,,completed
8c32e3b6-4aa9-4231-87d3-8a8f5c484b58,2daf1ac0-7229-41f6-94b8-cf49449dd810,93d585d6-a604-4766-b140-2aa31784d2d6,cyclobenzaprine,Ohio,Covered,Non-Preferred,,No,No,No,0.95,https://dam.assets.ohio.gov/image/upload/medicaid.ohio.gov/PHM/unified-pdl/20251001_UPDL_v1_approved.pdf,Ohio Medicaid Preferred Drug List,Molina,Ohio_Molina_Ohio Medicaid Preferred Drug List.pdf,,,,completed
e6eec945-c781-4bd5-a79b-04209561a47b,2daf1ac0-7229-41f6-94b8-cf49449dd810,93d585d6-a604-4766-b140-2aa31784d2d6,FLEQSUVY,Ohio,Covered,Non-Preferred,['AR'],No,No,No,0.95,https://dam.assets.ohio.gov/image/upload/medicaid.ohio.gov/PHM/unified-pdl/20251001_UPDL_v1_approved.pdf,Ohio Medicaid Preferred Drug List,Molina,Ohio_Molina_Ohio Medicaid Preferred Drug List.pdf,,,,completed
21290217-fbfe-4ca0-8900-466cf0fda51b,2daf1ac0-7229-41f6-94b8-cf49449dd810,93d585d6-a604-4766-b140-2aa31784d2d6,LYVISPAH,Ohio,Covered,Non-Preferred,,No,No,No,0.95,https://dam.assets.ohio.gov/image/upload/medicaid.ohio.gov/PHM/unified-pdl/20251001_UPDL_v1_approved.pdf,Ohio Medicaid Preferred Drug List,Molina,Ohio_Molina_Ohio Medicaid Preferred Drug List.pdf,,,,completed
5c4b89e3-4fbc-4839-9d62-aacc5cc8a119,2daf1ac0-7229-41f6-94b8-cf49449dd810,93d585d6-a604-4766-b140-2aa31784d2d6,metaxalone 400,Ohio,Covered,Non-Preferred,,No,No,No,0.95,https://dam.assets.ohio.gov/image/upload/medicaid.ohio.gov/PHM/unified-pdl/20251001_UPDL_v1_approved.pdf,Ohio Medicaid Preferred Drug List,Molina,Ohio_Molina_Ohio Medicaid Preferred Drug List.pdf,,,,completed
e0ce3cc8-59b3-4ea9-8fa0-8bff77800308,2daf1ac0-7229-41f6-94b8-cf49449dd810,93d585d6-a604-4766-b140-2aa31784d2d6,methocarbamol 1000,Ohio,Covered,Non-Preferred,,No,No,No,0.95,https://dam.assets.ohio.gov/image/upload/medicaid.ohio.gov/PHM/unified-pdl/20251001_UPDL_v1_approved.pdf,Ohio Medicaid Preferred Drug List,Molina,Ohio_Molina_Ohio Medicaid Preferred Drug List.pdf,,,,completed
17b88a75-dbf9-40dc-8473-f8c2197489e1,2daf1ac0-7229-41f6-94b8-cf49449dd810,93d585d6-a604-4766-b140-2aa31784d2d6,orphenadrine/ASA/caffeine,Ohio,Covered,Non-Preferred,,No,No,No,0.95,https://dam.assets.ohio.gov/image/upload/medicaid.ohio.gov/PHM/unified-pdl/20251001_UPDL_v1_approved.pdf,Ohio Medicaid Preferred Drug List,Molina,Ohio_Molina_Ohio Medicaid Preferred Drug List.pdf,,,,completed
7eb4658a-e2cc-48c3-bff5-b37ed0ee6f4d,2daf1ac0-7229-41f6-94b8-cf49449dd810,93d585d6-a604-4766-b140-2aa31784d2d6,"glimepiride 1, 2, 4mg",Ohio,Covered,SULFONYLUREAS/COMBINATIONS,,No,No,No,0.95,https://dam.assets.ohio.gov/image/upload/medicaid.ohio.gov/PHM/unified-pdl/20251001_UPDL_v1_approved.pdf,Ohio Medicaid Preferred Drug List,Molina,Ohio_Molina_Ohio Medicaid Preferred Drug List.pdf,,,,completed
d3f4adfc-8de7-42ab-a271-96d2b6e7ad33,2daf1ac0-7229-41f6-94b8-cf49449dd810,93d585d6-a604-4766-b140-2aa31784d2d6,glimepiride 3mg,Ohio,Covered,SULFONYLUREAS/COMBINATIONS,,No,No,No,0.95,https://dam.assets.ohio.gov/image/upload/medicaid.ohio.gov/PHM/unified-pdl/20251001_UPDL_v1_approved.pdf,Ohio Medicaid Preferred Drug List,Molina,Ohio_Molina_Ohio Medicaid Preferred Drug List.pdf,,,,completed
baefd04c-5abe-4b54-867b-0ade6aa6f85f,2daf1ac0-7229-41f6-94b8-cf49449dd810,93d585d6-a604-4766-b140-2aa31784d2d6,glipizide IR,Ohio,Covered,SULFONYLUREAS/COMBINATIONS,,No,No,No,0.95,https://dam.assets.ohio.gov/image/upload/medicaid.ohio.gov/PHM/unified-pdl/20251001_UPDL_v1_approved.pdf,Ohio Medicaid Preferred Drug List,Molina,Ohio_Molina_Ohio Medicaid Preferred Drug List.pdf,,,,completed
8aa9e674-4ce9-4783-8ad2-1fa394814699,2daf1ac0-7229-41f6-94b8-cf49449dd810,93d585d6-a604-4766-b140-2aa31784d2d6,glimepiride/pioglitazone,Ohio,Covered,SULFONYLUREAS/COMBINATIONS,,No,No,No,0.95,https://dam.assets.ohio.gov/image/upload/medicaid.ohio.gov/PHM/unified-pdl/20251001_UPDL_v1_approved.pdf,Ohio Medicaid Preferred Drug List,Molina,Ohio_Molina_Ohio Medicaid Preferred Drug List.pdf,,,,completed
e4bf1181-bf32-4c4f-ac4a-3f211d345639,2daf1ac0-7229-41f6-94b8-cf49449dd810,93d585d6-a604-4766-b140-2aa31784d2d6,glipizide/metformin,Ohio,Covered,SULFONYLUREAS/COMBINATIONS,,No,No,No,0.95,https://dam.assets.ohio.gov/image/upload/medicaid.ohio.gov/PHM/unified-pdl/20251001_UPDL_v1_approved.pdf,Ohio Medicaid Preferred Drug List,Molina,Ohio_Molina_Ohio Medicaid Preferred Drug List.pdf,,,,completed
33ea598b-e936-451a-b88a-e74b5bd188f6,2daf1ac0-7229-41f6-94b8-cf49449dd810,93d585d6-a604-4766-b140-2aa31784d2d6,glyburide,Ohio,Covered,SULFONYLUREAS/COMBINATIONS,,No,No,No,0.95,https://dam.assets.ohio.gov/image/upload/medicaid.ohio.gov/PHM/unified-pdl/20251001_UPDL_v1_approved.pdf,Ohio Medicaid Preferred Drug List,Molina,Ohio_Molina_Ohio Medicaid Preferred Drug List.pdf,,,,completed
b44c08f5-f87e-4d9a-9bcc-c6d7987d9473,2daf1ac0-7229-41f6-94b8-cf49449dd810,93d585d6-a604-4766-b140-2aa31784d2d6,glyburide/metformin,Ohio,Covered,SULFONYLUREAS/COMBINATIONS,,No,No,No,0.95,https://dam.assets.ohio.gov/image/upload/medicaid.ohio.gov/PHM/unified-pdl/20251001_UPDL_v1_approved.pdf,Ohio Medicaid Preferred Drug List,Molina,Ohio_Molina_Ohio Medicaid Preferred Drug List.pdf,,,,completed
308378af-ee31-459a-a64b-0bb08e48a925,2daf1ac0-7229-41f6-94b8-cf49449dd810,93d585d6-a604-4766-b140-2aa31784d2d6,acarbose,Ohio,Covered,OTHER,,No,No,No,0.95,https://dam.assets.ohio.gov/image/upload/medicaid.ohio.gov/PHM/unified-pdl/20251001_UPDL_v1_approved.pdf,Ohio Medicaid Preferred Drug List,Molina,Ohio_Molina_Ohio Medicaid Preferred Drug List.pdf,,,,completed
12e9e209-b165-4b2c-8284-c5d672397c68,2daf1ac0-7229-41f6-94b8-cf49449dd810,93d585d6-a604-4766-b140-2aa31784d2d6,SYMLINPEN,Ohio,Covered,OTHER,,No,No,No,0.95,https://dam.assets.ohio.gov/image/upload/medicaid.ohio.gov/PHM/unified-pdl/20251001_UPDL_v1_approved.pdf,Ohio Medicaid Preferred Drug List,Molina,Ohio_Molina_Ohio Medicaid Preferred Drug List.pdf,,,,completed
ecd9648f-2a8b-4e18-bf11-60710bb48532,2daf1ac0-7229-41f6-94b8-cf49449dd810,93d585d6-a604-4766-b140-2aa31784d2d6,miglitol,Ohio,Covered,OTHER,,No,No,No,0.95,https://dam.assets.ohio.gov/image/upload/medicaid.ohio.gov/PHM/unified-pdl/20251001_UPDL_v1_approved.pdf,Ohio Medicaid Preferred Drug List,Molina,Ohio_Molina_Ohio Medicaid Preferred Drug List.pdf,,,,completed
4c86ce33-17e3-4695-a569-e292f91fc63d,2daf1ac0-7229-41f6-94b8-cf49449dd810,93d585d6-a604-4766-b140-2aa31784d2d6,nateglinide,Ohio,Covered,OTHER,,No,No,No,0.95,https://dam.assets.ohio.gov/image/upload/medicaid.ohio.gov/PHM/unified-pdl/20251001_UPDL_v1_approved.pdf,Ohio Medicaid Preferred Drug List,Molina,Ohio_Molina_Ohio Medicaid Preferred Drug List.pdf,,,,completed
daaeb4db-5c5d-4155-9107-515e57a264ec,2daf1ac0-7229-41f6-94b8-cf49449dd810,93d585d6-a604-4766-b140-2aa31784d2d6,pioglitazone,Ohio,Covered,OTHER,,No,No,No,0.95,https://dam.assets.ohio.gov/image/upload/medicaid.ohio.gov/PHM/unified-pdl/20251001_UPDL_v1_approved.pdf,Ohio Medicaid Preferred Drug List,Molina,Ohio_Molina_Ohio Medicaid Preferred Drug List.pdf,,,,completed
4b6206eb-3ba2-4ff2-9749-8098a6367d43,2daf1ac0-7229-41f6-94b8-cf49449dd810,93d585d6-a604-4766-b140-2aa31784d2d6,pioglitazone/metformin,Ohio,Covered,OTHER,,No,No,No,0.95,https://dam.assets.ohio.gov/image/upload/medicaid.ohio.gov/PHM/unified-pdl/20251001_UPDL_v1_approved.pdf,Ohio Medicaid Preferred Drug List,Molina,Ohio_Molina_Ohio Medicaid Preferred Drug List.pdf,,,,completed
3bdd98dd-d0db-4de4-b52c-7960a779d1da,2daf1ac0-7229-41f6-94b8-cf49449dd810,93d585d6-a604-4766-b140-2aa31784d2d6,repaglinide,Ohio,Covered,OTHER,,No,No,No,0.95,https://dam.assets.ohio.gov/image/upload/medicaid.ohio.gov/PHM/unified-pdl/20251001_UPDL_v1_approved.pdf,Ohio Medicaid Preferred Drug List,Molina,Ohio_Molina_Ohio Medicaid Preferred Drug List.pdf,,,,completed
68202eba-a8a1-4879-af18-8c8c3ab4cd64,2daf1ac0-7229-41f6-94b8-cf49449dd810,93d585d6-a604-4766-b140-2aa31784d2d6,danazol,Ohio,Covered,Tier 5,,No,No,No,0.95,https://dam.assets.ohio.gov/image/upload/medicaid.ohio.gov/PHM/unified-pdl/20251001_UPDL_v1_approved.pdf,Ohio Medicaid Preferred Drug List,Molina,Ohio_Molina_Ohio Medicaid Preferred Drug List.pdf,,,,completed
256809ad-1968-4c87-b7e3-3d39b5ec79bb,2daf1ac0-7229-41f6-94b8-cf49449dd810,93d585d6-a604-4766-b140-2aa31784d2d6,DEPO-SUBQ PROVERA 104,Ohio,Covered,Tier 5,,No,No,No,0.95,https://dam.assets.ohio.gov/image/upload/medicaid.ohio.gov/PHM/unified-pdl/20251001_UPDL_v1_approved.pdf,Ohio Medicaid Preferred Drug List,Molina,Ohio_Molina_Ohio Medicaid Preferred Drug List.pdf,,,,completed
a075c769-fe39-4b75-84cb-c2d97b2afd7d,2daf1ac0-7229-41f6-94b8-cf49449dd810,93d585d6-a604-4766-b140-2aa31784d2d6,LUPRON DEPOT,Ohio,Covered,Tier 5,,No,No,No,0.95,https://dam.assets.ohio.gov/image/upload/medicaid.ohio.gov/PHM/unified-pdl/20251001_UPDL_v1_approved.pdf,Ohio Medicaid Preferred Drug List,Molina,Ohio_Molina_Ohio Medicaid Preferred Drug List.pdf,,,,completed
f3259913-c275-4913-b6e2-11ddd89b888e,2daf1ac0-7229-41f6-94b8-cf49449dd810,93d585d6-a604-4766-b140-2aa31784d2d6,MYFEMBREE,Ohio,Covered,Tier 5,,No,No,No,0.95,https://dam.assets.ohio.gov/image/upload/medicaid.ohio.gov/PHM/unified-pdl/20251001_UPDL_v1_approved.pdf,Ohio Medicaid Preferred Drug List,Molina,Ohio_Molina_Ohio Medicaid Preferred Drug List.pdf,,,,completed
b41931cd-5a63-43f6-9a30-e6b48cff07f4,2daf1ac0-7229-41f6-94b8-cf49449dd810,93d585d6-a604-4766-b140-2aa31784d2d6,ORILISSA,Ohio,Covered,Tier 5,,No,No,No,0.95,https://dam.assets.ohio.gov/image/upload/medicaid.ohio.gov/PHM/unified-pdl/20251001_UPDL_v1_approved.pdf,Ohio Medicaid Preferred Drug List,Molina,Ohio_Molina_Ohio Medicaid Preferred Drug List.pdf,,,,completed
e959440a-4cff-441e-837d-84dec2ad3aa1,2daf1ac0-7229-41f6-94b8-cf49449dd810,93d585d6-a604-4766-b140-2aa31784d2d6,SYNAREL,Ohio,Covered,Non-Preferred,['PA'],Yes,No,No,0.95,https://dam.assets.ohio.gov/image/upload/medicaid.ohio.gov/PHM/unified-pdl/20251001_UPDL_v1_approved.pdf,Ohio Medicaid Preferred Drug List,Molina,Ohio_Molina_Ohio Medicaid Preferred Drug List.pdf,,,,completed
34e1a26e-507b-491b-80af-4956af72294c,2daf1ac0-7229-41f6-94b8-cf49449dd810,93d585d6-a604-4766-b140-2aa31784d2d6,medroxyprogesterone acetate,Ohio,Covered,,,No,No,No,0.95,https://dam.assets.ohio.gov/image/upload/medicaid.ohio.gov/PHM/unified-pdl/20251001_UPDL_v1_approved.pdf,Ohio Medicaid Preferred Drug List,Molina,Ohio_Molina_Ohio Medicaid Preferred Drug List.pdf,,,,completed
178c2a4e-2250-40ea-a333-b65d1de46104,2daf1ac0-7229-41f6-94b8-cf49449dd810,93d585d6-a604-4766-b140-2aa31784d2d6,megestrol,Ohio,Covered,,,No,No,No,0.95,https://dam.assets.ohio.gov/image/upload/medicaid.ohio.gov/PHM/unified-pdl/20251001_UPDL_v1_approved.pdf,Ohio Medicaid Preferred Drug List,Molina,Ohio_Molina_Ohio Medicaid Preferred Drug List.pdf,,,,completed
def304a5-3f6e-499e-8ac9-6e6796d4dbfd,2daf1ac0-7229-41f6-94b8-cf49449dd810,93d585d6-a604-4766-b140-2aa31784d2d6,norethindrone acetate,Ohio,Covered,,,No,No,No,0.95,https://dam.assets.ohio.gov/image/upload/medicaid.ohio.gov/PHM/unified-pdl/20251001_UPDL_v1_approved.pdf,Ohio Medicaid Preferred Drug List,Molina,Ohio_Molina_Ohio Medicaid Preferred Drug List.pdf,,,,completed
87f59e0f-1b43-4fd5-af69-1a39c7b00710,2daf1ac0-7229-41f6-94b8-cf49449dd810,93d585d6-a604-4766-b140-2aa31784d2d6,progesterone,Ohio,Covered,,,No,No,No,0.95,https://dam.assets.ohio.gov/image/upload/medicaid.ohio.gov/PHM/unified-pdl/20251001_UPDL_v1_approved.pdf,Ohio Medicaid Preferred Drug List,Molina,Ohio_Molina_Ohio Medicaid Preferred Drug List.pdf,,,,completed
8bae003a-e230-4ee6-9f57-c9b2043c1355,2daf1ac0-7229-41f6-94b8-cf49449dd810,93d585d6-a604-4766-b140-2aa31784d2d6,progesterone in,Ohio,Covered,,,No,No,No,0.95,https://dam.assets.ohio.gov/image/upload/medicaid.ohio.gov/PHM/unified-pdl/20251001_UPDL_v1_approved.pdf,Ohio Medicaid Preferred Drug List,Molina,Ohio_Molina_Ohio Medicaid Preferred Drug List.pdf,,,,completed
d1b2c125-a37a-461c-bb60-ff45d38eb1c5,2daf1ac0-7229-41f6-94b8-cf49449dd810,93d585d6-a604-4766-b140-2aa31784d2d6,depo-testosterone,Ohio,Covered,Tier 1,"['PA', 'AR']",Yes,No,No,0.95,https://dam.assets.ohio.gov/image/upload/medicaid.ohio.gov/PHM/unified-pdl/20251001_UPDL_v1_approved.pdf,Ohio Medicaid Preferred Drug List,Molina,Ohio_Molina_Ohio Medicaid Preferred Drug List.pdf,,,,completed
d41be3fc-2919-4b46-a34e-3d1dc5ed65f5,2daf1ac0-7229-41f6-94b8-cf49449dd810,93d585d6-a604-4766-b140-2aa31784d2d6,testosterone cypionate,Ohio,Covered,Tier 1,"['PA', 'AR']",Yes,No,No,0.95,https://dam.assets.ohio.gov/image/upload/medicaid.ohio.gov/PHM/unified-pdl/20251001_UPDL_v1_approved.pdf,Ohio Medicaid Preferred Drug List,Molina,Ohio_Molina_Ohio Medicaid Preferred Drug List.pdf,,,,completed
ce728006-9c59-4c18-9f3b-18157629e29a,2daf1ac0-7229-41f6-94b8-cf49449dd810,93d585d6-a604-4766-b140-2aa31784d2d6,testosterone gel 1% packet,Ohio,Covered,Tier 1,"['PA', 'AR']",Yes,No,No,0.95,https://dam.assets.ohio.gov/image/upload/medicaid.ohio.gov/PHM/unified-pdl/20251001_UPDL_v1_approved.pdf,Ohio Medicaid Preferred Drug List,Molina,Ohio_Molina_Ohio Medicaid Preferred Drug List.pdf,,,,completed
f7586dff-a516-44de-903d-219bd6dddb4a,2daf1ac0-7229-41f6-94b8-cf49449dd810,93d585d6-a604-4766-b140-2aa31784d2d6,testosterone gel 1.62% pump,Ohio,Covered,Tier 1,"['PA', 'AR']",Yes,No,No,0.95,https://dam.assets.ohio.gov/image/upload/medicaid.ohio.gov/PHM/unified-pdl/20251001_UPDL_v1_approved.pdf,Ohio Medicaid Preferred Drug List,Molina,Ohio_Molina_Ohio Medicaid Preferred Drug List.pdf,,,,completed
b90d52a0-5803-457c-bd1a-935648307bde,2daf1ac0-7229-41f6-94b8-cf49449dd810,93d585d6-a604-4766-b140-2aa31784d2d6,AVEED,Ohio,Covered,Non-Preferred,['AR'],No,No,No,0.95,https://dam.assets.ohio.gov/image/upload/medicaid.ohio.gov/PHM/unified-pdl/20251001_UPDL_v1_approved.pdf,Ohio Medicaid Preferred Drug List,Molina,Ohio_Molina_Ohio Medicaid Preferred Drug List.pdf,,,,completed
37600f05-0c52-4198-9e4c-a8ace56cbc63,2daf1ac0-7229-41f6-94b8-cf49449dd810,93d585d6-a604-4766-b140-2aa31784d2d6,AZMIRO,Ohio,Covered,Non-Preferred,['AR'],No,No,No,0.95,https://dam.assets.ohio.gov/image/upload/medicaid.ohio.gov/PHM/unified-pdl/20251001_UPDL_v1_approved.pdf,Ohio Medicaid Preferred Drug List,Molina,Ohio_Molina_Ohio Medicaid Preferred Drug List.pdf,,,,completed
b3165c52-e84d-498f-bd7b-ee01c78e75b3,2daf1ac0-7229-41f6-94b8-cf49449dd810,93d585d6-a604-4766-b140-2aa31784d2d6,JATENZO,Ohio,Covered,Non-Preferred,['AR'],No,No,No,0.95,https://dam.assets.ohio.gov/image/upload/medicaid.ohio.gov/PHM/unified-pdl/20251001_UPDL_v1_approved.pdf,Ohio Medicaid Preferred Drug List,Molina,Ohio_Molina_Ohio Medicaid Preferred Drug List.pdf,,,,completed
525a641c-9119-40ff-831c-61969de20f68,2daf1ac0-7229-41f6-94b8-cf49449dd810,93d585d6-a604-4766-b140-2aa31784d2d6,methyltestosterone,Ohio,Covered,Non-Preferred,['AR'],No,No,No,0.95,https://dam.assets.ohio.gov/image/upload/medicaid.ohio.gov/PHM/unified-pdl/20251001_UPDL_v1_approved.pdf,Ohio Medicaid Preferred Drug List,Molina,Ohio_Molina_Ohio Medicaid Preferred Drug List.pdf,,,,completed
aa877518-8007-4cbd-9792-3d38476e522c,2daf1ac0-7229-41f6-94b8-cf49449dd810,93d585d6-a604-4766-b140-2aa31784d2d6,NATESTO,Ohio,Covered,Non-Preferred,['AR'],No,No,No,0.95,https://dam.assets.ohio.gov/image/upload/medicaid.ohio.gov/PHM/unified-pdl/20251001_UPDL_v1_approved.pdf,Ohio Medicaid Preferred Drug List,Molina,Ohio_Molina_Ohio Medicaid Preferred Drug List.pdf,,,,completed
1efc22bf-4d24-49b7-be26-db1f1fe6c01e,2daf1ac0-7229-41f6-94b8-cf49449dd810,93d585d6-a604-4766-b140-2aa31784d2d6,TESTOPEL,Ohio,Covered,Non-Preferred,['AR'],No,No,No,0.95,https://dam.assets.ohio.gov/image/upload/medicaid.ohio.gov/PHM/unified-pdl/20251001_UPDL_v1_approved.pdf,Ohio Medicaid Preferred Drug List,Molina,Ohio_Molina_Ohio Medicaid Preferred Drug List.pdf,,,,completed
b53a1242-8f90-4fec-aead-bed8770fb905,2daf1ac0-7229-41f6-94b8-cf49449dd810,93d585d6-a604-4766-b140-2aa31784d2d6,testosterone gel 1% pump,Ohio,Covered,Non-Preferred,['AR'],No,No,No,0.95,https://dam.assets.ohio.gov/image/upload/medicaid.ohio.gov/PHM/unified-pdl/20251001_UPDL_v1_approved.pdf,Ohio Medicaid Preferred Drug List,Molina,Ohio_Molina_Ohio Medicaid Preferred Drug List.pdf,,,,completed
55cad572-4d99-4743-b39d-87c379bb06ab,2daf1ac0-7229-41f6-94b8-cf49449dd810,93d585d6-a604-4766-b140-2aa31784d2d6,testosterone gel 1.62% packet,Ohio,Covered,Non-Preferred,['AR'],No,No,No,0.95,https://dam.assets.ohio.gov/image/upload/medicaid.ohio.gov/PHM/unified-pdl/20251001_UPDL_v1_approved.pdf,Ohio Medicaid Preferred Drug List,Molina,Ohio_Molina_Ohio Medicaid Preferred Drug List.pdf,,,,completed
2caa5a68-a167-49a7-9fca-57c28e63c5f4,2daf1ac0-7229-41f6-94b8-cf49449dd810,93d585d6-a604-4766-b140-2aa31784d2d6,testosterone gel 2%,Ohio,Covered,Non-Preferred,['AR'],No,No,No,0.95,https://dam.assets.ohio.gov/image/upload/medicaid.ohio.gov/PHM/unified-pdl/20251001_UPDL_v1_approved.pdf,Ohio Medicaid Preferred Drug List,Molina,Ohio_Molina_Ohio Medicaid Preferred Drug List.pdf,,,,completed
1b5444e9-df82-4103-91ff-fba727b7c0c2,2daf1ac0-7229-41f6-94b8-cf49449dd810,93d585d6-a604-4766-b140-2aa31784d2d6,testosterone soln 30mg/ACT,Ohio,Covered,Non-Preferred,['AR'],No,No,No,0.95,https://dam.assets.ohio.gov/image/upload/medicaid.ohio.gov/PHM/unified-pdl/20251001_UPDL_v1_approved.pdf,Ohio Medicaid Preferred Drug List,Molina,Ohio_Molina_Ohio Medicaid Preferred Drug List.pdf,,,,completed
fc82f04c-7dee-4689-bc39-edc62e0493a3,2daf1ac0-7229-41f6-94b8-cf49449dd810,93d585d6-a604-4766-b140-2aa31784d2d6,TLANDO,Ohio,Covered,Non-Preferred,['AR'],No,No,No,0.95,https://dam.assets.ohio.gov/image/upload/medicaid.ohio.gov/PHM/unified-pdl/20251001_UPDL_v1_approved.pdf,Ohio Medicaid Preferred Drug List,Molina,Ohio_Molina_Ohio Medicaid Preferred Drug List.pdf,,,,completed
4b33851a-1b8b-40de-bd7e-93f38d90931a,2daf1ac0-7229-41f6-94b8-cf49449dd810,93d585d6-a604-4766-b140-2aa31784d2d6,XYOSTED,Ohio,Covered,Non-Preferred,['AR'],No,No,No,0.95,https://dam.assets.ohio.gov/image/upload/medicaid.ohio.gov/PHM/unified-pdl/20251001_UPDL_v1_approved.pdf,Ohio Medicaid Preferred Drug List,Molina,Ohio_Molina_Ohio Medicaid Preferred Drug List.pdf,,,,completed
109d90e2-d854-4551-bb52-0a3c2be3b731,2daf1ac0-7229-41f6-94b8-cf49449dd810,93d585d6-a604-4766-b140-2aa31784d2d6,LUPRON DEPOT,Ohio,Covered,"3.75,11.25 mg",['PA'],Yes,No,No,0.95,https://dam.assets.ohio.gov/image/upload/medicaid.ohio.gov/PHM/unified-pdl/20251001_UPDL_v1_approved.pdf,Ohio Medicaid Preferred Drug List,Molina,Ohio_Molina_Ohio Medicaid Preferred Drug List.pdf,,,,completed
bcec67dd-8654-470f-b0f6-0c49c45924c3,2daf1ac0-7229-41f6-94b8-cf49449dd810,93d585d6-a604-4766-b140-2aa31784d2d6,MYFEMBREE,Ohio,Covered,,['PA'],Yes,No,No,0.95,https://dam.assets.ohio.gov/image/upload/medicaid.ohio.gov/PHM/unified-pdl/20251001_UPDL_v1_approved.pdf,Ohio Medicaid Preferred Drug List,Molina,Ohio_Molina_Ohio Medicaid Preferred Drug List.pdf,,,,completed
f731550e-cade-4773-a619-48247c9d9ca5,2daf1ac0-7229-41f6-94b8-cf49449dd810,93d585d6-a604-4766-b140-2aa31784d2d6,ORIAHNN,Ohio,Covered,,['PA'],Yes,No,No,0.95,https://dam.assets.ohio.gov/image/upload/medicaid.ohio.gov/PHM/unified-pdl/20251001_UPDL_v1_approved.pdf,Ohio Medicaid Preferred Drug List,Molina,Ohio_Molina_Ohio Medicaid Preferred Drug List.pdf,,,,completed
c0957a5f-6b0c-4555-9916-b353d58678d5,2daf1ac0-7229-41f6-94b8-cf49449dd810,93d585d6-a604-4766-b140-2aa31784d2d6,GENOTROPIN,Ohio,Covered,PA,['PA'],Yes,No,No,0.95,https://dam.assets.ohio.gov/image/upload/medicaid.ohio.gov/PHM/unified-pdl/20251001_UPDL_v1_approved.pdf,Ohio Medicaid Preferred Drug List,Molina,Ohio_Molina_Ohio Medicaid Preferred Drug List.pdf,,,,completed
71696df4-fd2d-4704-884f-1f76772a428e,2daf1ac0-7229-41f6-94b8-cf49449dd810,93d585d6-a604-4766-b140-2aa31784d2d6,NORDITROPIN,Ohio,Covered,PA,['PA'],Yes,No,No,0.95,https://dam.assets.ohio.gov/image/upload/medicaid.ohio.gov/PHM/unified-pdl/20251001_UPDL_v1_approved.pdf,Ohio Medicaid Preferred Drug List,Molina,Ohio_Molina_Ohio Medicaid Preferred Drug List.pdf,,,,completed
e19d1e21-a3c3-454f-a3e6-790b0fe78e1c,2daf1ac0-7229-41f6-94b8-cf49449dd810,93d585d6-a604-4766-b140-2aa31784d2d6,HUMATROPE,Ohio,Covered,Non-Preferred,,No,No,No,0.95,https://dam.assets.ohio.gov/image/upload/medicaid.ohio.gov/PHM/unified-pdl/20251001_UPDL_v1_approved.pdf,Ohio Medicaid Preferred Drug List,Molina,Ohio_Molina_Ohio Medicaid Preferred Drug List.pdf,,,,completed
a1432874-8eaa-410a-93c8-5544ab7fe845,2daf1ac0-7229-41f6-94b8-cf49449dd810,93d585d6-a604-4766-b140-2aa31784d2d6,NUTROPIN,Ohio,Covered,Non-Preferred,,No,No,No,0.95,https://dam.assets.ohio.gov/image/upload/medicaid.ohio.gov/PHM/unified-pdl/20251001_UPDL_v1_approved.pdf,Ohio Medicaid Preferred Drug List,Molina,Ohio_Molina_Ohio Medicaid Preferred Drug List.pdf,,,,completed
58d800a8-1e90-474e-9257-1c82ab2b3774,2daf1ac0-7229-41f6-94b8-cf49449dd810,93d585d6-a604-4766-b140-2aa31784d2d6,OMNITROPE,Ohio,Covered,Non-Preferred,,No,No,No,0.95,https://dam.assets.ohio.gov/image/upload/medicaid.ohio.gov/PHM/unified-pdl/20251001_UPDL_v1_approved.pdf,Ohio Medicaid Preferred Drug List,Molina,Ohio_Molina_Ohio Medicaid Preferred Drug List.pdf,,,,completed
fd70e2b7-6034-4c83-a38a-b198574ed2e8,2daf1ac0-7229-41f6-94b8-cf49449dd810,93d585d6-a604-4766-b140-2aa31784d2d6,SEROSTIM,Ohio,Covered,Non-Preferred,,No,No,No,0.95,https://dam.assets.ohio.gov/image/upload/medicaid.ohio.gov/PHM/unified-pdl/20251001_UPDL_v1_approved.pdf,Ohio Medicaid Preferred Drug List,Molina,Ohio_Molina_Ohio Medicaid Preferred Drug List.pdf,,,,completed
f947fe2f-016e-4d3f-8a64-bb1aec5b646c,2daf1ac0-7229-41f6-94b8-cf49449dd810,93d585d6-a604-4766-b140-2aa31784d2d6,ZOMACTON,Ohio,Covered,Non-Preferred,,No,No,No,0.95,https://dam.assets.ohio.gov/image/upload/medicaid.ohio.gov/PHM/unified-pdl/20251001_UPDL_v1_approved.pdf,Ohio Medicaid Preferred Drug List,Molina,Ohio_Molina_Ohio Medicaid Preferred Drug List.pdf,,,,completed
63a132e8-d3e9-42b5-9689-c3203dc334eb,2daf1ac0-7229-41f6-94b8-cf49449dd810,93d585d6-a604-4766-b140-2aa31784d2d6,SKYTROFA,Ohio,Covered,"PA, ST","['PA', 'ST']",Yes,Yes,No,0.95,https://dam.assets.ohio.gov/image/upload/medicaid.ohio.gov/PHM/unified-pdl/20251001_UPDL_v1_approved.pdf,Ohio Medicaid Preferred Drug List,Molina,Ohio_Molina_Ohio Medicaid Preferred Drug List.pdf,,,,completed
d4446bbd-c99b-49b6-875d-53efa5e7f7de,2daf1ac0-7229-41f6-94b8-cf49449dd810,93d585d6-a604-4766-b140-2aa31784d2d6,NGENLA,Ohio,Covered,Non-Preferred,,No,No,No,0.95,https://dam.assets.ohio.gov/image/upload/medicaid.ohio.gov/PHM/unified-pdl/20251001_UPDL_v1_approved.pdf,Ohio Medicaid Preferred Drug List,Molina,Ohio_Molina_Ohio Medicaid Preferred Drug List.pdf,,,,completed
2f060b64-fbcd-404f-9f6c-7caf2588d948,2daf1ac0-7229-41f6-94b8-cf49449dd810,93d585d6-a604-4766-b140-2aa31784d2d6,SOGROYA,Ohio,Covered,Non-Preferred,,No,No,No,0.95,https://dam.assets.ohio.gov/image/upload/medicaid.ohio.gov/PHM/unified-pdl/20251001_UPDL_v1_approved.pdf,Ohio Medicaid Preferred Drug List,Molina,Ohio_Molina_Ohio Medicaid Preferred Drug List.pdf,,,,completed
86e90822-7c82-4789-8926-fc6100bcfe91,2daf1ac0-7229-41f6-94b8-cf49449dd810,93d585d6-a604-4766-b140-2aa31784d2d6,lactulose,Ohio,Covered,,,No,No,No,0.95,https://dam.assets.ohio.gov/image/upload/medicaid.ohio.gov/PHM/unified-pdl/20251001_UPDL_v1_approved.pdf,Ohio Medicaid Preferred Drug List,Molina,Ohio_Molina_Ohio Medicaid Preferred Drug List.pdf,,,,completed
0d9261cb-788a-43cc-aee2-10f1e856cc0e,2daf1ac0-7229-41f6-94b8-cf49449dd810,93d585d6-a604-4766-b140-2aa31784d2d6,XIFAXAN,Ohio,Covered,,['ST'],No,Yes,No,0.95,https://dam.assets.ohio.gov/image/upload/medicaid.ohio.gov/PHM/unified-pdl/20251001_UPDL_v1_approved.pdf,Ohio Medicaid Preferred Drug List,Molina,Ohio_Molina_Ohio Medicaid Preferred Drug List.pdf,,,,completed
93d98ce3-2511-487a-a99d-919bce7832e0,2daf1ac0-7229-41f6-94b8-cf49449dd810,93d585d6-a604-4766-b140-2aa31784d2d6,alendronate,Ohio,Covered,Preferred Agents,,No,No,No,0.95,https://dam.assets.ohio.gov/image/upload/medicaid.ohio.gov/PHM/unified-pdl/20251001_UPDL_v1_approved.pdf,Ohio Medicaid Preferred Drug List,Molina,Ohio_Molina_Ohio Medicaid Preferred Drug List.pdf,,,,completed
dd8c3f24-30d0-427f-bbc2-765a0fb79cec,2daf1ac0-7229-41f6-94b8-cf49449dd810,93d585d6-a604-4766-b140-2aa31784d2d6,ibandronate,Ohio,Covered,Preferred Agents,,No,No,No,0.95,https://dam.assets.ohio.gov/image/upload/medicaid.ohio.gov/PHM/unified-pdl/20251001_UPDL_v1_approved.pdf,Ohio Medicaid Preferred Drug List,Molina,Ohio_Molina_Ohio Medicaid Preferred Drug List.pdf,,,,completed
a3187c1a-bbab-42ee-9d0b-60abcaf6411b,2daf1ac0-7229-41f6-94b8-cf49449dd810,93d585d6-a604-4766-b140-2aa31784d2d6,alendronate soln,Ohio,Covered,Non-Preferred Agents,,No,No,No,0.95,https://dam.assets.ohio.gov/image/upload/medicaid.ohio.gov/PHM/unified-pdl/20251001_UPDL_v1_approved.pdf,Ohio Medicaid Preferred Drug List,Molina,Ohio_Molina_Ohio Medicaid Preferred Drug List.pdf,,,,completed
5f2717a1-a8ad-48aa-ad50-f08f8700e68b,2daf1ac0-7229-41f6-94b8-cf49449dd810,93d585d6-a604-4766-b140-2aa31784d2d6,BINOSTO,Ohio,Covered,Non-Preferred Agents,,No,No,No,0.95,https://dam.assets.ohio.gov/image/upload/medicaid.ohio.gov/PHM/unified-pdl/20251001_UPDL_v1_approved.pdf,Ohio Medicaid Preferred Drug List,Molina,Ohio_Molina_Ohio Medicaid Preferred Drug List.pdf,,,,completed
1342e850-8220-42d0-abd5-463d133a762b,2daf1ac0-7229-41f6-94b8-cf49449dd810,93d585d6-a604-4766-b140-2aa31784d2d6,FOSAMAX PLUS D,Ohio,Covered,Non-Preferred Agents,,No,No,No,0.95,https://dam.assets.ohio.gov/image/upload/medicaid.ohio.gov/PHM/unified-pdl/20251001_UPDL_v1_approved.pdf,Ohio Medicaid Preferred Drug List,Molina,Ohio_Molina_Ohio Medicaid Preferred Drug List.pdf,,,,completed
ce93e060-bf18-426a-ab3b-5251c73218bb,2daf1ac0-7229-41f6-94b8-cf49449dd810,93d585d6-a604-4766-b140-2aa31784d2d6,risedronate,Ohio,Covered,Non-Preferred Agents,,No,No,No,0.95,https://dam.assets.ohio.gov/image/upload/medicaid.ohio.gov/PHM/unified-pdl/20251001_UPDL_v1_approved.pdf,Ohio Medicaid Preferred Drug List,Molina,Ohio_Molina_Ohio Medicaid Preferred Drug List.pdf,,,,completed
00005056-6a97-4beb-99de-05001399cc9c,2daf1ac0-7229-41f6-94b8-cf49449dd810,93d585d6-a604-4766-b140-2aa31784d2d6,zoledronic acid,Ohio,Covered,Non-Preferred Agents,,No,No,No,0.95,https://dam.assets.ohio.gov/image/upload/medicaid.ohio.gov/PHM/unified-pdl/20251001_UPDL_v1_approved.pdf,Ohio Medicaid Preferred Drug List,Molina,Ohio_Molina_Ohio Medicaid Preferred Drug List.pdf,,,,completed
b2dac26f-3cb9-4f12-a043-e2c36afab34f,2daf1ac0-7229-41f6-94b8-cf49449dd810,93d585d6-a604-4766-b140-2aa31784d2d6,calcitonin-salmon,Ohio,Covered,Other Bone Resorption Suppression and Related Agents,,No,No,No,0.95,https://dam.assets.ohio.gov/image/upload/medicaid.ohio.gov/PHM/unified-pdl/20251001_UPDL_v1_approved.pdf,Ohio Medicaid Preferred Drug List,Molina,Ohio_Molina_Ohio Medicaid Preferred Drug List.pdf,,,,completed
b97e1afa-e777-415a-a9f1-f3e3cdbb0949,2daf1ac0-7229-41f6-94b8-cf49449dd810,93d585d6-a604-4766-b140-2aa31784d2d6,FORTEO,Ohio,Covered,Other Bone Resorption Suppression and Related Agents,['PA'],Yes,No,No,0.95,https://dam.assets.ohio.gov/image/upload/medicaid.ohio.gov/PHM/unified-pdl/20251001_UPDL_v1_approved.pdf,Ohio Medicaid Preferred Drug List,Molina,Ohio_Molina_Ohio Medicaid Preferred Drug List.pdf,,,,completed
ea2b8e4e-2961-48ed-acb0-94ef07050c1a,2daf1ac0-7229-41f6-94b8-cf49449dd810,93d585d6-a604-4766-b140-2aa31784d2d6,raloxifene,Ohio,Covered,Other Bone Resorption Suppression and Related Agents,,No,No,No,0.95,https://dam.assets.ohio.gov/image/upload/medicaid.ohio.gov/PHM/unified-pdl/20251001_UPDL_v1_approved.pdf,Ohio Medicaid Preferred Drug List,Molina,Ohio_Molina_Ohio Medicaid Preferred Drug List.pdf,,,,completed
052b3d56-d387-46c3-ade3-3a0fc45a6e4e,2daf1ac0-7229-41f6-94b8-cf49449dd810,93d585d6-a604-4766-b140-2aa31784d2d6,EVENITY,Ohio,Covered,Other Bone Resorption Suppression and Related Agents,,No,No,No,0.95,https://dam.assets.ohio.gov/image/upload/medicaid.ohio.gov/PHM/unified-pdl/20251001_UPDL_v1_approved.pdf,Ohio Medicaid Preferred Drug List,Molina,Ohio_Molina_Ohio Medicaid Preferred Drug List.pdf,,,,completed
5458083d-ebb6-4cff-92e9-308d57ec4e55,2daf1ac0-7229-41f6-94b8-cf49449dd810,93d585d6-a604-4766-b140-2aa31784d2d6,PROLIA,Ohio,Covered,Other Bone Resorption Suppression and Related Agents,,No,No,No,0.95,https://dam.assets.ohio.gov/image/upload/medicaid.ohio.gov/PHM/unified-pdl/20251001_UPDL_v1_approved.pdf,Ohio Medicaid Preferred Drug List,Molina,Ohio_Molina_Ohio Medicaid Preferred Drug List.pdf,,,,completed
7cf4ca9e-46eb-42e6-957d-a8275021919e,2daf1ac0-7229-41f6-94b8-cf49449dd810,93d585d6-a604-4766-b140-2aa31784d2d6,teriparatide,Ohio,Covered,Other Bone Resorption Suppression and Related Agents,,No,No,No,0.95,https://dam.assets.ohio.gov/image/upload/medicaid.ohio.gov/PHM/unified-pdl/20251001_UPDL_v1_approved.pdf,Ohio Medicaid Preferred Drug List,Molina,Ohio_Molina_Ohio Medicaid Preferred Drug List.pdf,,,,completed
29b84ff6-936b-45eb-8113-195aff5aad44,2daf1ac0-7229-41f6-94b8-cf49449dd810,93d585d6-a604-4766-b140-2aa31784d2d6,TYMLOS,Ohio,Covered,Other Bone Resorption Suppression and Related Agents,,No,No,No,0.95,https://dam.assets.ohio.gov/image/upload/medicaid.ohio.gov/PHM/unified-pdl/20251001_UPDL_v1_approved.pdf,Ohio Medicaid Preferred Drug List,Molina,Ohio_Molina_Ohio Medicaid Preferred Drug List.pdf,,,,completed
a2480eea-ef46-4211-a5ec-5f9fdab51100,2daf1ac0-7229-41f6-94b8-cf49449dd810,93d585d6-a604-4766-b140-2aa31784d2d6,azelaic acid,Ohio,Covered,,,No,No,No,0.95,https://dam.assets.ohio.gov/image/upload/medicaid.ohio.gov/PHM/unified-pdl/20251001_UPDL_v1_approved.pdf,Ohio Medicaid Preferred Drug List,Molina,Ohio_Molina_Ohio Medicaid Preferred Drug List.pdf,,,,completed
0bf0a3ca-4e44-4814-9750-568e672ba3da,2daf1ac0-7229-41f6-94b8-cf49449dd810,93d585d6-a604-4766-b140-2aa31784d2d6,benzoyl peroxide,Ohio,Covered,,,No,No,No,0.95,https://dam.assets.ohio.gov/image/upload/medicaid.ohio.gov/PHM/unified-pdl/20251001_UPDL_v1_approved.pdf,Ohio Medicaid Preferred Drug List,Molina,Ohio_Molina_Ohio Medicaid Preferred Drug List.pdf,,,,completed
c6a5f11f-3fdc-4e4b-b63c-7943448e23f1,2daf1ac0-7229-41f6-94b8-cf49449dd810,93d585d6-a604-4766-b140-2aa31784d2d6,"clindamycin gel, lot, soln, swabs",Ohio,Covered,,,No,No,No,0.95,https://dam.assets.ohio.gov/image/upload/medicaid.ohio.gov/PHM/unified-pdl/20251001_UPDL_v1_approved.pdf,Ohio Medicaid Preferred Drug List,Molina,Ohio_Molina_Ohio Medicaid Preferred Drug List.pdf,,,,completed
b67698c8-0ee3-4858-996f-7ba74a3fb240,2daf1ac0-7229-41f6-94b8-cf49449dd810,93d585d6-a604-4766-b140-2aa31784d2d6,"clind/benz perox 1-5%, 1.2-2.5%, 1.2-5%",Ohio,Covered,,,No,No,No,0.95,https://dam.assets.ohio.gov/image/upload/medicaid.ohio.gov/PHM/unified-pdl/20251001_UPDL_v1_approved.pdf,Ohio Medicaid Preferred Drug List,Molina,Ohio_Molina_Ohio Medicaid Preferred Drug List.pdf,,,,completed
dd1e0ede-2730-4a20-8db4-6fde71839487,2daf1ac0-7229-41f6-94b8-cf49449dd810,93d585d6-a604-4766-b140-2aa31784d2d6,erythromycin,Ohio,Covered,,,No,No,No,0.95,https://dam.assets.ohio.gov/image/upload/medicaid.ohio.gov/PHM/unified-pdl/20251001_UPDL_v1_approved.pdf,Ohio Medicaid Preferred Drug List,Molina,Ohio_Molina_Ohio Medicaid Preferred Drug List.pdf,,,,completed
0b8fee1e-ec2d-4362-81c5-400c6cd661f2,2daf1ac0-7229-41f6-94b8-cf49449dd810,93d585d6-a604-4766-b140-2aa31784d2d6,erythromycin/benzoyl peroxide,Ohio,Covered,,,No,No,No,0.95,https://dam.assets.ohio.gov/image/upload/medicaid.ohio.gov/PHM/unified-pdl/20251001_UPDL_v1_approved.pdf,Ohio Medicaid Preferred Drug List,Molina,Ohio_Molina_Ohio Medicaid Preferred Drug List.pdf,,,,completed
579c347a-8ae4-44d5-9b58-5d25770ca20a,2daf1ac0-7229-41f6-94b8-cf49449dd810,93d585d6-a604-4766-b140-2aa31784d2d6,ONEXTON,Ohio,Covered,,,No,No,No,0.95,https://dam.assets.ohio.gov/image/upload/medicaid.ohio.gov/PHM/unified-pdl/20251001_UPDL_v1_approved.pdf,Ohio Medicaid Preferred Drug List,Molina,Ohio_Molina_Ohio Medicaid Preferred Drug List.pdf,,,,completed
fe1f8cc7-f10f-4904-b245-5e917349a5dc,2daf1ac0-7229-41f6-94b8-cf49449dd810,93d585d6-a604-4766-b140-2aa31784d2d6,sodium sulfacetamide gel,Ohio,Covered,,,No,No,No,0.95,https://dam.assets.ohio.gov/image/upload/medicaid.ohio.gov/PHM/unified-pdl/20251001_UPDL_v1_approved.pdf,Ohio Medicaid Preferred Drug List,Molina,Ohio_Molina_Ohio Medicaid Preferred Drug List.pdf,,,,completed
f0704b23-058e-4237-a909-13c9a92b9342,2daf1ac0-7229-41f6-94b8-cf49449dd810,93d585d6-a604-4766-b140-2aa31784d2d6,CLINDACIN,Ohio,Covered,Non-Preferred,,No,No,No,0.95,https://dam.assets.ohio.gov/image/upload/medicaid.ohio.gov/PHM/unified-pdl/20251001_UPDL_v1_approved.pdf,Ohio Medicaid Preferred Drug List,Molina,Ohio_Molina_Ohio Medicaid Preferred Drug List.pdf,,,,completed
0fdde894-6631-423d-a955-6aa6f71068dc,2daf1ac0-7229-41f6-94b8-cf49449dd810,93d585d6-a604-4766-b140-2aa31784d2d6,clindamycin foam,Ohio,Covered,Non-Preferred,,No,No,No,0.95,https://dam.assets.ohio.gov/image/upload/medicaid.ohio.gov/PHM/unified-pdl/20251001_UPDL_v1_approved.pdf,Ohio Medicaid Preferred Drug List,Molina,Ohio_Molina_Ohio Medicaid Preferred Drug List.pdf,,,,completed
c5c26859-a556-47fa-8caf-c89107bcc762,2daf1ac0-7229-41f6-94b8-cf49449dd810,93d585d6-a604-4766-b140-2aa31784d2d6,clindamycin/benz perox 1.2-3.75%,Ohio,Covered,Non-Preferred,,No,No,No,0.95,https://dam.assets.ohio.gov/image/upload/medicaid.ohio.gov/PHM/unified-pdl/20251001_UPDL_v1_approved.pdf,Ohio Medicaid Preferred Drug List,Molina,Ohio_Molina_Ohio Medicaid Preferred Drug List.pdf,,,,completed
5a95f69f-c8d6-4e09-b7b5-a2f894b1410c,2daf1ac0-7229-41f6-94b8-cf49449dd810,93d585d6-a604-4766-b140-2aa31784d2d6,dapsone,Ohio,Covered,Non-Preferred,,No,No,No,0.95,https://dam.assets.ohio.gov/image/upload/medicaid.ohio.gov/PHM/unified-pdl/20251001_UPDL_v1_approved.pdf,Ohio Medicaid Preferred Drug List,Molina,Ohio_Molina_Ohio Medicaid Preferred Drug List.pdf,,,,completed
8229dbcd-eb91-4c03-ad33-e98362f81afd,2daf1ac0-7229-41f6-94b8-cf49449dd810,93d585d6-a604-4766-b140-2aa31784d2d6,FINACEA FOAM,Ohio,Covered,Non-Preferred,,No,No,No,0.95,https://dam.assets.ohio.gov/image/upload/medicaid.ohio.gov/PHM/unified-pdl/20251001_UPDL_v1_approved.pdf,Ohio Medicaid Preferred Drug List,Molina,Ohio_Molina_Ohio Medicaid Preferred Drug List.pdf,,,,completed
5248da7b-f4ee-44e5-a0b7-35e889614c71,2daf1ac0-7229-41f6-94b8-cf49449dd810,93d585d6-a604-4766-b140-2aa31784d2d6,NEUAC,Ohio,Covered,Non-Preferred,,No,No,No,0.95,https://dam.assets.ohio.gov/image/upload/medicaid.ohio.gov/PHM/unified-pdl/20251001_UPDL_v1_approved.pdf,Ohio Medicaid Preferred Drug List,Molina,Ohio_Molina_Ohio Medicaid Preferred Drug List.pdf,,,,completed
fb8cb9dd-f6f7-4944-8d2d-777fee62fdbf,2daf1ac0-7229-41f6-94b8-cf49449dd810,93d585d6-a604-4766-b140-2aa31784d2d6,sodium sulfacetamide/sulfur,Ohio,Covered,Non-Preferred,,No,No,No,0.95,https://dam.assets.ohio.gov/image/upload/medicaid.ohio.gov/PHM/unified-pdl/20251001_UPDL_v1_approved.pdf,Ohio Medicaid Preferred Drug List,Molina,Ohio_Molina_Ohio Medicaid Preferred Drug List.pdf,,,,completed
af97f31f-f2b5-4561-811f-d65568f7fd3f,2daf1ac0-7229-41f6-94b8-cf49449dd810,93d585d6-a604-4766-b140-2aa31784d2d6,sodium sulfacetamide pads,Ohio,Covered,Non-Preferred,,No,No,No,0.95,https://dam.assets.ohio.gov/image/upload/medicaid.ohio.gov/PHM/unified-pdl/20251001_UPDL_v1_approved.pdf,Ohio Medicaid Preferred Drug List,Molina,Ohio_Molina_Ohio Medicaid Preferred Drug List.pdf,,,,completed
4571e546-fc69-45a6-811c-75985943546f,2daf1ac0-7229-41f6-94b8-cf49449dd810,93d585d6-a604-4766-b140-2aa31784d2d6,WINLEVI,Ohio,Covered,Non-Preferred,,No,No,No,0.95,https://dam.assets.ohio.gov/image/upload/medicaid.ohio.gov/PHM/unified-pdl/20251001_UPDL_v1_approved.pdf,Ohio Medicaid Preferred Drug List,Molina,Ohio_Molina_Ohio Medicaid Preferred Drug List.pdf,,,,completed
91b48559-5daf-4f21-9ca2-32975db8cd04,2daf1ac0-7229-41f6-94b8-cf49449dd810,93d585d6-a604-4766-b140-2aa31784d2d6,ZMA CLEAR SUSP,Ohio,Covered,Non-Preferred,,No,No,No,0.95,https://dam.assets.ohio.gov/image/upload/medicaid.ohio.gov/PHM/unified-pdl/20251001_UPDL_v1_approved.pdf,Ohio Medicaid Preferred Drug List,Molina,Ohio_Molina_Ohio Medicaid Preferred Drug List.pdf,,,,completed
eba58dac-55a9-4dfb-aa2d-26baebbf4c27,2daf1ac0-7229-41f6-94b8-cf49449dd810,93d585d6-a604-4766-b140-2aa31784d2d6,adapalene,Ohio,Covered,Preferred,['AR'],No,No,No,0.95,https://dam.assets.ohio.gov/image/upload/medicaid.ohio.gov/PHM/unified-pdl/20251001_UPDL_v1_approved.pdf,Ohio Medicaid Preferred Drug List,Molina,Ohio_Molina_Ohio Medicaid Preferred Drug List.pdf,,,,completed
88785b1b-1e66-4949-8aed-3a0f00e7f34c,2daf1ac0-7229-41f6-94b8-cf49449dd810,93d585d6-a604-4766-b140-2aa31784d2d6,adapalene/benzoyl peroxide,Ohio,Covered,Preferred,['AR'],No,No,No,0.95,https://dam.assets.ohio.gov/image/upload/medicaid.ohio.gov/PHM/unified-pdl/20251001_UPDL_v1_approved.pdf,Ohio Medicaid Preferred Drug List,Molina,Ohio_Molina_Ohio Medicaid Preferred Drug List.pdf,,,,completed
a3386c33-2dd0-498e-8f05-20c11627cf04,2daf1ac0-7229-41f6-94b8-cf49449dd810,93d585d6-a604-4766-b140-2aa31784d2d6,ALTRENO,Ohio,Covered,Preferred,['AR'],No,No,No,0.95,https://dam.assets.ohio.gov/image/upload/medicaid.ohio.gov/PHM/unified-pdl/20251001_UPDL_v1_approved.pdf,Ohio Medicaid Preferred Drug List,Molina,Ohio_Molina_Ohio Medicaid Preferred Drug List.pdf,,,,completed
bbfe2a19-edd2-4cb5-97a6-a25f136cc7ad,2daf1ac0-7229-41f6-94b8-cf49449dd810,93d585d6-a604-4766-b140-2aa31784d2d6,RETIN-A MICRO,Ohio,Covered,Preferred,"['AR', 'BvG']",No,No,No,0.95,https://dam.assets.ohio.gov/image/upload/medicaid.ohio.gov/PHM/unified-pdl/20251001_UPDL_v1_approved.pdf,Ohio Medicaid Preferred Drug List,Molina,Ohio_Molina_Ohio Medicaid Preferred Drug List.pdf,,,,completed
fee9b27c-4bec-4ed5-848c-c8e0dea45497,2daf1ac0-7229-41f6-94b8-cf49449dd810,93d585d6-a604-4766-b140-2aa31784d2d6,tretinoin,Ohio,Covered,Preferred,['AR'],No,No,No,0.95,https://dam.assets.ohio.gov/image/upload/medicaid.ohio.gov/PHM/unified-pdl/20251001_UPDL_v1_approved.pdf,Ohio Medicaid Preferred Drug List,Molina,Ohio_Molina_Ohio Medicaid Preferred Drug List.pdf,,,,completed
7d6d6c9c-10ad-4734-9ff9-8131cb31f879,2daf1ac0-7229-41f6-94b8-cf49449dd810,93d585d6-a604-4766-b140-2aa31784d2d6,adapalene cream,Ohio,Covered,Non-Preferred,['AR'],No,No,No,0.95,https://dam.assets.ohio.gov/image/upload/medicaid.ohio.gov/PHM/unified-pdl/20251001_UPDL_v1_approved.pdf,Ohio Medicaid Preferred Drug List,Molina,Ohio_Molina_Ohio Medicaid Preferred Drug List.pdf,,,,completed
9a9244d1-55d2-454c-ba5c-603207eb1239,2daf1ac0-7229-41f6-94b8-cf49449dd810,93d585d6-a604-4766-b140-2aa31784d2d6,ARAZLO,Ohio,Covered,Non-Preferred,['AR'],No,No,No,0.95,https://dam.assets.ohio.gov/image/upload/medicaid.ohio.gov/PHM/unified-pdl/20251001_UPDL_v1_approved.pdf,Ohio Medicaid Preferred Drug List,Molina,Ohio_Molina_Ohio Medicaid Preferred Drug List.pdf,,,,completed
757567ea-1832-4407-ad80-da8a3c638f02,2daf1ac0-7229-41f6-94b8-cf49449dd810,93d585d6-a604-4766-b140-2aa31784d2d6,CABTREO,Ohio,Covered,Non-Preferred,['AR'],No,No,No,0.95,https://dam.assets.ohio.gov/image/upload/medicaid.ohio.gov/PHM/unified-pdl/20251001_UPDL_v1_approved.pdf,Ohio Medicaid Preferred Drug List,Molina,Ohio_Molina_Ohio Medicaid Preferred Drug List.pdf,,,,completed
406c7aa5-a95c-4fa9-adb8-e74180f36316,2daf1ac0-7229-41f6-94b8-cf49449dd810,93d585d6-a604-4766-b140-2aa31784d2d6,clindamycin/tretinoin,Ohio,Covered,Non-Preferred,['AR'],No,No,No,0.95,https://dam.assets.ohio.gov/image/upload/medicaid.ohio.gov/PHM/unified-pdl/20251001_UPDL_v1_approved.pdf,Ohio Medicaid Preferred Drug List,Molina,Ohio_Molina_Ohio Medicaid Preferred Drug List.pdf,,,,completed
9a71ef5d-e99c-4e4d-b0ab-0bece6e3c3d0,2daf1ac0-7229-41f6-94b8-cf49449dd810,93d585d6-a604-4766-b140-2aa31784d2d6,RETIN-A MICRO,Ohio,Covered,Non-Preferred,"['AR', 'BvG']",No,No,No,0.95,https://dam.assets.ohio.gov/image/upload/medicaid.ohio.gov/PHM/unified-pdl/20251001_UPDL_v1_approved.pdf,Ohio Medicaid Preferred Drug List,Molina,Ohio_Molina_Ohio Medicaid Preferred Drug List.pdf,,,,completed
a9a3f768-dc48-4302-a550-ce30737feed1,2daf1ac0-7229-41f6-94b8-cf49449dd810,93d585d6-a604-4766-b140-2aa31784d2d6,tazarotene,Ohio,Covered,Non-Preferred,['AR'],No,No,No,0.95,https://dam.assets.ohio.gov/image/upload/medicaid.ohio.gov/PHM/unified-pdl/20251001_UPDL_v1_approved.pdf,Ohio Medicaid Preferred Drug List,Molina,Ohio_Molina_Ohio Medicaid Preferred Drug List.pdf,,,,completed
853b087d-b909-4183-896a-5fa5eef95253,2daf1ac0-7229-41f6-94b8-cf49449dd810,93d585d6-a604-4766-b140-2aa31784d2d6,tretinoin micro,Ohio,Covered,Non-Preferred,['AR'],No,No,No,0.95,https://dam.assets.ohio.gov/image/upload/medicaid.ohio.gov/PHM/unified-pdl/20251001_UPDL_v1_approved.pdf,Ohio Medicaid Preferred Drug List,Molina,Ohio_Molina_Ohio Medicaid Preferred Drug List.pdf,,,,completed
4cf94389-8ff4-40f3-9f55-1d8029eab850,2daf1ac0-7229-41f6-94b8-cf49449dd810,93d585d6-a604-4766-b140-2aa31784d2d6,azathioprine 50mg,Ohio,Covered,PREFERRED AGENTS,,No,No,No,0.95,https://dam.assets.ohio.gov/image/upload/medicaid.ohio.gov/PHM/unified-pdl/20251001_UPDL_v1_approved.pdf,Ohio Medicaid Preferred Drug List,Molina,Ohio_Molina_Ohio Medicaid Preferred Drug List.pdf,,,,completed
5f13e607-add9-4fa8-8057-f584aea6eaed,2daf1ac0-7229-41f6-94b8-cf49449dd810,93d585d6-a604-4766-b140-2aa31784d2d6,"azathioprine 75, 100mg",Ohio,Covered,NON-PREFERRED AGENTS,['PA'],Yes,No,No,0.95,https://dam.assets.ohio.gov/image/upload/medicaid.ohio.gov/PHM/unified-pdl/20251001_UPDL_v1_approved.pdf,Ohio Medicaid Preferred Drug List,Molina,Ohio_Molina_Ohio Medicaid Preferred Drug List.pdf,,,,completed
c6ee458d-8f92-4862-b158-9f743fbc4f63,2daf1ac0-7229-41f6-94b8-cf49449dd810,93d585d6-a604-4766-b140-2aa31784d2d6,budesonide,Ohio,Covered,PREFERRED AGENTS,,No,No,No,0.95,https://dam.assets.ohio.gov/image/upload/medicaid.ohio.gov/PHM/unified-pdl/20251001_UPDL_v1_approved.pdf,Ohio Medicaid Preferred Drug List,Molina,Ohio_Molina_Ohio Medicaid Preferred Drug List.pdf,,,,completed
aa79eac7-a5b2-47be-8219-ab014156b3eb,2daf1ac0-7229-41f6-94b8-cf49449dd810,93d585d6-a604-4766-b140-2aa31784d2d6,mercaptopurine,Ohio,Covered,PREFERRED AGENTS,,No,No,No,0.95,https://dam.assets.ohio.gov/image/upload/medicaid.ohio.gov/PHM/unified-pdl/20251001_UPDL_v1_approved.pdf,Ohio Medicaid Preferred Drug List,Molina,Ohio_Molina_Ohio Medicaid Preferred Drug List.pdf,,,,completed
e8da37d2-81a9-4499-ae87-f71c113b5614,2daf1ac0-7229-41f6-94b8-cf49449dd810,93d585d6-a604-4766-b140-2aa31784d2d6,methotrexate,Ohio,Covered,PREFERRED AGENTS,,No,No,No,0.95,https://dam.assets.ohio.gov/image/upload/medicaid.ohio.gov/PHM/unified-pdl/20251001_UPDL_v1_approved.pdf,Ohio Medicaid Preferred Drug List,Molina,Ohio_Molina_Ohio Medicaid Preferred Drug List.pdf,,,,completed
a626b9a0-3099-4213-996f-577b55d4ef44,2daf1ac0-7229-41f6-94b8-cf49449dd810,93d585d6-a604-4766-b140-2aa31784d2d6,sulfasalazine IR,Ohio,Covered,PREFERRED AGENTS,,No,No,No,0.95,https://dam.assets.ohio.gov/image/upload/medicaid.ohio.gov/PHM/unified-pdl/20251001_UPDL_v1_approved.pdf,Ohio Medicaid Preferred Drug List,Molina,Ohio_Molina_Ohio Medicaid Preferred Drug List.pdf,,,,completed
1a1c2b32-1cdd-4665-bb4f-4296ea7d2a5a,2daf1ac0-7229-41f6-94b8-cf49449dd810,93d585d6-a604-4766-b140-2aa31784d2d6,diphenoxylate/atropine,Ohio,Covered,Preferred Agents,,No,No,No,0.95,https://dam.assets.ohio.gov/image/upload/medicaid.ohio.gov/PHM/unified-pdl/20251001_UPDL_v1_approved.pdf,Ohio Medicaid Preferred Drug List,Molina,Ohio_Molina_Ohio Medicaid Preferred Drug List.pdf,,,,completed
338ca35d-553d-45ea-a16b-accd5de16ebe,2daf1ac0-7229-41f6-94b8-cf49449dd810,93d585d6-a604-4766-b140-2aa31784d2d6,loperamide,Ohio,Covered,Preferred Agents,,No,No,No,0.95,https://dam.assets.ohio.gov/image/upload/medicaid.ohio.gov/PHM/unified-pdl/20251001_UPDL_v1_approved.pdf,Ohio Medicaid Preferred Drug List,Molina,Ohio_Molina_Ohio Medicaid Preferred Drug List.pdf,,,,completed
f2fc332b-73ad-498b-89bc-e09fd704441a,2daf1ac0-7229-41f6-94b8-cf49449dd810,93d585d6-a604-4766-b140-2aa31784d2d6,XIFAXAN,Ohio,Covered,Preferred Agents,['ST'],No,Yes,No,0.95,https://dam.assets.ohio.gov/image/upload/medicaid.ohio.gov/PHM/unified-pdl/20251001_UPDL_v1_approved.pdf,Ohio Medicaid Preferred Drug List,Molina,Ohio_Molina_Ohio Medicaid Preferred Drug List.pdf,,,,completed
77b0a316-0973-4718-be24-a3f6e57e3687,2daf1ac0-7229-41f6-94b8-cf49449dd810,93d585d6-a604-4766-b140-2aa31784d2d6,alosetron,Ohio,Covered,Non-Preferred Agents,,No,No,No,0.95,https://dam.assets.ohio.gov/image/upload/medicaid.ohio.gov/PHM/unified-pdl/20251001_UPDL_v1_approved.pdf,Ohio Medicaid Preferred Drug List,Molina,Ohio_Molina_Ohio Medicaid Preferred Drug List.pdf,,,,completed
84fbfb1d-21f6-4a56-834e-c802db1768e3,2daf1ac0-7229-41f6-94b8-cf49449dd810,93d585d6-a604-4766-b140-2aa31784d2d6,VIBERZI,Ohio,Covered,Non-Preferred Agents,,No,No,No,0.95,https://dam.assets.ohio.gov/image/upload/medicaid.ohio.gov/PHM/unified-pdl/20251001_UPDL_v1_approved.pdf,Ohio Medicaid Preferred Drug List,Molina,Ohio_Molina_Ohio Medicaid Preferred Drug List.pdf,,,,completed
4bf1a2d5-6ee7-4321-b846-b45641ea212e,2daf1ac0-7229-41f6-94b8-cf49449dd810,93d585d6-a604-4766-b140-2aa31784d2d6,CLENPIQ,Ohio,Covered,Preferred Agents,,No,No,No,0.95,https://dam.assets.ohio.gov/image/upload/medicaid.ohio.gov/PHM/unified-pdl/20251001_UPDL_v1_approved.pdf,Ohio Medicaid Preferred Drug List,Molina,Ohio_Molina_Ohio Medicaid Preferred Drug List.pdf,,,,completed
7530719d-06c1-4944-ba52-f3d6567722bc,2daf1ac0-7229-41f6-94b8-cf49449dd810,93d585d6-a604-4766-b140-2aa31784d2d6,GAVILYTE -C,Ohio,Covered,Preferred Agents,,No,No,No,0.95,https://dam.assets.ohio.gov/image/upload/medicaid.ohio.gov/PHM/unified-pdl/20251001_UPDL_v1_approved.pdf,Ohio Medicaid Preferred Drug List,Molina,Ohio_Molina_Ohio Medicaid Preferred Drug List.pdf,,,,completed
7ab0e806-69c4-4d8c-806b-684f9aa21355,2daf1ac0-7229-41f6-94b8-cf49449dd810,93d585d6-a604-4766-b140-2aa31784d2d6,GAVILYTE -G,Ohio,Covered,Preferred Agents,,No,No,No,0.95,https://dam.assets.ohio.gov/image/upload/medicaid.ohio.gov/PHM/unified-pdl/20251001_UPDL_v1_approved.pdf,Ohio Medicaid Preferred Drug List,Molina,Ohio_Molina_Ohio Medicaid Preferred Drug List.pdf,,,,completed
3188fce0-8aae-4e15-93c1-b526324f8244,2daf1ac0-7229-41f6-94b8-cf49449dd810,93d585d6-a604-4766-b140-2aa31784d2d6,GAVILYTE -N,Ohio,Covered,Preferred Agents,,No,No,No,0.95,https://dam.assets.ohio.gov/image/upload/medicaid.ohio.gov/PHM/unified-pdl/20251001_UPDL_v1_approved.pdf,Ohio Medicaid Preferred Drug List,Molina,Ohio_Molina_Ohio Medicaid Preferred Drug List.pdf,,,,completed
3ac93b6e-34e8-4421-a643-e1f956993644,2daf1ac0-7229-41f6-94b8-cf49449dd810,93d585d6-a604-4766-b140-2aa31784d2d6,GOLYTELY,Ohio,Covered,Preferred Agents,,No,No,No,0.95,https://dam.assets.ohio.gov/image/upload/medicaid.ohio.gov/PHM/unified-pdl/20251001_UPDL_v1_approved.pdf,Ohio Medicaid Preferred Drug List,Molina,Ohio_Molina_Ohio Medicaid Preferred Drug List.pdf,,,,completed
1487be7f-013c-4c6e-91d3-929f4985fdf6,2daf1ac0-7229-41f6-94b8-cf49449dd810,93d585d6-a604-4766-b140-2aa31784d2d6,MOVIPREP,Ohio,Covered,Preferred Agents,,No,No,No,0.95,https://dam.assets.ohio.gov/image/upload/medicaid.ohio.gov/PHM/unified-pdl/20251001_UPDL_v1_approved.pdf,Ohio Medicaid Preferred Drug List,Molina,Ohio_Molina_Ohio Medicaid Preferred Drug List.pdf,,,,completed
83f6570b-ad69-466b-bdbf-afd94da45e19,2daf1ac0-7229-41f6-94b8-cf49449dd810,93d585d6-a604-4766-b140-2aa31784d2d6,peg/NaSul/C/ sol NaCL/Pot soln,Ohio,Covered,Non-Preferred Agents,,No,No,No,0.95,https://dam.assets.ohio.gov/image/upload/medicaid.ohio.gov/PHM/unified-pdl/20251001_UPDL_v1_approved.pdf,Ohio Medicaid Preferred Drug List,Molina,Ohio_Molina_Ohio Medicaid Preferred Drug List.pdf,,,,completed
f17f8c6c-1944-4f8a-a7ad-b6673f429676,2daf1ac0-7229-41f6-94b8-cf49449dd810,93d585d6-a604-4766-b140-2aa31784d2d6,PLENVU,Ohio,Covered,Non-Preferred Agents,,No,No,No,0.95,https://dam.assets.ohio.gov/image/upload/medicaid.ohio.gov/PHM/unified-pdl/20251001_UPDL_v1_approved.pdf,Ohio Medicaid Preferred Drug List,Molina,Ohio_Molina_Ohio Medicaid Preferred Drug List.pdf,,,,completed
03dfbc86-8878-4d2e-a15f-b91a55fa0641,2daf1ac0-7229-41f6-94b8-cf49449dd810,93d585d6-a604-4766-b140-2aa31784d2d6,SUFLAVE,Ohio,Covered,Non-Preferred Agents,,No,No,No,0.95,https://dam.assets.ohio.gov/image/upload/medicaid.ohio.gov/PHM/unified-pdl/20251001_UPDL_v1_approved.pdf,Ohio Medicaid Preferred Drug List,Molina,Ohio_Molina_Ohio Medicaid Preferred Drug List.pdf,,,,completed
0e347e32-2c71-4cb7-8267-f7e8fa295efd,2daf1ac0-7229-41f6-94b8-cf49449dd810,93d585d6-a604-4766-b140-2aa31784d2d6,SUTAB,Ohio,Covered,Non-Preferred Agents,,No,No,No,0.95,https://dam.assets.ohio.gov/image/upload/medicaid.ohio.gov/PHM/unified-pdl/20251001_UPDL_v1_approved.pdf,Ohio Medicaid Preferred Drug List,Molina,Ohio_Molina_Ohio Medicaid Preferred Drug List.pdf,,,,completed
3316ee3f-5598-4e0a-8b98-7140b12c1068,2daf1ac0-7229-41f6-94b8-cf49449dd810,93d585d6-a604-4766-b140-2aa31784d2d6,sod sulf-potass sulf-mag sulf soln,Ohio,Covered,Preferred Agents,,No,No,No,0.95,https://dam.assets.ohio.gov/image/upload/medicaid.ohio.gov/PHM/unified-pdl/20251001_UPDL_v1_approved.pdf,Ohio Medicaid Preferred Drug List,Molina,Ohio_Molina_Ohio Medicaid Preferred Drug List.pdf,,,,completed
147c460d-063b-4e86-96ab-1da3498ff148,2daf1ac0-7229-41f6-94b8-cf49449dd810,93d585d6-a604-4766-b140-2aa31784d2d6,ANGELIQ,Ohio,Covered,Preferred,,No,No,No,0.95,https://dam.assets.ohio.gov/image/upload/medicaid.ohio.gov/PHM/unified-pdl/20251001_UPDL_v1_approved.pdf,Ohio Medicaid Preferred Drug List,Molina,Ohio_Molina_Ohio Medicaid Preferred Drug List.pdf,,,,completed
7b288915-326a-417a-b7b2-e36202c32540,2daf1ac0-7229-41f6-94b8-cf49449dd810,93d585d6-a604-4766-b140-2aa31784d2d6,estradiol,Ohio,Covered,Preferred,,No,No,No,0.95,https://dam.assets.ohio.gov/image/upload/medicaid.ohio.gov/PHM/unified-pdl/20251001_UPDL_v1_approved.pdf,Ohio Medicaid Preferred Drug List,Molina,Ohio_Molina_Ohio Medicaid Preferred Drug List.pdf,,,,completed
4ee39e25-e23e-4cc8-8f72-d8e90b948491,2daf1ac0-7229-41f6-94b8-cf49449dd810,93d585d6-a604-4766-b140-2aa31784d2d6,ethinyl estradiol/norethindrone,Ohio,Covered,Preferred,,No,No,No,0.95,https://dam.assets.ohio.gov/image/upload/medicaid.ohio.gov/PHM/unified-pdl/20251001_UPDL_v1_approved.pdf,Ohio Medicaid Preferred Drug List,Molina,Ohio_Molina_Ohio Medicaid Preferred Drug List.pdf,,,,completed
71299cca-df5c-4d89-a468-1e21ea212002,2daf1ac0-7229-41f6-94b8-cf49449dd810,93d585d6-a604-4766-b140-2aa31784d2d6,PREMARIN,Ohio,Covered,Preferred,,No,No,No,0.95,https://dam.assets.ohio.gov/image/upload/medicaid.ohio.gov/PHM/unified-pdl/20251001_UPDL_v1_approved.pdf,Ohio Medicaid Preferred Drug List,Molina,Ohio_Molina_Ohio Medicaid Preferred Drug List.pdf,,,,completed
adf3049c-75e4-4da3-9e8a-fb283a90df7f,2daf1ac0-7229-41f6-94b8-cf49449dd810,93d585d6-a604-4766-b140-2aa31784d2d6,PREMPHASE,Ohio,Covered,Preferred,,No,No,No,0.95,https://dam.assets.ohio.gov/image/upload/medicaid.ohio.gov/PHM/unified-pdl/20251001_UPDL_v1_approved.pdf,Ohio Medicaid Preferred Drug List,Molina,Ohio_Molina_Ohio Medicaid Preferred Drug List.pdf,,,,completed
cdab77f0-fcfa-4ec5-be2d-e7be385c1c8e,2daf1ac0-7229-41f6-94b8-cf49449dd810,93d585d6-a604-4766-b140-2aa31784d2d6,PREMPRO,Ohio,Covered,Preferred,,No,No,No,0.95,https://dam.assets.ohio.gov/image/upload/medicaid.ohio.gov/PHM/unified-pdl/20251001_UPDL_v1_approved.pdf,Ohio Medicaid Preferred Drug List,Molina,Ohio_Molina_Ohio Medicaid Preferred Drug List.pdf,,,,completed
4ed8971f-bccc-41a0-b7c3-ebb4a08f0df5,2daf1ac0-7229-41f6-94b8-cf49449dd810,93d585d6-a604-4766-b140-2aa31784d2d6,DUAVEE,Ohio,Covered,Non-Preferred,['PA'],Yes,No,No,0.95,https://dam.assets.ohio.gov/image/upload/medicaid.ohio.gov/PHM/unified-pdl/20251001_UPDL_v1_approved.pdf,Ohio Medicaid Preferred Drug List,Molina,Ohio_Molina_Ohio Medicaid Preferred Drug List.pdf,,,,completed
3967320b-4e3c-41ae-830f-fe2848bec5bb,2daf1ac0-7229-41f6-94b8-cf49449dd810,93d585d6-a604-4766-b140-2aa31784d2d6,estradiol/norethindrone,Ohio,Covered,Non-Preferred,['PA'],Yes,No,No,0.95,https://dam.assets.ohio.gov/image/upload/medicaid.ohio.gov/PHM/unified-pdl/20251001_UPDL_v1_approved.pdf,Ohio Medicaid Preferred Drug List,Molina,Ohio_Molina_Ohio Medicaid Preferred Drug List.pdf,,,,completed
31c16a0c-1351-4a5a-9c84-4ac8d1ea0c6f,2daf1ac0-7229-41f6-94b8-cf49449dd810,93d585d6-a604-4766-b140-2aa31784d2d6,MENEST,Ohio,Covered,Non-Preferred,['PA'],Yes,No,No,0.95,https://dam.assets.ohio.gov/image/upload/medicaid.ohio.gov/PHM/unified-pdl/20251001_UPDL_v1_approved.pdf,Ohio Medicaid Preferred Drug List,Molina,Ohio_Molina_Ohio Medicaid Preferred Drug List.pdf,,,,completed
c0ab6f11-9d67-4d62-9d39-0c3d918e0125,2daf1ac0-7229-41f6-94b8-cf49449dd810,93d585d6-a604-4766-b140-2aa31784d2d6,DIVIGEL ext {BvG,Ohio,Covered,Preferred,,No,No,No,0.95,https://dam.assets.ohio.gov/image/upload/medicaid.ohio.gov/PHM/unified-pdl/20251001_UPDL_v1_approved.pdf,Ohio Medicaid Preferred Drug List,Molina,Ohio_Molina_Ohio Medicaid Preferred Drug List.pdf,,,,completed
910621ba-a293-45a2-8403-86bf5091b0d1,2daf1ac0-7229-41f6-94b8-cf49449dd810,93d585d6-a604-4766-b140-2aa31784d2d6,ELESTRIN,Ohio,Covered,Preferred,,No,No,No,0.95,https://dam.assets.ohio.gov/image/upload/medicaid.ohio.gov/PHM/unified-pdl/20251001_UPDL_v1_approved.pdf,Ohio Medicaid Preferred Drug List,Molina,Ohio_Molina_Ohio Medicaid Preferred Drug List.pdf,,,,completed
d8889790-8578-4f17-8c8e-c1b391454564,2daf1ac0-7229-41f6-94b8-cf49449dd810,93d585d6-a604-4766-b140-2aa31784d2d6,estradiol cream,Ohio,Covered,Preferred,,No,No,No,0.95,https://dam.assets.ohio.gov/image/upload/medicaid.ohio.gov/PHM/unified-pdl/20251001_UPDL_v1_approved.pdf,Ohio Medicaid Preferred Drug List,Molina,Ohio_Molina_Ohio Medicaid Preferred Drug List.pdf,,,,completed
001cec90-3033-468b-9074-9bfbdd1d41c5,2daf1ac0-7229-41f6-94b8-cf49449dd810,93d585d6-a604-4766-b140-2aa31784d2d6,estradiol gel 0.06 % (gen of ESTROGEL),Ohio,Covered,Non-Preferred,,No,No,No,0.95,https://dam.assets.ohio.gov/image/upload/medicaid.ohio.gov/PHM/unified-pdl/20251001_UPDL_v1_approved.pdf,Ohio Medicaid Preferred Drug List,Molina,Ohio_Molina_Ohio Medicaid Preferred Drug List.pdf,,,,completed
1cbf0838-1625-4f20-aebd-4ea9e49900cd,2daf1ac0-7229-41f6-94b8-cf49449dd810,93d585d6-a604-4766-b140-2aa31784d2d6,CLIMARA,Ohio,Covered,Preferred,,No,No,No,0.95,https://dam.assets.ohio.gov/image/upload/medicaid.ohio.gov/PHM/unified-pdl/20251001_UPDL_v1_approved.pdf,Ohio Medicaid Preferred Drug List,Molina,Ohio_Molina_Ohio Medicaid Preferred Drug List.pdf,,,,completed
976f18c8-0198-4214-b142-4a00bc91fafe,2daf1ac0-7229-41f6-94b8-cf49449dd810,93d585d6-a604-4766-b140-2aa31784d2d6,COMBIPATCH,Ohio,Covered,Preferred,,No,No,No,0.95,https://dam.assets.ohio.gov/image/upload/medicaid.ohio.gov/PHM/unified-pdl/20251001_UPDL_v1_approved.pdf,Ohio Medicaid Preferred Drug List,Molina,Ohio_Molina_Ohio Medicaid Preferred Drug List.pdf,,,,completed
f1624fc2-553e-447e-bdc4-69cd6fd8b928,2daf1ac0-7229-41f6-94b8-cf49449dd810,93d585d6-a604-4766-b140-2aa31784d2d6,dotti,Ohio,Covered,Preferred,,No,No,No,0.95,https://dam.assets.ohio.gov/image/upload/medicaid.ohio.gov/PHM/unified-pdl/20251001_UPDL_v1_approved.pdf,Ohio Medicaid Preferred Drug List,Molina,Ohio_Molina_Ohio Medicaid Preferred Drug List.pdf,,,,completed
cfd392a7-c2f7-40b5-af5c-681a3b41c91f,2daf1ac0-7229-41f6-94b8-cf49449dd810,93d585d6-a604-4766-b140-2aa31784d2d6,estradiol patch,Ohio,Covered,Preferred,,No,No,No,0.95,https://dam.assets.ohio.gov/image/upload/medicaid.ohio.gov/PHM/unified-pdl/20251001_UPDL_v1_approved.pdf,Ohio Medicaid Preferred Drug List,Molina,Ohio_Molina_Ohio Medicaid Preferred Drug List.pdf,,,,completed
5b3d08ab-f592-4e15-be3d-a834eb18cb15,2daf1ac0-7229-41f6-94b8-cf49449dd810,93d585d6-a604-4766-b140-2aa31784d2d6,lyllana,Ohio,Covered,Preferred,,No,No,No,0.95,https://dam.assets.ohio.gov/image/upload/medicaid.ohio.gov/PHM/unified-pdl/20251001_UPDL_v1_approved.pdf,Ohio Medicaid Preferred Drug List,Molina,Ohio_Molina_Ohio Medicaid Preferred Drug List.pdf,,,,completed
c01d0769-2c8a-480e-957a-56c48b5cb77b,2daf1ac0-7229-41f6-94b8-cf49449dd810,93d585d6-a604-4766-b140-2aa31784d2d6,MINIVELLE,Ohio,Covered,Preferred,,No,No,No,0.95,https://dam.assets.ohio.gov/image/upload/medicaid.ohio.gov/PHM/unified-pdl/20251001_UPDL_v1_approved.pdf,Ohio Medicaid Preferred Drug List,Molina,Ohio_Molina_Ohio Medicaid Preferred Drug List.pdf,,,,completed
2970b0c3-40f1-4e31-b6c9-78ce4d8a579e,2daf1ac0-7229-41f6-94b8-cf49449dd810,93d585d6-a604-4766-b140-2aa31784d2d6,VIVELLE -DOT,Ohio,Covered,Preferred,,No,No,No,0.95,https://dam.assets.ohio.gov/image/upload/medicaid.ohio.gov/PHM/unified-pdl/20251001_UPDL_v1_approved.pdf,Ohio Medicaid Preferred Drug List,Molina,Ohio_Molina_Ohio Medicaid Preferred Drug List.pdf,,,,completed
eafb96aa-947d-4631-b607-cc7beb62ad50,2daf1ac0-7229-41f6-94b8-cf49449dd810,93d585d6-a604-4766-b140-2aa31784d2d6,EVAMIST,Ohio,Covered,Non-Preferred,,No,No,No,0.95,https://dam.assets.ohio.gov/image/upload/medicaid.ohio.gov/PHM/unified-pdl/20251001_UPDL_v1_approved.pdf,Ohio Medicaid Preferred Drug List,Molina,Ohio_Molina_Ohio Medicaid Preferred Drug List.pdf,,,,completed
b609dc7f-bef5-4b5a-ac34-cd406b7e76a9,2daf1ac0-7229-41f6-94b8-cf49449dd810,93d585d6-a604-4766-b140-2aa31784d2d6,MENOSTAR,Ohio,Covered,Non-Preferred,,No,No,No,0.95,https://dam.assets.ohio.gov/image/upload/medicaid.ohio.gov/PHM/unified-pdl/20251001_UPDL_v1_approved.pdf,Ohio Medicaid Preferred Drug List,Molina,Ohio_Molina_Ohio Medicaid Preferred Drug List.pdf,,,,completed
47dafbd3-5df7-4954-a939-7efc90332611,2daf1ac0-7229-41f6-94b8-cf49449dd810,93d585d6-a604-4766-b140-2aa31784d2d6,ESTRING,Ohio,Covered,Preferred,,No,No,No,0.95,https://dam.assets.ohio.gov/image/upload/medicaid.ohio.gov/PHM/unified-pdl/20251001_UPDL_v1_approved.pdf,Ohio Medicaid Preferred Drug List,Molina,Ohio_Molina_Ohio Medicaid Preferred Drug List.pdf,,,,completed
d8ee0ca3-65bf-4719-8e52-36728079d36d,2daf1ac0-7229-41f6-94b8-cf49449dd810,93d585d6-a604-4766-b140-2aa31784d2d6,PREMARIN CREAM,Ohio,Covered,Preferred,,No,No,No,0.95,https://dam.assets.ohio.gov/image/upload/medicaid.ohio.gov/PHM/unified-pdl/20251001_UPDL_v1_approved.pdf,Ohio Medicaid Preferred Drug List,Molina,Ohio_Molina_Ohio Medicaid Preferred Drug List.pdf,,,,completed
c3d20119-80b6-4e51-9a20-e65b0123a704,2daf1ac0-7229-41f6-94b8-cf49449dd810,93d585d6-a604-4766-b140-2aa31784d2d6,estradiol 10mcg vag,Ohio,Covered,Non-Preferred,,No,No,No,0.95,https://dam.assets.ohio.gov/image/upload/medicaid.ohio.gov/PHM/unified-pdl/20251001_UPDL_v1_approved.pdf,Ohio Medicaid Preferred Drug List,Molina,Ohio_Molina_Ohio Medicaid Preferred Drug List.pdf,,,,completed
6d3e20a1-7c08-492c-ae8b-e90f6953779c,2daf1ac0-7229-41f6-94b8-cf49449dd810,93d585d6-a604-4766-b140-2aa31784d2d6,FEMRING,Ohio,Covered,Non-Preferred,,No,No,No,0.95,https://dam.assets.ohio.gov/image/upload/medicaid.ohio.gov/PHM/unified-pdl/20251001_UPDL_v1_approved.pdf,Ohio Medicaid Preferred Drug List,Molina,Ohio_Molina_Ohio Medicaid Preferred Drug List.pdf,,,,completed
1e2d5161-456e-4a60-8cc2-01a9ae334181,2daf1ac0-7229-41f6-94b8-cf49449dd810,93d585d6-a604-4766-b140-2aa31784d2d6,granisetron,Ohio,Covered,Preferred Agents,,No,No,No,0.95,https://dam.assets.ohio.gov/image/upload/medicaid.ohio.gov/PHM/unified-pdl/20251001_UPDL_v1_approved.pdf,Ohio Medicaid Preferred Drug List,Molina,Ohio_Molina_Ohio Medicaid Preferred Drug List.pdf,,,,completed
a6bc6c4f-8a26-4820-8479-a8b5797fa14d,2daf1ac0-7229-41f6-94b8-cf49449dd810,93d585d6-a604-4766-b140-2aa31784d2d6,"ondansetron 4, 8mg",Ohio,Covered,Preferred Agents,,No,No,No,0.95,https://dam.assets.ohio.gov/image/upload/medicaid.ohio.gov/PHM/unified-pdl/20251001_UPDL_v1_approved.pdf,Ohio Medicaid Preferred Drug List,Molina,Ohio_Molina_Ohio Medicaid Preferred Drug List.pdf,,,,completed
578a0edb-ec61-43b5-aab4-595c4b0a5ebb,2daf1ac0-7229-41f6-94b8-cf49449dd810,93d585d6-a604-4766-b140-2aa31784d2d6,ondansetron 16,Ohio,Covered,Non-Preferred Agents,,No,No,No,0.95,https://dam.assets.ohio.gov/image/upload/medicaid.ohio.gov/PHM/unified-pdl/20251001_UPDL_v1_approved.pdf,Ohio Medicaid Preferred Drug List,Molina,Ohio_Molina_Ohio Medicaid Preferred Drug List.pdf,,,,completed
01b80aeb-883e-480e-9cc7-82d6110b875f,2daf1ac0-7229-41f6-94b8-cf49449dd810,93d585d6-a604-4766-b140-2aa31784d2d6,SANCUSO,Ohio,Covered,Non-Preferred Agents,,No,No,No,0.95,https://dam.assets.ohio.gov/image/upload/medicaid.ohio.gov/PHM/unified-pdl/20251001_UPDL_v1_approved.pdf,Ohio Medicaid Preferred Drug List,Molina,Ohio_Molina_Ohio Medicaid Preferred Drug List.pdf,,,,completed
74a5d53a-a811-4577-abe5-8a2d9f1a84ef,2daf1ac0-7229-41f6-94b8-cf49449dd810,93d585d6-a604-4766-b140-2aa31784d2d6,scopolamine,Ohio,Covered,Preferred Agents,,No,No,No,0.95,https://dam.assets.ohio.gov/image/upload/medicaid.ohio.gov/PHM/unified-pdl/20251001_UPDL_v1_approved.pdf,Ohio Medicaid Preferred Drug List,Molina,Ohio_Molina_Ohio Medicaid Preferred Drug List.pdf,,,,completed
7ac504d0-91be-4367-b313-a6dc71a5bfc9,2daf1ac0-7229-41f6-94b8-cf49449dd810,93d585d6-a604-4766-b140-2aa31784d2d6,dimenhydrinate,Ohio,Covered,Preferred Agents,,No,No,No,0.95,https://dam.assets.ohio.gov/image/upload/medicaid.ohio.gov/PHM/unified-pdl/20251001_UPDL_v1_approved.pdf,Ohio Medicaid Preferred Drug List,Molina,Ohio_Molina_Ohio Medicaid Preferred Drug List.pdf,,,,completed
d7dd5a55-27fd-4537-8cfc-10466b68c0e3,2daf1ac0-7229-41f6-94b8-cf49449dd810,93d585d6-a604-4766-b140-2aa31784d2d6,BONJESTA,Ohio,Covered,Non-Preferred Agents,,No,No,No,0.95,https://dam.assets.ohio.gov/image/upload/medicaid.ohio.gov/PHM/unified-pdl/20251001_UPDL_v1_approved.pdf,Ohio Medicaid Preferred Drug List,Molina,Ohio_Molina_Ohio Medicaid Preferred Drug List.pdf,,,,completed
bd0a8bcf-61cf-4aab-9468-01191cbd5ab1,2daf1ac0-7229-41f6-94b8-cf49449dd810,93d585d6-a604-4766-b140-2aa31784d2d6,diphenhydramine,Ohio,Covered,Preferred Agents,,No,No,No,0.95,https://dam.assets.ohio.gov/image/upload/medicaid.ohio.gov/PHM/unified-pdl/20251001_UPDL_v1_approved.pdf,Ohio Medicaid Preferred Drug List,Molina,Ohio_Molina_Ohio Medicaid Preferred Drug List.pdf,,,,completed
63a222b9-68ef-45af-b9a9-08ff04aace86,2daf1ac0-7229-41f6-94b8-cf49449dd810,93d585d6-a604-4766-b140-2aa31784d2d6,doxylamine/pyridoxine,Ohio,Covered,Preferred Agents,,No,No,No,0.95,https://dam.assets.ohio.gov/image/upload/medicaid.ohio.gov/PHM/unified-pdl/20251001_UPDL_v1_approved.pdf,Ohio Medicaid Preferred Drug List,Molina,Ohio_Molina_Ohio Medicaid Preferred Drug List.pdf,,,,completed
f6742001-ec27-4776-b5d9-91b90886e11d,2daf1ac0-7229-41f6-94b8-cf49449dd810,93d585d6-a604-4766-b140-2aa31784d2d6,meclizine,Ohio,Covered,Preferred Agents,,No,No,No,0.95,https://dam.assets.ohio.gov/image/upload/medicaid.ohio.gov/PHM/unified-pdl/20251001_UPDL_v1_approved.pdf,Ohio Medicaid Preferred Drug List,Molina,Ohio_Molina_Ohio Medicaid Preferred Drug List.pdf,,,,completed
82abfa9c-35a4-4414-8ebc-36c9560ef44e,2daf1ac0-7229-41f6-94b8-cf49449dd810,93d585d6-a604-4766-b140-2aa31784d2d6,trimethobenzamide,Ohio,Covered,Preferred Agents,,No,No,No,0.95,https://dam.assets.ohio.gov/image/upload/medicaid.ohio.gov/PHM/unified-pdl/20251001_UPDL_v1_approved.pdf,Ohio Medicaid Preferred Drug List,Molina,Ohio_Molina_Ohio Medicaid Preferred Drug List.pdf,,,,completed
d21b2345-3191-46c5-b64d-446670073ff8,2daf1ac0-7229-41f6-94b8-cf49449dd810,93d585d6-a604-4766-b140-2aa31784d2d6,prochlorperazine,Ohio,Covered,Preferred Agents,,No,No,No,0.95,https://dam.assets.ohio.gov/image/upload/medicaid.ohio.gov/PHM/unified-pdl/20251001_UPDL_v1_approved.pdf,Ohio Medicaid Preferred Drug List,Molina,Ohio_Molina_Ohio Medicaid Preferred Drug List.pdf,,,,completed
f4e17ab4-3534-46ac-9d44-62b9dcf6f28b,2daf1ac0-7229-41f6-94b8-cf49449dd810,93d585d6-a604-4766-b140-2aa31784d2d6,promethazine,Ohio,Covered,Preferred Agents,,No,No,No,0.95,https://dam.assets.ohio.gov/image/upload/medicaid.ohio.gov/PHM/unified-pdl/20251001_UPDL_v1_approved.pdf,Ohio Medicaid Preferred Drug List,Molina,Ohio_Molina_Ohio Medicaid Preferred Drug List.pdf,,,,completed
b09561bc-05e4-43db-b6e3-f8902418d621,2daf1ac0-7229-41f6-94b8-cf49449dd810,93d585d6-a604-4766-b140-2aa31784d2d6,"aprepitant 40mg, tripac",Ohio,Covered,Preferred Agents,,No,No,No,0.95,https://dam.assets.ohio.gov/image/upload/medicaid.ohio.gov/PHM/unified-pdl/20251001_UPDL_v1_approved.pdf,Ohio Medicaid Preferred Drug List,Molina,Ohio_Molina_Ohio Medicaid Preferred Drug List.pdf,,,,completed
f87d6d27-3c27-42df-8933-9cf5868b7cf7,2daf1ac0-7229-41f6-94b8-cf49449dd810,93d585d6-a604-4766-b140-2aa31784d2d6,"aprepitant 80, 125mg",Ohio,Covered,Non-Preferred Agents,,No,No,No,0.95,https://dam.assets.ohio.gov/image/upload/medicaid.ohio.gov/PHM/unified-pdl/20251001_UPDL_v1_approved.pdf,Ohio Medicaid Preferred Drug List,Molina,Ohio_Molina_Ohio Medicaid Preferred Drug List.pdf,,,,completed
49e09948-1fb9-4d5a-9022-2dbc23291b1a,2daf1ac0-7229-41f6-94b8-cf49449dd810,93d585d6-a604-4766-b140-2aa31784d2d6,EMEND 125mg SUSP,Ohio,Covered,Preferred Agents,,No,No,No,0.95,https://dam.assets.ohio.gov/image/upload/medicaid.ohio.gov/PHM/unified-pdl/20251001_UPDL_v1_approved.pdf,Ohio Medicaid Preferred Drug List,Molina,Ohio_Molina_Ohio Medicaid Preferred Drug List.pdf,,,,completed
e90880ff-cb52-4e22-9783-dc2d5824306d,2daf1ac0-7229-41f6-94b8-cf49449dd810,93d585d6-a604-4766-b140-2aa31784d2d6,dronabinol,Ohio,Covered,Preferred Agents,['PA'],Yes,No,No,0.95,https://dam.assets.ohio.gov/image/upload/medicaid.ohio.gov/PHM/unified-pdl/20251001_UPDL_v1_approved.pdf,Ohio Medicaid Preferred Drug List,Molina,Ohio_Molina_Ohio Medicaid Preferred Drug List.pdf,,,,completed
31007ea0-aada-48ea-90a8-d79ebc30da0b,2daf1ac0-7229-41f6-94b8-cf49449dd810,93d585d6-a604-4766-b140-2aa31784d2d6,metoclopramide,Ohio,Covered,Preferred Agents,,No,No,No,0.95,https://dam.assets.ohio.gov/image/upload/medicaid.ohio.gov/PHM/unified-pdl/20251001_UPDL_v1_approved.pdf,Ohio Medicaid Preferred Drug List,Molina,Ohio_Molina_Ohio Medicaid Preferred Drug List.pdf,,,,completed
b06642d4-942f-4d44-891b-6a979d06ba7f,2daf1ac0-7229-41f6-94b8-cf49449dd810,93d585d6-a604-4766-b140-2aa31784d2d6,CREON,Ohio,Covered,Preferred,,No,No,No,0.95,https://dam.assets.ohio.gov/image/upload/medicaid.ohio.gov/PHM/unified-pdl/20251001_UPDL_v1_approved.pdf,Ohio Medicaid Preferred Drug List,Molina,Ohio_Molina_Ohio Medicaid Preferred Drug List.pdf,,,,completed
ba2ced8e-a8ff-4bfc-bd54-66ca99828536,2daf1ac0-7229-41f6-94b8-cf49449dd810,93d585d6-a604-4766-b140-2aa31784d2d6,PERTZYE,Ohio,Covered,Preferred,['ST'],No,Yes,No,0.95,https://dam.assets.ohio.gov/image/upload/medicaid.ohio.gov/PHM/unified-pdl/20251001_UPDL_v1_approved.pdf,Ohio Medicaid Preferred Drug List,Molina,Ohio_Molina_Ohio Medicaid Preferred Drug List.pdf,,,,completed
14c4acee-5c76-4f31-95ac-2018aa7aa553,2daf1ac0-7229-41f6-94b8-cf49449dd810,93d585d6-a604-4766-b140-2aa31784d2d6,ZENPEP,Ohio,Covered,Preferred,,No,No,No,0.95,https://dam.assets.ohio.gov/image/upload/medicaid.ohio.gov/PHM/unified-pdl/20251001_UPDL_v1_approved.pdf,Ohio Medicaid Preferred Drug List,Molina,Ohio_Molina_Ohio Medicaid Preferred Drug List.pdf,,,,completed
a800c774-53a2-45d4-bc37-0072c1109226,2daf1ac0-7229-41f6-94b8-cf49449dd810,93d585d6-a604-4766-b140-2aa31784d2d6,VIOKACE,Ohio,Covered,Non-Preferred,,No,No,No,0.95,https://dam.assets.ohio.gov/image/upload/medicaid.ohio.gov/PHM/unified-pdl/20251001_UPDL_v1_approved.pdf,Ohio Medicaid Preferred Drug List,Molina,Ohio_Molina_Ohio Medicaid Preferred Drug List.pdf,,,,completed
f1d6b570-70cb-4b58-a6ed-bc6db1257b22,2daf1ac0-7229-41f6-94b8-cf49449dd810,93d585d6-a604-4766-b140-2aa31784d2d6,APIDRA,Ohio,Covered,RAPID-ACTING,,No,No,No,0.95,https://dam.assets.ohio.gov/image/upload/medicaid.ohio.gov/PHM/unified-pdl/20251001_UPDL_v1_approved.pdf,Ohio Medicaid Preferred Drug List,Molina,Ohio_Molina_Ohio Medicaid Preferred Drug List.pdf,,,,completed
4edb3c65-9859-4bd0-8938-157d9f9da47f,2daf1ac0-7229-41f6-94b8-cf49449dd810,93d585d6-a604-4766-b140-2aa31784d2d6,HUMALOG U-100 KWIKPEN,Ohio,Covered,RAPID-ACTING,,No,No,No,0.95,https://dam.assets.ohio.gov/image/upload/medicaid.ohio.gov/PHM/unified-pdl/20251001_UPDL_v1_approved.pdf,Ohio Medicaid Preferred Drug List,Molina,Ohio_Molina_Ohio Medicaid Preferred Drug List.pdf,,,,completed
9abde09f-722b-41ef-85c4-dadd4c164263,2daf1ac0-7229-41f6-94b8-cf49449dd810,93d585d6-a604-4766-b140-2aa31784d2d6,HUMALOG U-100 VIAL,Ohio,Covered,RAPID-ACTING,,No,No,No,0.95,https://dam.assets.ohio.gov/image/upload/medicaid.ohio.gov/PHM/unified-pdl/20251001_UPDL_v1_approved.pdf,Ohio Medicaid Preferred Drug List,Molina,Ohio_Molina_Ohio Medicaid Preferred Drug List.pdf,,,,completed
76d86fbe-a32b-460a-b11c-d459c0a9680a,2daf1ac0-7229-41f6-94b8-cf49449dd810,93d585d6-a604-4766-b140-2aa31784d2d6,insulin aspart,Ohio,Covered,RAPID-ACTING,,No,No,No,0.95,https://dam.assets.ohio.gov/image/upload/medicaid.ohio.gov/PHM/unified-pdl/20251001_UPDL_v1_approved.pdf,Ohio Medicaid Preferred Drug List,Molina,Ohio_Molina_Ohio Medicaid Preferred Drug List.pdf,,,,completed
906efbbc-83af-447c-8ccb-d0cff7a01354,2daf1ac0-7229-41f6-94b8-cf49449dd810,93d585d6-a604-4766-b140-2aa31784d2d6,insulin lispro,Ohio,Covered,RAPID-ACTING,,No,No,No,0.95,https://dam.assets.ohio.gov/image/upload/medicaid.ohio.gov/PHM/unified-pdl/20251001_UPDL_v1_approved.pdf,Ohio Medicaid Preferred Drug List,Molina,Ohio_Molina_Ohio Medicaid Preferred Drug List.pdf,,,,completed
88fe73cb-6fc5-4f8c-a5e0-dc2e85173055,2daf1ac0-7229-41f6-94b8-cf49449dd810,93d585d6-a604-4766-b140-2aa31784d2d6,ADMELOG,Ohio,Covered,NON-PREFERRED AGENTS,,No,No,No,0.95,https://dam.assets.ohio.gov/image/upload/medicaid.ohio.gov/PHM/unified-pdl/20251001_UPDL_v1_approved.pdf,Ohio Medicaid Preferred Drug List,Molina,Ohio_Molina_Ohio Medicaid Preferred Drug List.pdf,,,,completed
6fdad847-56f4-4b26-a32f-10438ccde040,2daf1ac0-7229-41f6-94b8-cf49449dd810,93d585d6-a604-4766-b140-2aa31784d2d6,AFREZZA,Ohio,Covered,NON-PREFERRED AGENTS,,No,No,No,0.95,https://dam.assets.ohio.gov/image/upload/medicaid.ohio.gov/PHM/unified-pdl/20251001_UPDL_v1_approved.pdf,Ohio Medicaid Preferred Drug List,Molina,Ohio_Molina_Ohio Medicaid Preferred Drug List.pdf,,,,completed
4c0da727-1a71-484a-a84d-ce4957cf778e,2daf1ac0-7229-41f6-94b8-cf49449dd810,93d585d6-a604-4766-b140-2aa31784d2d6,FIASP,Ohio,Covered,NON-PREFERRED AGENTS,,No,No,No,0.95,https://dam.assets.ohio.gov/image/upload/medicaid.ohio.gov/PHM/unified-pdl/20251001_UPDL_v1_approved.pdf,Ohio Medicaid Preferred Drug List,Molina,Ohio_Molina_Ohio Medicaid Preferred Drug List.pdf,,,,completed
06e1da3d-4e29-4357-953d-f2f97575df27,2daf1ac0-7229-41f6-94b8-cf49449dd810,93d585d6-a604-4766-b140-2aa31784d2d6,HUMALOG U-100 TEMPO,Ohio,Covered,NON-PREFERRED AGENTS,,No,No,No,0.95,https://dam.assets.ohio.gov/image/upload/medicaid.ohio.gov/PHM/unified-pdl/20251001_UPDL_v1_approved.pdf,Ohio Medicaid Preferred Drug List,Molina,Ohio_Molina_Ohio Medicaid Preferred Drug List.pdf,,,,completed
8562c0da-0a47-4392-8209-cd77b863ce5d,2daf1ac0-7229-41f6-94b8-cf49449dd810,93d585d6-a604-4766-b140-2aa31784d2d6,HUMALOG U-200,Ohio,Covered,NON-PREFERRED AGENTS,,No,No,No,0.95,https://dam.assets.ohio.gov/image/upload/medicaid.ohio.gov/PHM/unified-pdl/20251001_UPDL_v1_approved.pdf,Ohio Medicaid Preferred Drug List,Molina,Ohio_Molina_Ohio Medicaid Preferred Drug List.pdf,,,,completed
308b0a00-9e79-4d55-b9f6-043bfeb896c8,2daf1ac0-7229-41f6-94b8-cf49449dd810,93d585d6-a604-4766-b140-2aa31784d2d6,LYUMJEV,Ohio,Covered,NON-PREFERRED AGENTS,,No,No,No,0.95,https://dam.assets.ohio.gov/image/upload/medicaid.ohio.gov/PHM/unified-pdl/20251001_UPDL_v1_approved.pdf,Ohio Medicaid Preferred Drug List,Molina,Ohio_Molina_Ohio Medicaid Preferred Drug List.pdf,,,,completed
c95344b4-a897-4542-9db7-9549d4ca3186,2daf1ac0-7229-41f6-94b8-cf49449dd810,93d585d6-a604-4766-b140-2aa31784d2d6,NOVOLOG U-100,Ohio,Covered,NON-PREFERRED AGENTS,,No,No,No,0.95,https://dam.assets.ohio.gov/image/upload/medicaid.ohio.gov/PHM/unified-pdl/20251001_UPDL_v1_approved.pdf,Ohio Medicaid Preferred Drug List,Molina,Ohio_Molina_Ohio Medicaid Preferred Drug List.pdf,,,,completed
334c1dc7-695f-4b2e-b8ab-03e390958eee,2daf1ac0-7229-41f6-94b8-cf49449dd810,93d585d6-a604-4766-b140-2aa31784d2d6,HUMULIN R U-500,Ohio,Covered,SHORT-ACTING,,No,No,No,0.95,https://dam.assets.ohio.gov/image/upload/medicaid.ohio.gov/PHM/unified-pdl/20251001_UPDL_v1_approved.pdf,Ohio Medicaid Preferred Drug List,Molina,Ohio_Molina_Ohio Medicaid Preferred Drug List.pdf,,,,completed
0af5db31-ca8f-4bae-856a-636e5b784183,2daf1ac0-7229-41f6-94b8-cf49449dd810,93d585d6-a604-4766-b140-2aa31784d2d6,HUMULIN R U-100,Ohio,Covered,SHORT-ACTING,,No,No,No,0.95,https://dam.assets.ohio.gov/image/upload/medicaid.ohio.gov/PHM/unified-pdl/20251001_UPDL_v1_approved.pdf,Ohio Medicaid Preferred Drug List,Molina,Ohio_Molina_Ohio Medicaid Preferred Drug List.pdf,,,,completed
e7b98e46-7308-4d71-a04a-d8bb18588ef3,2daf1ac0-7229-41f6-94b8-cf49449dd810,93d585d6-a604-4766-b140-2aa31784d2d6,NOVOLIN R U-100,Ohio,Covered,SHORT-ACTING,,No,No,No,0.95,https://dam.assets.ohio.gov/image/upload/medicaid.ohio.gov/PHM/unified-pdl/20251001_UPDL_v1_approved.pdf,Ohio Medicaid Preferred Drug List,Molina,Ohio_Molina_Ohio Medicaid Preferred Drug List.pdf,,,,completed
57740218-d3cb-404e-9064-b9d2c13addff,2daf1ac0-7229-41f6-94b8-cf49449dd810,93d585d6-a604-4766-b140-2aa31784d2d6,HUMULIN N U-100,Ohio,Covered,INTERMEDIATE-ACTING,,No,No,No,0.95,https://dam.assets.ohio.gov/image/upload/medicaid.ohio.gov/PHM/unified-pdl/20251001_UPDL_v1_approved.pdf,Ohio Medicaid Preferred Drug List,Molina,Ohio_Molina_Ohio Medicaid Preferred Drug List.pdf,,,,completed
44d4b7f0-2c8e-40dc-9b4c-e87683bc52ab,2daf1ac0-7229-41f6-94b8-cf49449dd810,93d585d6-a604-4766-b140-2aa31784d2d6,NOVOLIN N U-100,Ohio,Covered,INTERMEDIATE-ACTING,,No,No,No,0.95,https://dam.assets.ohio.gov/image/upload/medicaid.ohio.gov/PHM/unified-pdl/20251001_UPDL_v1_approved.pdf,Ohio Medicaid Preferred Drug List,Molina,Ohio_Molina_Ohio Medicaid Preferred Drug List.pdf,,,,completed
5bb22380-9bb3-4ca1-9828-b7bb8d2642a9,2daf1ac0-7229-41f6-94b8-cf49449dd810,93d585d6-a604-4766-b140-2aa31784d2d6,LANTUS,Ohio,Covered,LONG-ACTING,['BvG'],No,No,No,0.95,https://dam.assets.ohio.gov/image/upload/medicaid.ohio.gov/PHM/unified-pdl/20251001_UPDL_v1_approved.pdf,Ohio Medicaid Preferred Drug List,Molina,Ohio_Molina_Ohio Medicaid Preferred Drug List.pdf,,,,completed
19e536dc-d0a7-494b-982d-5566c3aa7282,2daf1ac0-7229-41f6-94b8-cf49449dd810,93d585d6-a604-4766-b140-2aa31784d2d6,LEVEMIR,Ohio,Covered,LONG-ACTING,,No,No,No,0.95,https://dam.assets.ohio.gov/image/upload/medicaid.ohio.gov/PHM/unified-pdl/20251001_UPDL_v1_approved.pdf,Ohio Medicaid Preferred Drug List,Molina,Ohio_Molina_Ohio Medicaid Preferred Drug List.pdf,,,,completed
41477e9b-8af4-4c46-ac02-9085964be6b7,2daf1ac0-7229-41f6-94b8-cf49449dd810,93d585d6-a604-4766-b140-2aa31784d2d6,TOUJEO,Ohio,Covered,LONG-ACTING,['BvG'],No,No,No,0.95,https://dam.assets.ohio.gov/image/upload/medicaid.ohio.gov/PHM/unified-pdl/20251001_UPDL_v1_approved.pdf,Ohio Medicaid Preferred Drug List,Molina,Ohio_Molina_Ohio Medicaid Preferred Drug List.pdf,,,,completed
f47f701d-c64f-467d-9cdc-97f41b534481,2daf1ac0-7229-41f6-94b8-cf49449dd810,93d585d6-a604-4766-b140-2aa31784d2d6,TRESIBA,Ohio,Covered,LONG-ACTING,"['BvG', 'ST']",No,Yes,No,0.95,https://dam.assets.ohio.gov/image/upload/medicaid.ohio.gov/PHM/unified-pdl/20251001_UPDL_v1_approved.pdf,Ohio Medicaid Preferred Drug List,Molina,Ohio_Molina_Ohio Medicaid Preferred Drug List.pdf,,,,completed
2d8b91bc-a5c2-4629-b83a-b777021e4bdb,2daf1ac0-7229-41f6-94b8-cf49449dd810,93d585d6-a604-4766-b140-2aa31784d2d6,BASAGLAR,Ohio,Covered,LONG-ACTING,,No,No,No,0.95,https://dam.assets.ohio.gov/image/upload/medicaid.ohio.gov/PHM/unified-pdl/20251001_UPDL_v1_approved.pdf,Ohio Medicaid Preferred Drug List,Molina,Ohio_Molina_Ohio Medicaid Preferred Drug List.pdf,,,,completed
f4b51cb1-dbb2-405e-a78e-c6af64067d33,2daf1ac0-7229-41f6-94b8-cf49449dd810,93d585d6-a604-4766-b140-2aa31784d2d6,insulin degludec,Ohio,Covered,LONG-ACTING,,No,No,No,0.95,https://dam.assets.ohio.gov/image/upload/medicaid.ohio.gov/PHM/unified-pdl/20251001_UPDL_v1_approved.pdf,Ohio Medicaid Preferred Drug List,Molina,Ohio_Molina_Ohio Medicaid Preferred Drug List.pdf,,,,completed
8fc1fbe5-c832-4d43-a77b-c2c1d24bb577,2daf1ac0-7229-41f6-94b8-cf49449dd810,93d585d6-a604-4766-b140-2aa31784d2d6,insulin glargine,Ohio,Covered,LONG-ACTING,,No,No,No,0.95,https://dam.assets.ohio.gov/image/upload/medicaid.ohio.gov/PHM/unified-pdl/20251001_UPDL_v1_approved.pdf,Ohio Medicaid Preferred Drug List,Molina,Ohio_Molina_Ohio Medicaid Preferred Drug List.pdf,,,,completed
9de0250d-8e07-4689-840c-bca568dd35cf,2daf1ac0-7229-41f6-94b8-cf49449dd810,93d585d6-a604-4766-b140-2aa31784d2d6,REZVOGLAR,Ohio,Covered,LONG-ACTING,,No,No,No,0.95,https://dam.assets.ohio.gov/image/upload/medicaid.ohio.gov/PHM/unified-pdl/20251001_UPDL_v1_approved.pdf,Ohio Medicaid Preferred Drug List,Molina,Ohio_Molina_Ohio Medicaid Preferred Drug List.pdf,,,,completed
70287dec-a239-4370-b814-a14ed5e42877,2daf1ac0-7229-41f6-94b8-cf49449dd810,93d585d6-a604-4766-b140-2aa31784d2d6,SEMGLEE,Ohio,Covered,LONG-ACTING,['BvG'],No,No,No,0.95,https://dam.assets.ohio.gov/image/upload/medicaid.ohio.gov/PHM/unified-pdl/20251001_UPDL_v1_approved.pdf,Ohio Medicaid Preferred Drug List,Molina,Ohio_Molina_Ohio Medicaid Preferred Drug List.pdf,,,,completed
092d2e98-fdce-4844-965b-d98387dcec28,2daf1ac0-7229-41f6-94b8-cf49449dd810,93d585d6-a604-4766-b140-2aa31784d2d6,HUMALOG 50-50,Ohio,Covered,MIXED INSULIN,,No,No,No,0.95,https://dam.assets.ohio.gov/image/upload/medicaid.ohio.gov/PHM/unified-pdl/20251001_UPDL_v1_approved.pdf,Ohio Medicaid Preferred Drug List,Molina,Ohio_Molina_Ohio Medicaid Preferred Drug List.pdf,,,,completed
7a74cd95-ec55-4f8e-8cee-47bebb96a4af,2daf1ac0-7229-41f6-94b8-cf49449dd810,93d585d6-a604-4766-b140-2aa31784d2d6,HUMALOG 75-25,Ohio,Covered,MIXED INSULIN,,No,No,No,0.95,https://dam.assets.ohio.gov/image/upload/medicaid.ohio.gov/PHM/unified-pdl/20251001_UPDL_v1_approved.pdf,Ohio Medicaid Preferred Drug List,Molina,Ohio_Molina_Ohio Medicaid Preferred Drug List.pdf,,,,completed
c9f8c5fa-e1a3-4aa3-9c2c-aa9663da3950,2daf1ac0-7229-41f6-94b8-cf49449dd810,93d585d6-a604-4766-b140-2aa31784d2d6,HUMULIN 70-30,Ohio,Covered,MIXED INSULIN,,No,No,No,0.95,https://dam.assets.ohio.gov/image/upload/medicaid.ohio.gov/PHM/unified-pdl/20251001_UPDL_v1_approved.pdf,Ohio Medicaid Preferred Drug List,Molina,Ohio_Molina_Ohio Medicaid Preferred Drug List.pdf,,,,completed
262007cf-651e-495f-839e-8e6710771ebd,2daf1ac0-7229-41f6-94b8-cf49449dd810,93d585d6-a604-4766-b140-2aa31784d2d6,insulin aspart pro/insulin aspart,Ohio,Covered,MIXED INSULIN,,No,No,No,0.95,https://dam.assets.ohio.gov/image/upload/medicaid.ohio.gov/PHM/unified-pdl/20251001_UPDL_v1_approved.pdf,Ohio Medicaid Preferred Drug List,Molina,Ohio_Molina_Ohio Medicaid Preferred Drug List.pdf,,,,completed
7af160ad-2159-4af3-a00c-98c1bc7fbf75,2daf1ac0-7229-41f6-94b8-cf49449dd810,93d585d6-a604-4766-b140-2aa31784d2d6,NOVOLIN 70-30,Ohio,Covered,MIXED INSULIN,,No,No,No,0.95,https://dam.assets.ohio.gov/image/upload/medicaid.ohio.gov/PHM/unified-pdl/20251001_UPDL_v1_approved.pdf,Ohio Medicaid Preferred Drug List,Molina,Ohio_Molina_Ohio Medicaid Preferred Drug List.pdf,,,,completed
92022ad7-4ac7-4e64-8642-70f02634e537,2daf1ac0-7229-41f6-94b8-cf49449dd810,93d585d6-a604-4766-b140-2aa31784d2d6,NOVOLOG 70-30,Ohio,Covered,MIXED INSULIN,,No,No,No,0.95,https://dam.assets.ohio.gov/image/upload/medicaid.ohio.gov/PHM/unified-pdl/20251001_UPDL_v1_approved.pdf,Ohio Medicaid Preferred Drug List,Molina,Ohio_Molina_Ohio Medicaid Preferred Drug List.pdf,,,,completed
bf2c7d95-ccf7-4bda-9ad6-1c0b1d77613b,2daf1ac0-7229-41f6-94b8-cf49449dd810,93d585d6-a604-4766-b140-2aa31784d2d6,LOKELMA,Ohio,Covered,PREFERRED AGENTS,,No,No,No,0.95,https://dam.assets.ohio.gov/image/upload/medicaid.ohio.gov/PHM/unified-pdl/20251001_UPDL_v1_approved.pdf,Ohio Medicaid Preferred Drug List,Molina,Ohio_Molina_Ohio Medicaid Preferred Drug List.pdf,,,,completed
a816f181-7be1-4822-8bfd-b4745c2f9884,2daf1ac0-7229-41f6-94b8-cf49449dd810,93d585d6-a604-4766-b140-2aa31784d2d6,kionex susp,Ohio,Covered,NON-PREFERRED AGENTS,,No,No,No,0.95,https://dam.assets.ohio.gov/image/upload/medicaid.ohio.gov/PHM/unified-pdl/20251001_UPDL_v1_approved.pdf,Ohio Medicaid Preferred Drug List,Molina,Ohio_Molina_Ohio Medicaid Preferred Drug List.pdf,,,,completed
2d545bc0-6748-4e1f-a926-33f6c67b8987,2daf1ac0-7229-41f6-94b8-cf49449dd810,93d585d6-a604-4766-b140-2aa31784d2d6,sodium polystyrene sulfonate,Ohio,Covered,NON-PREFERRED AGENTS,,No,No,No,0.95,https://dam.assets.ohio.gov/image/upload/medicaid.ohio.gov/PHM/unified-pdl/20251001_UPDL_v1_approved.pdf,Ohio Medicaid Preferred Drug List,Molina,Ohio_Molina_Ohio Medicaid Preferred Drug List.pdf,,,,completed
59d58aad-1f7f-4cc8-9e08-b402392ed33e,2daf1ac0-7229-41f6-94b8-cf49449dd810,93d585d6-a604-4766-b140-2aa31784d2d6,VELTASSA,Ohio,Covered,NON-PREFERRED AGENTS,,No,No,No,0.95,https://dam.assets.ohio.gov/image/upload/medicaid.ohio.gov/PHM/unified-pdl/20251001_UPDL_v1_approved.pdf,Ohio Medicaid Preferred Drug List,Molina,Ohio_Molina_Ohio Medicaid Preferred Drug List.pdf,,,,completed
56172cec-63b6-4fca-9dda-22c6fac7a001,2daf1ac0-7229-41f6-94b8-cf49449dd810,93d585d6-a604-4766-b140-2aa31784d2d6,JANUMET,Ohio,Covered,Preferred,,No,No,No,0.95,https://dam.assets.ohio.gov/image/upload/medicaid.ohio.gov/PHM/unified-pdl/20251001_UPDL_v1_approved.pdf,Ohio Medicaid Preferred Drug List,Molina,Ohio_Molina_Ohio Medicaid Preferred Drug List.pdf,,,,completed
977c6ef3-0225-48a7-902c-ac764ea41254,2daf1ac0-7229-41f6-94b8-cf49449dd810,93d585d6-a604-4766-b140-2aa31784d2d6,JANUVIA,Ohio,Covered,Preferred,,No,No,No,0.95,https://dam.assets.ohio.gov/image/upload/medicaid.ohio.gov/PHM/unified-pdl/20251001_UPDL_v1_approved.pdf,Ohio Medicaid Preferred Drug List,Molina,Ohio_Molina_Ohio Medicaid Preferred Drug List.pdf,,,,completed
2ba47326-adc2-4c39-9788-43285f8329ea,2daf1ac0-7229-41f6-94b8-cf49449dd810,93d585d6-a604-4766-b140-2aa31784d2d6,JENTADUETO,Ohio,Covered,Preferred,,No,No,No,0.95,https://dam.assets.ohio.gov/image/upload/medicaid.ohio.gov/PHM/unified-pdl/20251001_UPDL_v1_approved.pdf,Ohio Medicaid Preferred Drug List,Molina,Ohio_Molina_Ohio Medicaid Preferred Drug List.pdf,,,,completed
9a7c169c-593c-46af-9cfd-6c62997eded2,2daf1ac0-7229-41f6-94b8-cf49449dd810,93d585d6-a604-4766-b140-2aa31784d2d6,KOMBIGLYZE,Ohio,Covered,Preferred,,No,No,No,0.95,https://dam.assets.ohio.gov/image/upload/medicaid.ohio.gov/PHM/unified-pdl/20251001_UPDL_v1_approved.pdf,Ohio Medicaid Preferred Drug List,Molina,Ohio_Molina_Ohio Medicaid Preferred Drug List.pdf,,,,completed
0b60dc0b-7995-4415-8a45-5c38eae5ad7e,2daf1ac0-7229-41f6-94b8-cf49449dd810,93d585d6-a604-4766-b140-2aa31784d2d6,ONGLYZA,Ohio,Covered,Preferred,,No,No,No,0.95,https://dam.assets.ohio.gov/image/upload/medicaid.ohio.gov/PHM/unified-pdl/20251001_UPDL_v1_approved.pdf,Ohio Medicaid Preferred Drug List,Molina,Ohio_Molina_Ohio Medicaid Preferred Drug List.pdf,,,,completed
3f16408a-e3de-4c41-b3cc-05e8ae559a02,2daf1ac0-7229-41f6-94b8-cf49449dd810,93d585d6-a604-4766-b140-2aa31784d2d6,saxagliptin,Ohio,Covered,Preferred,,No,No,No,0.95,https://dam.assets.ohio.gov/image/upload/medicaid.ohio.gov/PHM/unified-pdl/20251001_UPDL_v1_approved.pdf,Ohio Medicaid Preferred Drug List,Molina,Ohio_Molina_Ohio Medicaid Preferred Drug List.pdf,,,,completed
37c5a8f1-ff5c-4bdd-ae2b-3b48ee134b43,2daf1ac0-7229-41f6-94b8-cf49449dd810,93d585d6-a604-4766-b140-2aa31784d2d6,saxagliptin/metformin,Ohio,Covered,Preferred,,No,No,No,0.95,https://dam.assets.ohio.gov/image/upload/medicaid.ohio.gov/PHM/unified-pdl/20251001_UPDL_v1_approved.pdf,Ohio Medicaid Preferred Drug List,Molina,Ohio_Molina_Ohio Medicaid Preferred Drug List.pdf,,,,completed
0e6f74dd-11f0-4212-91f5-3399f0fd6e76,2daf1ac0-7229-41f6-94b8-cf49449dd810,93d585d6-a604-4766-b140-2aa31784d2d6,TRADJENTA,Ohio,Covered,Preferred,,No,No,No,0.95,https://dam.assets.ohio.gov/image/upload/medicaid.ohio.gov/PHM/unified-pdl/20251001_UPDL_v1_approved.pdf,Ohio Medicaid Preferred Drug List,Molina,Ohio_Molina_Ohio Medicaid Preferred Drug List.pdf,,,,completed
b2cd649d-2c4d-4016-8e4a-f45bb9787147,2daf1ac0-7229-41f6-94b8-cf49449dd810,93d585d6-a604-4766-b140-2aa31784d2d6,alogliptin,Ohio,Covered,Non-Preferred,,No,No,No,0.95,https://dam.assets.ohio.gov/image/upload/medicaid.ohio.gov/PHM/unified-pdl/20251001_UPDL_v1_approved.pdf,Ohio Medicaid Preferred Drug List,Molina,Ohio_Molina_Ohio Medicaid Preferred Drug List.pdf,,,,completed
d30836c6-30c2-4bc1-8cb5-8bd00f41fa0f,2daf1ac0-7229-41f6-94b8-cf49449dd810,93d585d6-a604-4766-b140-2aa31784d2d6,alogliptin/metformin,Ohio,Covered,Non-Preferred,,No,No,No,0.95,https://dam.assets.ohio.gov/image/upload/medicaid.ohio.gov/PHM/unified-pdl/20251001_UPDL_v1_approved.pdf,Ohio Medicaid Preferred Drug List,Molina,Ohio_Molina_Ohio Medicaid Preferred Drug List.pdf,,,,completed
f8c13233-2a11-4899-a984-a62028ba4b38,2daf1ac0-7229-41f6-94b8-cf49449dd810,93d585d6-a604-4766-b140-2aa31784d2d6,alogliptin/pioglitazone,Ohio,Covered,Non-Preferred,,No,No,No,0.95,https://dam.assets.ohio.gov/image/upload/medicaid.ohio.gov/PHM/unified-pdl/20251001_UPDL_v1_approved.pdf,Ohio Medicaid Preferred Drug List,Molina,Ohio_Molina_Ohio Medicaid Preferred Drug List.pdf,,,,completed
fc01d44a-afc5-4bd2-9d42-0697d1b068bb,2daf1ac0-7229-41f6-94b8-cf49449dd810,93d585d6-a604-4766-b140-2aa31784d2d6,JENTADUETO,Ohio,Covered,Non-Preferred,,No,No,No,0.95,https://dam.assets.ohio.gov/image/upload/medicaid.ohio.gov/PHM/unified-pdl/20251001_UPDL_v1_approved.pdf,Ohio Medicaid Preferred Drug List,Molina,Ohio_Molina_Ohio Medicaid Preferred Drug List.pdf,,,,completed
e90dbdc8-cc01-4b8c-a32c-8e2e5afe1e94,2daf1ac0-7229-41f6-94b8-cf49449dd810,93d585d6-a604-4766-b140-2aa31784d2d6,sitagliptin/metformin (gen of ZITUVIMET),Ohio,Covered,Non-Preferred,,No,No,No,0.95,https://dam.assets.ohio.gov/image/upload/medicaid.ohio.gov/PHM/unified-pdl/20251001_UPDL_v1_approved.pdf,Ohio Medicaid Preferred Drug List,Molina,Ohio_Molina_Ohio Medicaid Preferred Drug List.pdf,,,,completed
4df11156-3697-4008-8b6b-4781dd2835e2,2daf1ac0-7229-41f6-94b8-cf49449dd810,93d585d6-a604-4766-b140-2aa31784d2d6,ZITUVIO,Ohio,Covered,Non-Preferred,['PA'],Yes,No,No,0.95,https://dam.assets.ohio.gov/image/upload/medicaid.ohio.gov/PHM/unified-pdl/20251001_UPDL_v1_approved.pdf,Ohio Medicaid Preferred Drug List,Molina,Ohio_Molina_Ohio Medicaid Preferred Drug List.pdf,,,,completed
3ec29ef8-1274-41b3-9134-9a55ca02c5a2,2daf1ac0-7229-41f6-94b8-cf49449dd810,93d585d6-a604-4766-b140-2aa31784d2d6,BYETTA,Ohio,Covered,Preferred,,No,No,No,0.95,https://dam.assets.ohio.gov/image/upload/medicaid.ohio.gov/PHM/unified-pdl/20251001_UPDL_v1_approved.pdf,Ohio Medicaid Preferred Drug List,Molina,Ohio_Molina_Ohio Medicaid Preferred Drug List.pdf,,,,completed
0aa9617f-b221-40ab-ba3f-60c12ba1a58e,2daf1ac0-7229-41f6-94b8-cf49449dd810,93d585d6-a604-4766-b140-2aa31784d2d6,exenatide,Ohio,Covered,Preferred,,No,No,No,0.95,https://dam.assets.ohio.gov/image/upload/medicaid.ohio.gov/PHM/unified-pdl/20251001_UPDL_v1_approved.pdf,Ohio Medicaid Preferred Drug List,Molina,Ohio_Molina_Ohio Medicaid Preferred Drug List.pdf,,,,completed
4bedef45-f3e8-48a0-bdc5-6727a8d50db7,2daf1ac0-7229-41f6-94b8-cf49449dd810,93d585d6-a604-4766-b140-2aa31784d2d6,TRULICITY,Ohio,Covered,Preferred,,No,No,No,0.95,https://dam.assets.ohio.gov/image/upload/medicaid.ohio.gov/PHM/unified-pdl/20251001_UPDL_v1_approved.pdf,Ohio Medicaid Preferred Drug List,Molina,Ohio_Molina_Ohio Medicaid Preferred Drug List.pdf,,,,completed
de331545-c3e0-4d7c-a410-86b85f59b6e0,2daf1ac0-7229-41f6-94b8-cf49449dd810,93d585d6-a604-4766-b140-2aa31784d2d6,VICTOZA,Ohio,Covered,Preferred,,No,No,No,0.95,https://dam.assets.ohio.gov/image/upload/medicaid.ohio.gov/PHM/unified-pdl/20251001_UPDL_v1_approved.pdf,Ohio Medicaid Preferred Drug List,Molina,Ohio_Molina_Ohio Medicaid Preferred Drug List.pdf,,,,completed
1ab22fd6-138e-41ca-a742-35ab73566e0d,2daf1ac0-7229-41f6-94b8-cf49449dd810,93d585d6-a604-4766-b140-2aa31784d2d6,BYDUREON BCISE,Ohio,Covered,Non-Preferred,,No,No,No,0.95,https://dam.assets.ohio.gov/image/upload/medicaid.ohio.gov/PHM/unified-pdl/20251001_UPDL_v1_approved.pdf,Ohio Medicaid Preferred Drug List,Molina,Ohio_Molina_Ohio Medicaid Preferred Drug List.pdf,,,,completed
df615423-1f8b-48d5-8d6c-3bb2a78d358f,2daf1ac0-7229-41f6-94b8-cf49449dd810,93d585d6-a604-4766-b140-2aa31784d2d6,liraglutide,Ohio,Covered,Non-Preferred,,No,No,No,0.95,https://dam.assets.ohio.gov/image/upload/medicaid.ohio.gov/PHM/unified-pdl/20251001_UPDL_v1_approved.pdf,Ohio Medicaid Preferred Drug List,Molina,Ohio_Molina_Ohio Medicaid Preferred Drug List.pdf,,,,completed
ac03b7f6-649b-4ab4-970f-2fdfd4317420,2daf1ac0-7229-41f6-94b8-cf49449dd810,93d585d6-a604-4766-b140-2aa31784d2d6,MOUNJARO,Ohio,Covered,Non-Preferred,,No,No,No,0.95,https://dam.assets.ohio.gov/image/upload/medicaid.ohio.gov/PHM/unified-pdl/20251001_UPDL_v1_approved.pdf,Ohio Medicaid Preferred Drug List,Molina,Ohio_Molina_Ohio Medicaid Preferred Drug List.pdf,,,,completed
d2f00890-9dbb-4eb8-8e50-b99c09ef07aa,2daf1ac0-7229-41f6-94b8-cf49449dd810,93d585d6-a604-4766-b140-2aa31784d2d6,OZEMPIC,Ohio,Covered,Non-Preferred,,No,No,No,0.95,https://dam.assets.ohio.gov/image/upload/medicaid.ohio.gov/PHM/unified-pdl/20251001_UPDL_v1_approved.pdf,Ohio Medicaid Preferred Drug List,Molina,Ohio_Molina_Ohio Medicaid Preferred Drug List.pdf,,,,completed
61179369-5bc4-4c95-a4fc-3979ccd794bd,2daf1ac0-7229-41f6-94b8-cf49449dd810,93d585d6-a604-4766-b140-2aa31784d2d6,RYBELSUS,Ohio,Covered,Non-Preferred,,No,No,No,0.95,https://dam.assets.ohio.gov/image/upload/medicaid.ohio.gov/PHM/unified-pdl/20251001_UPDL_v1_approved.pdf,Ohio Medicaid Preferred Drug List,Molina,Ohio_Molina_Ohio Medicaid Preferred Drug List.pdf,,,,completed
4939fe8d-6610-4929-a12a-ad87f429e22b,2daf1ac0-7229-41f6-94b8-cf49449dd810,93d585d6-a604-4766-b140-2aa31784d2d6,SOLIQUA,Ohio,Covered,Non-Preferred,,No,No,No,0.95,https://dam.assets.ohio.gov/image/upload/medicaid.ohio.gov/PHM/unified-pdl/20251001_UPDL_v1_approved.pdf,Ohio Medicaid Preferred Drug List,Molina,Ohio_Molina_Ohio Medicaid Preferred Drug List.pdf,,,,completed
59dc520a-6e59-4f33-96a2-c870c690ab14,2daf1ac0-7229-41f6-94b8-cf49449dd810,93d585d6-a604-4766-b140-2aa31784d2d6,XULTOPHY,Ohio,Covered,Non-Preferred,,No,No,No,0.95,https://dam.assets.ohio.gov/image/upload/medicaid.ohio.gov/PHM/unified-pdl/20251001_UPDL_v1_approved.pdf,Ohio Medicaid Preferred Drug List,Molina,Ohio_Molina_Ohio Medicaid Preferred Drug List.pdf,,,,completed
adb6d19e-149f-4027-8005-6c1bfa243b10,2daf1ac0-7229-41f6-94b8-cf49449dd810,93d585d6-a604-4766-b140-2aa31784d2d6,metformin ER (gen of GLUCOPHAGE XR),Ohio,Covered,Preferred,,No,No,No,0.95,https://dam.assets.ohio.gov/image/upload/medicaid.ohio.gov/PHM/unified-pdl/20251001_UPDL_v1_approved.pdf,Ohio Medicaid Preferred Drug List,Molina,Ohio_Molina_Ohio Medicaid Preferred Drug List.pdf,,,,completed
49edd1e4-c11d-4e75-b5f7-d275b52a1c75,2daf1ac0-7229-41f6-94b8-cf49449dd810,93d585d6-a604-4766-b140-2aa31784d2d6,"metformin ER (gen of FORTAMET, GLUMETZA)",Ohio,Covered,Non-Preferred,,No,No,No,0.95,https://dam.assets.ohio.gov/image/upload/medicaid.ohio.gov/PHM/unified-pdl/20251001_UPDL_v1_approved.pdf,Ohio Medicaid Preferred Drug List,Molina,Ohio_Molina_Ohio Medicaid Preferred Drug List.pdf,,,,completed
dbe3c6d7-e759-417b-ba2e-4c2f55d8fe49,2daf1ac0-7229-41f6-94b8-cf49449dd810,93d585d6-a604-4766-b140-2aa31784d2d6,"metformin IR 500, 850, 1000mg",Ohio,Covered,Preferred,,No,No,No,0.95,https://dam.assets.ohio.gov/image/upload/medicaid.ohio.gov/PHM/unified-pdl/20251001_UPDL_v1_approved.pdf,Ohio Medicaid Preferred Drug List,Molina,Ohio_Molina_Ohio Medicaid Preferred Drug List.pdf,,,,completed
c730b867-e052-47b4-b0fa-719936e3b4f6,2daf1ac0-7229-41f6-94b8-cf49449dd810,93d585d6-a604-4766-b140-2aa31784d2d6,"metformin IR 625, 750mg",Ohio,Covered,Non-Preferred,,No,No,No,0.95,https://dam.assets.ohio.gov/image/upload/medicaid.ohio.gov/PHM/unified-pdl/20251001_UPDL_v1_approved.pdf,Ohio Medicaid Preferred Drug List,Molina,Ohio_Molina_Ohio Medicaid Preferred Drug List.pdf,,,,completed
0c212128-00cc-4d61-b998-a914b77d2616,2daf1ac0-7229-41f6-94b8-cf49449dd810,93d585d6-a604-4766-b140-2aa31784d2d6,metformin soln,Ohio,Covered,Non-Preferred,,No,No,No,0.95,https://dam.assets.ohio.gov/image/upload/medicaid.ohio.gov/PHM/unified-pdl/20251001_UPDL_v1_approved.pdf,Ohio Medicaid Preferred Drug List,Molina,Ohio_Molina_Ohio Medicaid Preferred Drug List.pdf,,,,completed
b9454a9c-73af-403f-995f-d836797f2602,2daf1ac0-7229-41f6-94b8-cf49449dd810,93d585d6-a604-4766-b140-2aa31784d2d6,FARXIGA,Ohio,Covered,Preferred,,No,No,No,0.95,https://dam.assets.ohio.gov/image/upload/medicaid.ohio.gov/PHM/unified-pdl/20251001_UPDL_v1_approved.pdf,Ohio Medicaid Preferred Drug List,Molina,Ohio_Molina_Ohio Medicaid Preferred Drug List.pdf,,,,completed
d2bc9ef1-baa2-42a1-ab12-85fd583c0b03,2daf1ac0-7229-41f6-94b8-cf49449dd810,93d585d6-a604-4766-b140-2aa31784d2d6,dapagliflozin,Ohio,Covered,Non-Preferred,,No,No,No,0.95,https://dam.assets.ohio.gov/image/upload/medicaid.ohio.gov/PHM/unified-pdl/20251001_UPDL_v1_approved.pdf,Ohio Medicaid Preferred Drug List,Molina,Ohio_Molina_Ohio Medicaid Preferred Drug List.pdf,,,,completed
79a99a1e-3e33-4f9c-8af1-3e627aa280eb,2daf1ac0-7229-41f6-94b8-cf49449dd810,93d585d6-a604-4766-b140-2aa31784d2d6,JARDIANCE,Ohio,Covered,Preferred,,No,No,No,0.95,https://dam.assets.ohio.gov/image/upload/medicaid.ohio.gov/PHM/unified-pdl/20251001_UPDL_v1_approved.pdf,Ohio Medicaid Preferred Drug List,Molina,Ohio_Molina_Ohio Medicaid Preferred Drug List.pdf,,,,completed
f383093c-874a-4a6f-8eda-e9fe912d8fdc,2daf1ac0-7229-41f6-94b8-cf49449dd810,93d585d6-a604-4766-b140-2aa31784d2d6,dapagliflozin/metformin,Ohio,Covered,Non-Preferred,,No,No,No,0.95,https://dam.assets.ohio.gov/image/upload/medicaid.ohio.gov/PHM/unified-pdl/20251001_UPDL_v1_approved.pdf,Ohio Medicaid Preferred Drug List,Molina,Ohio_Molina_Ohio Medicaid Preferred Drug List.pdf,,,,completed
9bbd18ba-b06c-4a16-843e-cc9638954a53,2daf1ac0-7229-41f6-94b8-cf49449dd810,93d585d6-a604-4766-b140-2aa31784d2d6,SYNJARDY,Ohio,Covered,Preferred,,No,No,No,0.95,https://dam.assets.ohio.gov/image/upload/medicaid.ohio.gov/PHM/unified-pdl/20251001_UPDL_v1_approved.pdf,Ohio Medicaid Preferred Drug List,Molina,Ohio_Molina_Ohio Medicaid Preferred Drug List.pdf,,,,completed
7e0310ea-f275-4a14-a5f0-6fd3e9d73ab7,2daf1ac0-7229-41f6-94b8-cf49449dd810,93d585d6-a604-4766-b140-2aa31784d2d6,XIGDUO,Ohio,Covered,Preferred,,No,No,No,0.95,https://dam.assets.ohio.gov/image/upload/medicaid.ohio.gov/PHM/unified-pdl/20251001_UPDL_v1_approved.pdf,Ohio Medicaid Preferred Drug List,Molina,Ohio_Molina_Ohio Medicaid Preferred Drug List.pdf,,,,completed
af2c0b10-d126-47ae-ac71-e2e623d298de,2daf1ac0-7229-41f6-94b8-cf49449dd810,93d585d6-a604-4766-b140-2aa31784d2d6,INVOKAMET,Ohio,Covered,Non-Preferred,,No,No,No,0.95,https://dam.assets.ohio.gov/image/upload/medicaid.ohio.gov/PHM/unified-pdl/20251001_UPDL_v1_approved.pdf,Ohio Medicaid Preferred Drug List,Molina,Ohio_Molina_Ohio Medicaid Preferred Drug List.pdf,,,,completed
30d01a87-0ce1-4d0a-bc2a-91e2de48e192,2daf1ac0-7229-41f6-94b8-cf49449dd810,93d585d6-a604-4766-b140-2aa31784d2d6,INVOKANA,Ohio,Covered,Non-Preferred,,No,No,No,0.95,https://dam.assets.ohio.gov/image/upload/medicaid.ohio.gov/PHM/unified-pdl/20251001_UPDL_v1_approved.pdf,Ohio Medicaid Preferred Drug List,Molina,Ohio_Molina_Ohio Medicaid Preferred Drug List.pdf,,,,completed
3081f3a4-4ce2-4ff9-9d9f-914f11804a5d,2daf1ac0-7229-41f6-94b8-cf49449dd810,93d585d6-a604-4766-b140-2aa31784d2d6,QTERN,Ohio,Covered,Non-Preferred,,No,No,No,0.95,https://dam.assets.ohio.gov/image/upload/medicaid.ohio.gov/PHM/unified-pdl/20251001_UPDL_v1_approved.pdf,Ohio Medicaid Preferred Drug List,Molina,Ohio_Molina_Ohio Medicaid Preferred Drug List.pdf,,,,completed
40f7e3f7-8e3c-49e7-bc81-d81bbde5c8db,2daf1ac0-7229-41f6-94b8-cf49449dd810,93d585d6-a604-4766-b140-2aa31784d2d6,SEGLUROMET,Ohio,Covered,Non-Preferred,,No,No,No,0.95,https://dam.assets.ohio.gov/image/upload/medicaid.ohio.gov/PHM/unified-pdl/20251001_UPDL_v1_approved.pdf,Ohio Medicaid Preferred Drug List,Molina,Ohio_Molina_Ohio Medicaid Preferred Drug List.pdf,,,,completed
ff9fe15e-33d1-4df6-a13a-0b4b54f33bd0,2daf1ac0-7229-41f6-94b8-cf49449dd810,93d585d6-a604-4766-b140-2aa31784d2d6,STEGLATRO,Ohio,Covered,Non-Preferred,,No,No,No,0.95,https://dam.assets.ohio.gov/image/upload/medicaid.ohio.gov/PHM/unified-pdl/20251001_UPDL_v1_approved.pdf,Ohio Medicaid Preferred Drug List,Molina,Ohio_Molina_Ohio Medicaid Preferred Drug List.pdf,,,,completed
cb307046-0317-484e-977c-e24480719389,2daf1ac0-7229-41f6-94b8-cf49449dd810,93d585d6-a604-4766-b140-2aa31784d2d6,STEGLUJAN,Ohio,Covered,Non-Preferred,,No,No,No,0.95,https://dam.assets.ohio.gov/image/upload/medicaid.ohio.gov/PHM/unified-pdl/20251001_UPDL_v1_approved.pdf,Ohio Medicaid Preferred Drug List,Molina,Ohio_Molina_Ohio Medicaid Preferred Drug List.pdf,,,,completed
a4424430-d443-401a-8333-bbdeb1fbdc67,2daf1ac0-7229-41f6-94b8-cf49449dd810,93d585d6-a604-4766-b140-2aa31784d2d6,SYNJARDY,Ohio,Covered,Non-Preferred,,No,No,No,0.95,https://dam.assets.ohio.gov/image/upload/medicaid.ohio.gov/PHM/unified-pdl/20251001_UPDL_v1_approved.pdf,Ohio Medicaid Preferred Drug List,Molina,Ohio_Molina_Ohio Medicaid Preferred Drug List.pdf,,,,completed
d8cc8d01-768b-418a-bf39-29800db755ba,2daf1ac0-7229-41f6-94b8-cf49449dd810,93d585d6-a604-4766-b140-2aa31784d2d6,calcium acetate,Ohio,Covered,Preferred,,No,No,No,0.95,https://dam.assets.ohio.gov/image/upload/medicaid.ohio.gov/PHM/unified-pdl/20251001_UPDL_v1_approved.pdf,Ohio Medicaid Preferred Drug List,Molina,Ohio_Molina_Ohio Medicaid Preferred Drug List.pdf,,,,completed
e9cbc559-bdfe-44b8-b50a-2f0f6f664c6f,2daf1ac0-7229-41f6-94b8-cf49449dd810,93d585d6-a604-4766-b140-2aa31784d2d6,carbonate,Ohio,Covered,Preferred,,No,No,No,0.95,https://dam.assets.ohio.gov/image/upload/medicaid.ohio.gov/PHM/unified-pdl/20251001_UPDL_v1_approved.pdf,Ohio Medicaid Preferred Drug List,Molina,Ohio_Molina_Ohio Medicaid Preferred Drug List.pdf,,,,completed
9f8b9947-2ae1-46dc-93bb-7222d608d101,2daf1ac0-7229-41f6-94b8-cf49449dd810,93d585d6-a604-4766-b140-2aa31784d2d6,VELPHORO,Ohio,Covered,Preferred,['PA'],Yes,No,No,0.95,https://dam.assets.ohio.gov/image/upload/medicaid.ohio.gov/PHM/unified-pdl/20251001_UPDL_v1_approved.pdf,Ohio Medicaid Preferred Drug List,Molina,Ohio_Molina_Ohio Medicaid Preferred Drug List.pdf,,,,completed
e991752a-4c38-4b74-a2da-dae5b55f7613,2daf1ac0-7229-41f6-94b8-cf49449dd810,93d585d6-a604-4766-b140-2aa31784d2d6,sevelamer,Ohio,Covered,Preferred,,No,No,No,0.95,https://dam.assets.ohio.gov/image/upload/medicaid.ohio.gov/PHM/unified-pdl/20251001_UPDL_v1_approved.pdf,Ohio Medicaid Preferred Drug List,Molina,Ohio_Molina_Ohio Medicaid Preferred Drug List.pdf,,,,completed
3e8992cc-90b2-4590-8a12-9ea5ae5dc6cc,2daf1ac0-7229-41f6-94b8-cf49449dd810,93d585d6-a604-4766-b140-2aa31784d2d6,ferrictrate,Ohio,Covered,Non-Preferred,,No,No,No,0.95,https://dam.assets.ohio.gov/image/upload/medicaid.ohio.gov/PHM/unified-pdl/20251001_UPDL_v1_approved.pdf,Ohio Medicaid Preferred Drug List,Molina,Ohio_Molina_Ohio Medicaid Preferred Drug List.pdf,,,,completed
d93f4cc1-5496-4a36-b983-6d0efed36385,2daf1ac0-7229-41f6-94b8-cf49449dd810,93d585d6-a604-4766-b140-2aa31784d2d6,FOSRENOL POWDER,Ohio,Covered,Non-Preferred,,No,No,No,0.95,https://dam.assets.ohio.gov/image/upload/medicaid.ohio.gov/PHM/unified-pdl/20251001_UPDL_v1_approved.pdf,Ohio Medicaid Preferred Drug List,Molina,Ohio_Molina_Ohio Medicaid Preferred Drug List.pdf,,,,completed
54f3c7e2-e488-4c14-a781-5f1db7c29ced,2daf1ac0-7229-41f6-94b8-cf49449dd810,93d585d6-a604-4766-b140-2aa31784d2d6,lanthanum carbonate,Ohio,Covered,Non-Preferred,,No,No,No,0.95,https://dam.assets.ohio.gov/image/upload/medicaid.ohio.gov/PHM/unified-pdl/20251001_UPDL_v1_approved.pdf,Ohio Medicaid Preferred Drug List,Molina,Ohio_Molina_Ohio Medicaid Preferred Drug List.pdf,,,,completed
187312a5-b4ba-48aa-843b-a09d69bc3253,2daf1ac0-7229-41f6-94b8-cf49449dd810,93d585d6-a604-4766-b140-2aa31784d2d6,XPHOZAH,Ohio,Covered,Non-Preferred,,No,No,No,0.95,https://dam.assets.ohio.gov/image/upload/medicaid.ohio.gov/PHM/unified-pdl/20251001_UPDL_v1_approved.pdf,Ohio Medicaid Preferred Drug List,Molina,Ohio_Molina_Ohio Medicaid Preferred Drug List.pdf,,,,completed
4f82ee7e-a01c-4c9a-aa00-475aedc8a4b5,2daf1ac0-7229-41f6-94b8-cf49449dd810,93d585d6-a604-4766-b140-2aa31784d2d6,esomeprazole,Ohio,Covered,Preferred Agents,,No,No,No,0.95,https://dam.assets.ohio.gov/image/upload/medicaid.ohio.gov/PHM/unified-pdl/20251001_UPDL_v1_approved.pdf,Ohio Medicaid Preferred Drug List,Molina,Ohio_Molina_Ohio Medicaid Preferred Drug List.pdf,,,,completed
ebe546c4-75c1-4dbd-9e5f-d7288a312f2a,2daf1ac0-7229-41f6-94b8-cf49449dd810,93d585d6-a604-4766-b140-2aa31784d2d6,lansoprazole,Ohio,Covered,Preferred Agents,,No,No,No,0.95,https://dam.assets.ohio.gov/image/upload/medicaid.ohio.gov/PHM/unified-pdl/20251001_UPDL_v1_approved.pdf,Ohio Medicaid Preferred Drug List,Molina,Ohio_Molina_Ohio Medicaid Preferred Drug List.pdf,,,,completed
1440c886-8187-4c82-8a5c-3e85859707bd,2daf1ac0-7229-41f6-94b8-cf49449dd810,93d585d6-a604-4766-b140-2aa31784d2d6,NEXIUM GRANULES,Ohio,Covered,Preferred Agents,['BvG'],No,No,No,0.95,https://dam.assets.ohio.gov/image/upload/medicaid.ohio.gov/PHM/unified-pdl/20251001_UPDL_v1_approved.pdf,Ohio Medicaid Preferred Drug List,Molina,Ohio_Molina_Ohio Medicaid Preferred Drug List.pdf,,,,completed
9d0da94d-5510-4e19-bcbb-8da2e56dde1d,2daf1ac0-7229-41f6-94b8-cf49449dd810,93d585d6-a604-4766-b140-2aa31784d2d6,omeprazole,Ohio,Covered,Preferred Agents,,No,No,No,0.95,https://dam.assets.ohio.gov/image/upload/medicaid.ohio.gov/PHM/unified-pdl/20251001_UPDL_v1_approved.pdf,Ohio Medicaid Preferred Drug List,Molina,Ohio_Molina_Ohio Medicaid Preferred Drug List.pdf,,,,completed
29e958aa-4d01-4558-ba0e-719c28df4a86,2daf1ac0-7229-41f6-94b8-cf49449dd810,93d585d6-a604-4766-b140-2aa31784d2d6,pantoprazole,Ohio,Covered,Preferred Agents,,No,No,No,0.95,https://dam.assets.ohio.gov/image/upload/medicaid.ohio.gov/PHM/unified-pdl/20251001_UPDL_v1_approved.pdf,Ohio Medicaid Preferred Drug List,Molina,Ohio_Molina_Ohio Medicaid Preferred Drug List.pdf,,,,completed
e809fde5-17de-4669-bab6-54970e48f19d,2daf1ac0-7229-41f6-94b8-cf49449dd810,93d585d6-a604-4766-b140-2aa31784d2d6,PROTONIX,Ohio,Covered,Preferred Agents,"['AR', 'BvG']",No,No,No,0.95,https://dam.assets.ohio.gov/image/upload/medicaid.ohio.gov/PHM/unified-pdl/20251001_UPDL_v1_approved.pdf,Ohio Medicaid Preferred Drug List,Molina,Ohio_Molina_Ohio Medicaid Preferred Drug List.pdf,,,,completed
15e23b6d-2056-4788-93f2-9aea9c6687e9,2daf1ac0-7229-41f6-94b8-cf49449dd810,93d585d6-a604-4766-b140-2aa31784d2d6,rabeprazole,Ohio,Covered,Preferred Agents,,No,No,No,0.95,https://dam.assets.ohio.gov/image/upload/medicaid.ohio.gov/PHM/unified-pdl/20251001_UPDL_v1_approved.pdf,Ohio Medicaid Preferred Drug List,Molina,Ohio_Molina_Ohio Medicaid Preferred Drug List.pdf,,,,completed
29452c08-501b-49b6-992c-c800b8892399,2daf1ac0-7229-41f6-94b8-cf49449dd810,93d585d6-a604-4766-b140-2aa31784d2d6,DEXILANT,Ohio,Covered,Non-Preferred Agents,['BvG'],No,No,No,0.95,https://dam.assets.ohio.gov/image/upload/medicaid.ohio.gov/PHM/unified-pdl/20251001_UPDL_v1_approved.pdf,Ohio Medicaid Preferred Drug List,Molina,Ohio_Molina_Ohio Medicaid Preferred Drug List.pdf,,,,completed
8ec1211e-f992-404c-9952-6801b5aee61f,2daf1ac0-7229-41f6-94b8-cf49449dd810,93d585d6-a604-4766-b140-2aa31784d2d6,esomeprazole granules,Ohio,Covered,Non-Preferred Agents,,No,No,No,0.95,https://dam.assets.ohio.gov/image/upload/medicaid.ohio.gov/PHM/unified-pdl/20251001_UPDL_v1_approved.pdf,Ohio Medicaid Preferred Drug List,Molina,Ohio_Molina_Ohio Medicaid Preferred Drug List.pdf,,,,completed
a328b883-c817-460c-9ce5-3bd58667bc44,2daf1ac0-7229-41f6-94b8-cf49449dd810,93d585d6-a604-4766-b140-2aa31784d2d6,KONVOMEP,Ohio,Covered,Non-Preferred Agents,,No,No,No,0.95,https://dam.assets.ohio.gov/image/upload/medicaid.ohio.gov/PHM/unified-pdl/20251001_UPDL_v1_approved.pdf,Ohio Medicaid Preferred Drug List,Molina,Ohio_Molina_Ohio Medicaid Preferred Drug List.pdf,,,,completed
1cca7af4-0564-4b7a-85ef-1f2baa8d6b40,2daf1ac0-7229-41f6-94b8-cf49449dd810,93d585d6-a604-4766-b140-2aa31784d2d6,lansoprazole,Ohio,Covered,Non-Preferred Agents,,No,No,No,0.95,https://dam.assets.ohio.gov/image/upload/medicaid.ohio.gov/PHM/unified-pdl/20251001_UPDL_v1_approved.pdf,Ohio Medicaid Preferred Drug List,Molina,Ohio_Molina_Ohio Medicaid Preferred Drug List.pdf,,,,completed
3de76c0d-03c1-4a0a-9299-31b069dfb2b8,2daf1ac0-7229-41f6-94b8-cf49449dd810,93d585d6-a604-4766-b140-2aa31784d2d6,omeprazole/sodium bicarbonate,Ohio,Covered,Non-Preferred Agents,,No,No,No,0.95,https://dam.assets.ohio.gov/image/upload/medicaid.ohio.gov/PHM/unified-pdl/20251001_UPDL_v1_approved.pdf,Ohio Medicaid Preferred Drug List,Molina,Ohio_Molina_Ohio Medicaid Preferred Drug List.pdf,,,,completed
3c0e6ee7-ffd8-4cf7-ab71-51599775e5ae,2daf1ac0-7229-41f6-94b8-cf49449dd810,93d585d6-a604-4766-b140-2aa31784d2d6,pantoprazole packet,Ohio,Covered,Non-Preferred Agents,['AR'],No,No,No,0.95,https://dam.assets.ohio.gov/image/upload/medicaid.ohio.gov/PHM/unified-pdl/20251001_UPDL_v1_approved.pdf,Ohio Medicaid Preferred Drug List,Molina,Ohio_Molina_Ohio Medicaid Preferred Drug List.pdf,,,,completed
97acde54-ed81-43a5-85a0-5c54e34bff9c,2daf1ac0-7229-41f6-94b8-cf49449dd810,93d585d6-a604-4766-b140-2aa31784d2d6,PRILOSEC SUSP,Ohio,Covered,Non-Preferred Agents,,No,No,No,0.95,https://dam.assets.ohio.gov/image/upload/medicaid.ohio.gov/PHM/unified-pdl/20251001_UPDL_v1_approved.pdf,Ohio Medicaid Preferred Drug List,Molina,Ohio_Molina_Ohio Medicaid Preferred Drug List.pdf,,,,completed
6f190a26-bfa3-4312-8812-9fc5c435f146,2daf1ac0-7229-41f6-94b8-cf49449dd810,93d585d6-a604-4766-b140-2aa31784d2d6,alfuzosin,Ohio,Covered,Preferred Agents,,No,No,No,0.95,https://dam.assets.ohio.gov/image/upload/medicaid.ohio.gov/PHM/unified-pdl/20251001_UPDL_v1_approved.pdf,Ohio Medicaid Preferred Drug List,Molina,Ohio_Molina_Ohio Medicaid Preferred Drug List.pdf,,,,completed
6453069a-b50f-4ffd-8dd2-8f5cf92e3192,2daf1ac0-7229-41f6-94b8-cf49449dd810,93d585d6-a604-4766-b140-2aa31784d2d6,doxazosin,Ohio,Covered,Preferred Agents,,No,No,No,0.95,https://dam.assets.ohio.gov/image/upload/medicaid.ohio.gov/PHM/unified-pdl/20251001_UPDL_v1_approved.pdf,Ohio Medicaid Preferred Drug List,Molina,Ohio_Molina_Ohio Medicaid Preferred Drug List.pdf,,,,completed
8b8c2c46-0e62-463a-9072-e3cec77edd7f,2daf1ac0-7229-41f6-94b8-cf49449dd810,93d585d6-a604-4766-b140-2aa31784d2d6,prazosin,Ohio,Covered,Preferred Agents,,No,No,No,0.95,https://dam.assets.ohio.gov/image/upload/medicaid.ohio.gov/PHM/unified-pdl/20251001_UPDL_v1_approved.pdf,Ohio Medicaid Preferred Drug List,Molina,Ohio_Molina_Ohio Medicaid Preferred Drug List.pdf,,,,completed
55472e8c-4bb6-459c-8f81-9c97fa157e21,2daf1ac0-7229-41f6-94b8-cf49449dd810,93d585d6-a604-4766-b140-2aa31784d2d6,silodosin,Ohio,Covered,Preferred Agents,,No,No,No,0.95,https://dam.assets.ohio.gov/image/upload/medicaid.ohio.gov/PHM/unified-pdl/20251001_UPDL_v1_approved.pdf,Ohio Medicaid Preferred Drug List,Molina,Ohio_Molina_Ohio Medicaid Preferred Drug List.pdf,,,,completed
06932234-fc85-484f-88f2-218380318a82,2daf1ac0-7229-41f6-94b8-cf49449dd810,93d585d6-a604-4766-b140-2aa31784d2d6,tamsulosin,Ohio,Covered,Preferred Agents,,No,No,No,0.95,https://dam.assets.ohio.gov/image/upload/medicaid.ohio.gov/PHM/unified-pdl/20251001_UPDL_v1_approved.pdf,Ohio Medicaid Preferred Drug List,Molina,Ohio_Molina_Ohio Medicaid Preferred Drug List.pdf,,,,completed
05d3a687-d2dd-44d7-ab52-c20ee6e19635,2daf1ac0-7229-41f6-94b8-cf49449dd810,93d585d6-a604-4766-b140-2aa31784d2d6,terazosin,Ohio,Covered,Preferred Agents,,No,No,No,0.95,https://dam.assets.ohio.gov/image/upload/medicaid.ohio.gov/PHM/unified-pdl/20251001_UPDL_v1_approved.pdf,Ohio Medicaid Preferred Drug List,Molina,Ohio_Molina_Ohio Medicaid Preferred Drug List.pdf,,,,completed
52490653-f8ed-4722-8f18-fc736e69dc80,2daf1ac0-7229-41f6-94b8-cf49449dd810,93d585d6-a604-4766-b140-2aa31784d2d6,dutasteride,Ohio,Covered,Preferred Agents,,No,No,No,0.95,https://dam.assets.ohio.gov/image/upload/medicaid.ohio.gov/PHM/unified-pdl/20251001_UPDL_v1_approved.pdf,Ohio Medicaid Preferred Drug List,Molina,Ohio_Molina_Ohio Medicaid Preferred Drug List.pdf,,,,completed
3f9c8064-ee78-4f64-9a4d-d864b399c488,2daf1ac0-7229-41f6-94b8-cf49449dd810,93d585d6-a604-4766-b140-2aa31784d2d6,finasteride 5,Ohio,Covered,Preferred Agents,,No,No,No,0.95,https://dam.assets.ohio.gov/image/upload/medicaid.ohio.gov/PHM/unified-pdl/20251001_UPDL_v1_approved.pdf,Ohio Medicaid Preferred Drug List,Molina,Ohio_Molina_Ohio Medicaid Preferred Drug List.pdf,,,,completed
1fc62016-47a8-459a-9176-2812ee13b83e,2daf1ac0-7229-41f6-94b8-cf49449dd810,93d585d6-a604-4766-b140-2aa31784d2d6,dutasteride/tamsulosin,Ohio,Covered,Non-Preferred Agents,,No,No,No,0.95,https://dam.assets.ohio.gov/image/upload/medicaid.ohio.gov/PHM/unified-pdl/20251001_UPDL_v1_approved.pdf,Ohio Medicaid Preferred Drug List,Molina,Ohio_Molina_Ohio Medicaid Preferred Drug List.pdf,,,,completed
a0888655-c5ce-4368-963e-965003ac9ea4,2daf1ac0-7229-41f6-94b8-cf49449dd810,93d585d6-a604-4766-b140-2aa31784d2d6,"tadalafil 2.5,5",Ohio,Covered,Preferred Agents,['PA'],Yes,No,No,0.95,https://dam.assets.ohio.gov/image/upload/medicaid.ohio.gov/PHM/unified-pdl/20251001_UPDL_v1_approved.pdf,Ohio Medicaid Preferred Drug List,Molina,Ohio_Molina_Ohio Medicaid Preferred Drug List.pdf,,,,completed
161d7139-c6bc-45c4-a400-354ba3d4e98e,2daf1ac0-7229-41f6-94b8-cf49449dd810,93d585d6-a604-4766-b140-2aa31784d2d6,CARDURA,Ohio,Covered,Non-Preferred Agents,,No,No,No,0.95,https://dam.assets.ohio.gov/image/upload/medicaid.ohio.gov/PHM/unified-pdl/20251001_UPDL_v1_approved.pdf,Ohio Medicaid Preferred Drug List,Molina,Ohio_Molina_Ohio Medicaid Preferred Drug List.pdf,,,,completed
c46a4a58-c71e-4d66-bd5f-c9442536a6fb,2daf1ac0-7229-41f6-94b8-cf49449dd810,93d585d6-a604-4766-b140-2aa31784d2d6,bisacodyl,Ohio,Covered,,,No,No,No,0.95,https://dam.assets.ohio.gov/image/upload/medicaid.ohio.gov/PHM/unified-pdl/20251001_UPDL_v1_approved.pdf,Ohio Medicaid Preferred Drug List,Molina,Ohio_Molina_Ohio Medicaid Preferred Drug List.pdf,,,,completed
f4079a1c-2332-4a9e-a346-586e44ed02aa,2daf1ac0-7229-41f6-94b8-cf49449dd810,93d585d6-a604-4766-b140-2aa31784d2d6,dicyclomine,Ohio,Covered,,,No,No,No,0.95,https://dam.assets.ohio.gov/image/upload/medicaid.ohio.gov/PHM/unified-pdl/20251001_UPDL_v1_approved.pdf,Ohio Medicaid Preferred Drug List,Molina,Ohio_Molina_Ohio Medicaid Preferred Drug List.pdf,,,,completed
6223b9d5-034d-4578-8f35-0f08d4f245d5,2daf1ac0-7229-41f6-94b8-cf49449dd810,93d585d6-a604-4766-b140-2aa31784d2d6,diphenoxylate/atropine,Ohio,Covered,,,No,No,No,0.95,https://dam.assets.ohio.gov/image/upload/medicaid.ohio.gov/PHM/unified-pdl/20251001_UPDL_v1_approved.pdf,Ohio Medicaid Preferred Drug List,Molina,Ohio_Molina_Ohio Medicaid Preferred Drug List.pdf,,,,completed
7202999c-094c-4476-ab2a-e408432dd412,2daf1ac0-7229-41f6-94b8-cf49449dd810,93d585d6-a604-4766-b140-2aa31784d2d6,LINZESS,Ohio,Covered,,,No,No,No,0.95,https://dam.assets.ohio.gov/image/upload/medicaid.ohio.gov/PHM/unified-pdl/20251001_UPDL_v1_approved.pdf,Ohio Medicaid Preferred Drug List,Molina,Ohio_Molina_Ohio Medicaid Preferred Drug List.pdf,,,,completed
b4f17587-e40d-40f6-984a-7226880c659d,2daf1ac0-7229-41f6-94b8-cf49449dd810,93d585d6-a604-4766-b140-2aa31784d2d6,loperamide,Ohio,Covered,,,No,No,No,0.95,https://dam.assets.ohio.gov/image/upload/medicaid.ohio.gov/PHM/unified-pdl/20251001_UPDL_v1_approved.pdf,Ohio Medicaid Preferred Drug List,Molina,Ohio_Molina_Ohio Medicaid Preferred Drug List.pdf,,,,completed
6b1954a6-5525-4d32-8a22-1639a3312966,2daf1ac0-7229-41f6-94b8-cf49449dd810,93d585d6-a604-4766-b140-2aa31784d2d6,lubiprostone,Ohio,Covered,ST,['ST'],No,Yes,No,0.95,https://dam.assets.ohio.gov/image/upload/medicaid.ohio.gov/PHM/unified-pdl/20251001_UPDL_v1_approved.pdf,Ohio Medicaid Preferred Drug List,Molina,Ohio_Molina_Ohio Medicaid Preferred Drug List.pdf,,,,completed
6cd95854-02de-415e-9543-c300e2f3fe1d,2daf1ac0-7229-41f6-94b8-cf49449dd810,93d585d6-a604-4766-b140-2aa31784d2d6,MOVANTIK,Ohio,Covered,ST,['ST'],No,Yes,No,0.95,https://dam.assets.ohio.gov/image/upload/medicaid.ohio.gov/PHM/unified-pdl/20251001_UPDL_v1_approved.pdf,Ohio Medicaid Preferred Drug List,Molina,Ohio_Molina_Ohio Medicaid Preferred Drug List.pdf,,,,completed
03b52bd3-ebde-4bdd-89ca-778ac9a90e20,2daf1ac0-7229-41f6-94b8-cf49449dd810,93d585d6-a604-4766-b140-2aa31784d2d6,polyethylene glycol oral powder bottle,Ohio,Covered,,,No,No,No,0.95,https://dam.assets.ohio.gov/image/upload/medicaid.ohio.gov/PHM/unified-pdl/20251001_UPDL_v1_approved.pdf,Ohio Medicaid Preferred Drug List,Molina,Ohio_Molina_Ohio Medicaid Preferred Drug List.pdf,,,,completed
5c4b1d4a-79bf-47a4-ad22-3cadaca56cda,2daf1ac0-7229-41f6-94b8-cf49449dd810,93d585d6-a604-4766-b140-2aa31784d2d6,senna,Ohio,Covered,,,No,No,No,0.95,https://dam.assets.ohio.gov/image/upload/medicaid.ohio.gov/PHM/unified-pdl/20251001_UPDL_v1_approved.pdf,Ohio Medicaid Preferred Drug List,Molina,Ohio_Molina_Ohio Medicaid Preferred Drug List.pdf,,,,completed
4961eab6-5d1e-47b9-b5e8-e8909bbe601f,2daf1ac0-7229-41f6-94b8-cf49449dd810,93d585d6-a604-4766-b140-2aa31784d2d6,TRULANCE,Ohio,Covered,ST,['ST'],No,Yes,No,0.95,https://dam.assets.ohio.gov/image/upload/medicaid.ohio.gov/PHM/unified-pdl/20251001_UPDL_v1_approved.pdf,Ohio Medicaid Preferred Drug List,Molina,Ohio_Molina_Ohio Medicaid Preferred Drug List.pdf,,,,completed
cf6a5b34-a2bc-478f-9a09-addb832843a8,2daf1ac0-7229-41f6-94b8-cf49449dd810,93d585d6-a604-4766-b140-2aa31784d2d6,XIFAXAN,Ohio,Covered,ST,['ST'],No,Yes,No,0.95,https://dam.assets.ohio.gov/image/upload/medicaid.ohio.gov/PHM/unified-pdl/20251001_UPDL_v1_approved.pdf,Ohio Medicaid Preferred Drug List,Molina,Ohio_Molina_Ohio Medicaid Preferred Drug List.pdf,,,,completed
0d885841-deb0-45ac-b1a0-d688e88f9d11,2daf1ac0-7229-41f6-94b8-cf49449dd810,93d585d6-a604-4766-b140-2aa31784d2d6,AEMCOLO,Ohio,Covered,,,No,No,No,0.95,https://dam.assets.ohio.gov/image/upload/medicaid.ohio.gov/PHM/unified-pdl/20251001_UPDL_v1_approved.pdf,Ohio Medicaid Preferred Drug List,Molina,Ohio_Molina_Ohio Medicaid Preferred Drug List.pdf,,,,completed
863601bc-0c06-4700-ac7d-791821ac5c6b,2daf1ac0-7229-41f6-94b8-cf49449dd810,93d585d6-a604-4766-b140-2aa31784d2d6,AMITIZA,Ohio,Covered,,,No,No,No,0.95,https://dam.assets.ohio.gov/image/upload/medicaid.ohio.gov/PHM/unified-pdl/20251001_UPDL_v1_approved.pdf,Ohio Medicaid Preferred Drug List,Molina,Ohio_Molina_Ohio Medicaid Preferred Drug List.pdf,,,,completed
283828c9-bb99-46b0-8ad9-aab63cfe26d6,2daf1ac0-7229-41f6-94b8-cf49449dd810,93d585d6-a604-4766-b140-2aa31784d2d6,GATTEX,Ohio,Covered,,,No,No,No,0.95,https://dam.assets.ohio.gov/image/upload/medicaid.ohio.gov/PHM/unified-pdl/20251001_UPDL_v1_approved.pdf,Ohio Medicaid Preferred Drug List,Molina,Ohio_Molina_Ohio Medicaid Preferred Drug List.pdf,,,,completed
0f0e646f-0323-4d55-a9c5-1215a3cc7428,2daf1ac0-7229-41f6-94b8-cf49449dd810,93d585d6-a604-4766-b140-2aa31784d2d6,IBSRELA,Ohio,Covered,,,No,No,No,0.95,https://dam.assets.ohio.gov/image/upload/medicaid.ohio.gov/PHM/unified-pdl/20251001_UPDL_v1_approved.pdf,Ohio Medicaid Preferred Drug List,Molina,Ohio_Molina_Ohio Medicaid Preferred Drug List.pdf,,,,completed
f431e73b-110d-42b5-a3bb-2fb63f6f3cd2,2daf1ac0-7229-41f6-94b8-cf49449dd810,93d585d6-a604-4766-b140-2aa31784d2d6,MYTESI,Ohio,Covered,,,No,No,No,0.95,https://dam.assets.ohio.gov/image/upload/medicaid.ohio.gov/PHM/unified-pdl/20251001_UPDL_v1_approved.pdf,Ohio Medicaid Preferred Drug List,Molina,Ohio_Molina_Ohio Medicaid Preferred Drug List.pdf,,,,completed
6d54171e-df57-4a40-81c4-ba60d7891898,2daf1ac0-7229-41f6-94b8-cf49449dd810,93d585d6-a604-4766-b140-2aa31784d2d6,polyethylene glycol oral powder packet,Ohio,Covered,,,No,No,No,0.95,https://dam.assets.ohio.gov/image/upload/medicaid.ohio.gov/PHM/unified-pdl/20251001_UPDL_v1_approved.pdf,Ohio Medicaid Preferred Drug List,Molina,Ohio_Molina_Ohio Medicaid Preferred Drug List.pdf,,,,completed
8e8922b2-7eb2-43e6-9f04-bf663506ad18,2daf1ac0-7229-41f6-94b8-cf49449dd810,93d585d6-a604-4766-b140-2aa31784d2d6,prucalopride,Ohio,Covered,,,No,No,No,0.95,https://dam.assets.ohio.gov/image/upload/medicaid.ohio.gov/PHM/unified-pdl/20251001_UPDL_v1_approved.pdf,Ohio Medicaid Preferred Drug List,Molina,Ohio_Molina_Ohio Medicaid Preferred Drug List.pdf,,,,completed
701bc849-b26f-4573-b17b-7476f7cd91d4,2daf1ac0-7229-41f6-94b8-cf49449dd810,93d585d6-a604-4766-b140-2aa31784d2d6,RELISTOR,Ohio,Covered,,,No,No,No,0.95,https://dam.assets.ohio.gov/image/upload/medicaid.ohio.gov/PHM/unified-pdl/20251001_UPDL_v1_approved.pdf,Ohio Medicaid Preferred Drug List,Molina,Ohio_Molina_Ohio Medicaid Preferred Drug List.pdf,,,,completed
5796317e-2734-4068-a7d2-9d2104eed004,2daf1ac0-7229-41f6-94b8-cf49449dd810,93d585d6-a604-4766-b140-2aa31784d2d6,SYMPROIC,Ohio,Covered,,,No,No,No,0.95,https://dam.assets.ohio.gov/image/upload/medicaid.ohio.gov/PHM/unified-pdl/20251001_UPDL_v1_approved.pdf,Ohio Medicaid Preferred Drug List,Molina,Ohio_Molina_Ohio Medicaid Preferred Drug List.pdf,,,,completed
28dd7190-ac89-48bd-ae45-e013ff1a0cac,2daf1ac0-7229-41f6-94b8-cf49449dd810,93d585d6-a604-4766-b140-2aa31784d2d6,balsalazide disodium,Ohio,Covered,PREFERRED AGENTS,,No,No,No,0.95,https://dam.assets.ohio.gov/image/upload/medicaid.ohio.gov/PHM/unified-pdl/20251001_UPDL_v1_approved.pdf,Ohio Medicaid Preferred Drug List,Molina,Ohio_Molina_Ohio Medicaid Preferred Drug List.pdf,,,,completed
78d2152f-d54e-4976-af89-32398548da6c,2daf1ac0-7229-41f6-94b8-cf49449dd810,93d585d6-a604-4766-b140-2aa31784d2d6,budesonide ER,Ohio,Covered,PREFERRED AGENTS,,No,No,No,0.95,https://dam.assets.ohio.gov/image/upload/medicaid.ohio.gov/PHM/unified-pdl/20251001_UPDL_v1_approved.pdf,Ohio Medicaid Preferred Drug List,Molina,Ohio_Molina_Ohio Medicaid Preferred Drug List.pdf,,,,completed
e83869e6-87f0-4f72-baa8-eecae8faf6c2,2daf1ac0-7229-41f6-94b8-cf49449dd810,93d585d6-a604-4766-b140-2aa31784d2d6,"mesalamine DR cap, tab 1.2gm",Ohio,Covered,PREFERRED AGENTS,,No,No,No,0.95,https://dam.assets.ohio.gov/image/upload/medicaid.ohio.gov/PHM/unified-pdl/20251001_UPDL_v1_approved.pdf,Ohio Medicaid Preferred Drug List,Molina,Ohio_Molina_Ohio Medicaid Preferred Drug List.pdf,,,,completed
bf0f19ce-ad5a-49f6-9a07-d9b2b7b6296c,2daf1ac0-7229-41f6-94b8-cf49449dd810,93d585d6-a604-4766-b140-2aa31784d2d6,"mesalamine ER cap 0.375gm, 500mg",Ohio,Covered,PREFERRED AGENTS,,No,No,No,0.95,https://dam.assets.ohio.gov/image/upload/medicaid.ohio.gov/PHM/unified-pdl/20251001_UPDL_v1_approved.pdf,Ohio Medicaid Preferred Drug List,Molina,Ohio_Molina_Ohio Medicaid Preferred Drug List.pdf,,,,completed
9f4a40d9-8f99-40fe-9dad-0c742c2f55f2,2daf1ac0-7229-41f6-94b8-cf49449dd810,93d585d6-a604-4766-b140-2aa31784d2d6,PENTASA 250mg,Ohio,Covered,PREFERRED AGENTS,,No,No,No,0.95,https://dam.assets.ohio.gov/image/upload/medicaid.ohio.gov/PHM/unified-pdl/20251001_UPDL_v1_approved.pdf,Ohio Medicaid Preferred Drug List,Molina,Ohio_Molina_Ohio Medicaid Preferred Drug List.pdf,,,,completed
091290de-b565-46b4-99ec-9cbd3a2b4c9d,2daf1ac0-7229-41f6-94b8-cf49449dd810,93d585d6-a604-4766-b140-2aa31784d2d6,"mesalamine enema, supp",Ohio,Covered,RECTAL,,No,No,No,0.95,https://dam.assets.ohio.gov/image/upload/medicaid.ohio.gov/PHM/unified-pdl/20251001_UPDL_v1_approved.pdf,Ohio Medicaid Preferred Drug List,Molina,Ohio_Molina_Ohio Medicaid Preferred Drug List.pdf,,,,completed
0085e738-4045-41b8-a976-2492004611dc,2daf1ac0-7229-41f6-94b8-cf49449dd810,93d585d6-a604-4766-b140-2aa31784d2d6,DIPENTUM,Ohio,Covered,NON-PREFERRED AGENTS,,No,No,No,0.95,https://dam.assets.ohio.gov/image/upload/medicaid.ohio.gov/PHM/unified-pdl/20251001_UPDL_v1_approved.pdf,Ohio Medicaid Preferred Drug List,Molina,Ohio_Molina_Ohio Medicaid Preferred Drug List.pdf,,,,completed
e9872b78-aae7-42d6-a033-547b9e83445d,2daf1ac0-7229-41f6-94b8-cf49449dd810,93d585d6-a604-4766-b140-2aa31784d2d6,mesalamine DR tab 800mg,Ohio,Covered,NON-PREFERRED AGENTS,,No,No,No,0.95,https://dam.assets.ohio.gov/image/upload/medicaid.ohio.gov/PHM/unified-pdl/20251001_UPDL_v1_approved.pdf,Ohio Medicaid Preferred Drug List,Molina,Ohio_Molina_Ohio Medicaid Preferred Drug List.pdf,,,,completed
d85f25d0-2555-456f-adf7-95328582609c,2daf1ac0-7229-41f6-94b8-cf49449dd810,93d585d6-a604-4766-b140-2aa31784d2d6,VELSIPITY,Ohio,Covered,NON-PREFERRED AGENTS,['PA'],Yes,No,No,0.95,https://dam.assets.ohio.gov/image/upload/medicaid.ohio.gov/PHM/unified-pdl/20251001_UPDL_v1_approved.pdf,Ohio Medicaid Preferred Drug List,Molina,Ohio_Molina_Ohio Medicaid Preferred Drug List.pdf,,,,completed
f9ffacc2-506a-426b-b969-857c0ef21933,2daf1ac0-7229-41f6-94b8-cf49449dd810,93d585d6-a604-4766-b140-2aa31784d2d6,ZEPOSIA,Ohio,Covered,NON-PREFERRED AGENTS,['PA'],Yes,No,No,0.95,https://dam.assets.ohio.gov/image/upload/medicaid.ohio.gov/PHM/unified-pdl/20251001_UPDL_v1_approved.pdf,Ohio Medicaid Preferred Drug List,Molina,Ohio_Molina_Ohio Medicaid Preferred Drug List.pdf,,,,completed
34e2b1c5-d828-47b4-b597-00a60024f9d6,2daf1ac0-7229-41f6-94b8-cf49449dd810,93d585d6-a604-4766-b140-2aa31784d2d6,mesalamine enema,Ohio,Covered,NON-PREFERRED AGENTS,,No,No,No,0.95,https://dam.assets.ohio.gov/image/upload/medicaid.ohio.gov/PHM/unified-pdl/20251001_UPDL_v1_approved.pdf,Ohio Medicaid Preferred Drug List,Molina,Ohio_Molina_Ohio Medicaid Preferred Drug List.pdf,,,,completed
89b55bfc-a82c-405d-9ecb-687d434470f6,2daf1ac0-7229-41f6-94b8-cf49449dd810,93d585d6-a604-4766-b140-2aa31784d2d6,SF ROWASA,Ohio,Covered,NON-PREFERRED AGENTS,,No,No,No,0.95,https://dam.assets.ohio.gov/image/upload/medicaid.ohio.gov/PHM/unified-pdl/20251001_UPDL_v1_approved.pdf,Ohio Medicaid Preferred Drug List,Molina,Ohio_Molina_Ohio Medicaid Preferred Drug List.pdf,,,,completed
ce7fd600-47a9-42ed-a8c4-1161bd2002f1,2daf1ac0-7229-41f6-94b8-cf49449dd810,93d585d6-a604-4766-b140-2aa31784d2d6,UCERIS FOAM,Ohio,Covered,NON-PREFERRED AGENTS,['PA'],Yes,No,No,0.95,https://dam.assets.ohio.gov/image/upload/medicaid.ohio.gov/PHM/unified-pdl/20251001_UPDL_v1_approved.pdf,Ohio Medicaid Preferred Drug List,Molina,Ohio_Molina_Ohio Medicaid Preferred Drug List.pdf,,,,completed
86a1ed0d-3bd3-4917-959a-7d89130f279a,2daf1ac0-7229-41f6-94b8-cf49449dd810,93d585d6-a604-4766-b140-2aa31784d2d6,HYRIMOZ (Bio of HUMIRA),Ohio,Covered,,,No,No,No,0.95,https://dam.assets.ohio.gov/image/upload/medicaid.ohio.gov/PHM/unified-pdl/20251001_UPDL_v1_approved.pdf,Ohio Medicaid Preferred Drug List,Molina,Ohio_Molina_Ohio Medicaid Preferred Drug List.pdf,,,,completed
ccd92628-e5d0-400d-b87f-b31161dab9df,2daf1ac0-7229-41f6-94b8-cf49449dd810,93d585d6-a604-4766-b140-2aa31784d2d6,INFLECTRA (Bio of REMICADE),Ohio,Covered,,,No,No,No,0.95,https://dam.assets.ohio.gov/image/upload/medicaid.ohio.gov/PHM/unified-pdl/20251001_UPDL_v1_approved.pdf,Ohio Medicaid Preferred Drug List,Molina,Ohio_Molina_Ohio Medicaid Preferred Drug List.pdf,,,,completed
3fdc3288-31f6-4415-b44e-90883469d38b,2daf1ac0-7229-41f6-94b8-cf49449dd810,93d585d6-a604-4766-b140-2aa31784d2d6,RENFLEXIS (Bio of REMICADE),Ohio,Covered,,,No,No,No,0.95,https://dam.assets.ohio.gov/image/upload/medicaid.ohio.gov/PHM/unified-pdl/20251001_UPDL_v1_approved.pdf,Ohio Medicaid Preferred Drug List,Molina,Ohio_Molina_Ohio Medicaid Preferred Drug List.pdf,,,,completed
3ee5deae-6106-441f-935f-f69f1e18e32e,2daf1ac0-7229-41f6-94b8-cf49449dd810,93d585d6-a604-4766-b140-2aa31784d2d6,SIMPONI,Ohio,Covered,,,No,No,No,0.95,https://dam.assets.ohio.gov/image/upload/medicaid.ohio.gov/PHM/unified-pdl/20251001_UPDL_v1_approved.pdf,Ohio Medicaid Preferred Drug List,Molina,Ohio_Molina_Ohio Medicaid Preferred Drug List.pdf,,,,completed
e18248f3-cd1e-4c8a-9ad0-7075a0048c44,2daf1ac0-7229-41f6-94b8-cf49449dd810,93d585d6-a604-4766-b140-2aa31784d2d6,YUSIMRY (Bio of HUMIRA),Ohio,Covered,,,No,No,No,0.95,https://dam.assets.ohio.gov/image/upload/medicaid.ohio.gov/PHM/unified-pdl/20251001_UPDL_v1_approved.pdf,Ohio Medicaid Preferred Drug List,Molina,Ohio_Molina_Ohio Medicaid Preferred Drug List.pdf,,,,completed
43dfd334-42c4-46ce-b378-78d58dfa07aa,2daf1ac0-7229-41f6-94b8-cf49449dd810,93d585d6-a604-4766-b140-2aa31784d2d6,ZYMFENTRA,Ohio,Covered,,,No,No,No,0.95,https://dam.assets.ohio.gov/image/upload/medicaid.ohio.gov/PHM/unified-pdl/20251001_UPDL_v1_approved.pdf,Ohio Medicaid Preferred Drug List,Molina,Ohio_Molina_Ohio Medicaid Preferred Drug List.pdf,,,,completed
60da8c87-990b-49a7-af9d-7a82785227fa,2daf1ac0-7229-41f6-94b8-cf49449dd810,93d585d6-a604-4766-b140-2aa31784d2d6,OTEZLA,Ohio,Covered,,['PA'],Yes,No,No,0.95,https://dam.assets.ohio.gov/image/upload/medicaid.ohio.gov/PHM/unified-pdl/20251001_UPDL_v1_approved.pdf,Ohio Medicaid Preferred Drug List,Molina,Ohio_Molina_Ohio Medicaid Preferred Drug List.pdf,,,,completed
d340cfea-60fc-4cf1-ba52-9c048fe23dba,2daf1ac0-7229-41f6-94b8-cf49449dd810,93d585d6-a604-4766-b140-2aa31784d2d6,ENTYVIO,Ohio,Covered,,,No,No,No,0.95,https://dam.assets.ohio.gov/image/upload/medicaid.ohio.gov/PHM/unified-pdl/20251001_UPDL_v1_approved.pdf,Ohio Medicaid Preferred Drug List,Molina,Ohio_Molina_Ohio Medicaid Preferred Drug List.pdf,,,,completed
3adabf43-313f-4fb3-ae18-c8cf1913fbcf,2daf1ac0-7229-41f6-94b8-cf49449dd810,93d585d6-a604-4766-b140-2aa31784d2d6,ORENCIA,Ohio,Covered,,,No,No,No,0.95,https://dam.assets.ohio.gov/image/upload/medicaid.ohio.gov/PHM/unified-pdl/20251001_UPDL_v1_approved.pdf,Ohio Medicaid Preferred Drug List,Molina,Ohio_Molina_Ohio Medicaid Preferred Drug List.pdf,,,,completed
028784eb-6b0c-4823-ae28-2a49556d0428,2daf1ac0-7229-41f6-94b8-cf49449dd810,93d585d6-a604-4766-b140-2aa31784d2d6,SOTYKTU,Ohio,Covered,,,No,No,No,0.95,https://dam.assets.ohio.gov/image/upload/medicaid.ohio.gov/PHM/unified-pdl/20251001_UPDL_v1_approved.pdf,Ohio Medicaid Preferred Drug List,Molina,Ohio_Molina_Ohio Medicaid Preferred Drug List.pdf,,,,completed
e471ec4e-c52e-49cc-953b-cfa6cd5ede2c,2daf1ac0-7229-41f6-94b8-cf49449dd810,93d585d6-a604-4766-b140-2aa31784d2d6,azithromycin,Ohio,Covered,PREFERRED AGENTS,,No,No,No,0.95,https://dam.assets.ohio.gov/image/upload/medicaid.ohio.gov/PHM/unified-pdl/20251001_UPDL_v1_approved.pdf,Ohio Medicaid Preferred Drug List,Molina,Ohio_Molina_Ohio Medicaid Preferred Drug List.pdf,,,,completed
8d02dcfc-e737-4050-9bfa-e01f7cd62441,2daf1ac0-7229-41f6-94b8-cf49449dd810,93d585d6-a604-4766-b140-2aa31784d2d6,clarithromycin,Ohio,Covered,PREFERRED AGENTS,['AR'],No,No,No,0.95,https://dam.assets.ohio.gov/image/upload/medicaid.ohio.gov/PHM/unified-pdl/20251001_UPDL_v1_approved.pdf,Ohio Medicaid Preferred Drug List,Molina,Ohio_Molina_Ohio Medicaid Preferred Drug List.pdf,,,,completed
cdb17748-2e4b-4120-9bfa-79ad586209e5,2daf1ac0-7229-41f6-94b8-cf49449dd810,93d585d6-a604-4766-b140-2aa31784d2d6,clarithromycin,Ohio,Covered,NON-PREFERRED AGENTS,,No,No,No,0.95,https://dam.assets.ohio.gov/image/upload/medicaid.ohio.gov/PHM/unified-pdl/20251001_UPDL_v1_approved.pdf,Ohio Medicaid Preferred Drug List,Molina,Ohio_Molina_Ohio Medicaid Preferred Drug List.pdf,,,,completed
9c6e6630-2ac5-492d-865e-72e753da96c7,2daf1ac0-7229-41f6-94b8-cf49449dd810,93d585d6-a604-4766-b140-2aa31784d2d6,erythromycin,Ohio,Covered,PREFERRED AGENTS,,No,No,No,0.95,https://dam.assets.ohio.gov/image/upload/medicaid.ohio.gov/PHM/unified-pdl/20251001_UPDL_v1_approved.pdf,Ohio Medicaid Preferred Drug List,Molina,Ohio_Molina_Ohio Medicaid Preferred Drug List.pdf,,,,completed
10578bdf-1c37-43b7-9941-5b620729c829,2daf1ac0-7229-41f6-94b8-cf49449dd810,93d585d6-a604-4766-b140-2aa31784d2d6,erythromycin,Ohio,Covered,NON-PREFERRED AGENTS,,No,No,No,0.95,https://dam.assets.ohio.gov/image/upload/medicaid.ohio.gov/PHM/unified-pdl/20251001_UPDL_v1_approved.pdf,Ohio Medicaid Preferred Drug List,Molina,Ohio_Molina_Ohio Medicaid Preferred Drug List.pdf,,,,completed
ba0bfc74-966a-4f7a-8ce0-46c4b8ec3d94,2daf1ac0-7229-41f6-94b8-cf49449dd810,93d585d6-a604-4766-b140-2aa31784d2d6,fesoterodine,Ohio,Covered,Preferred Agents,,No,No,No,0.95,https://dam.assets.ohio.gov/image/upload/medicaid.ohio.gov/PHM/unified-pdl/20251001_UPDL_v1_approved.pdf,Ohio Medicaid Preferred Drug List,Molina,Ohio_Molina_Ohio Medicaid Preferred Drug List.pdf,,,,completed
723776d8-57d0-455a-bd89-4c2656749ac1,2daf1ac0-7229-41f6-94b8-cf49449dd810,93d585d6-a604-4766-b140-2aa31784d2d6,oxybutynin,Ohio,Covered,Preferred Agents,,No,No,No,0.95,https://dam.assets.ohio.gov/image/upload/medicaid.ohio.gov/PHM/unified-pdl/20251001_UPDL_v1_approved.pdf,Ohio Medicaid Preferred Drug List,Molina,Ohio_Molina_Ohio Medicaid Preferred Drug List.pdf,,,,completed
729d28e7-9b80-4511-951d-a411736b566a,2daf1ac0-7229-41f6-94b8-cf49449dd810,93d585d6-a604-4766-b140-2aa31784d2d6,OXYTROL,Ohio,Covered,Preferred Agents,,No,No,No,0.95,https://dam.assets.ohio.gov/image/upload/medicaid.ohio.gov/PHM/unified-pdl/20251001_UPDL_v1_approved.pdf,Ohio Medicaid Preferred Drug List,Molina,Ohio_Molina_Ohio Medicaid Preferred Drug List.pdf,,,,completed
f9ac64e4-eca7-43d1-841e-c430d2ab665c,2daf1ac0-7229-41f6-94b8-cf49449dd810,93d585d6-a604-4766-b140-2aa31784d2d6,solifenacin,Ohio,Covered,Preferred Agents,,No,No,No,0.95,https://dam.assets.ohio.gov/image/upload/medicaid.ohio.gov/PHM/unified-pdl/20251001_UPDL_v1_approved.pdf,Ohio Medicaid Preferred Drug List,Molina,Ohio_Molina_Ohio Medicaid Preferred Drug List.pdf,,,,completed
e20003b7-0b80-4e49-8bc5-1ff4028b0672,2daf1ac0-7229-41f6-94b8-cf49449dd810,93d585d6-a604-4766-b140-2aa31784d2d6,trospium,Ohio,Covered,Preferred Agents,,No,No,No,0.95,https://dam.assets.ohio.gov/image/upload/medicaid.ohio.gov/PHM/unified-pdl/20251001_UPDL_v1_approved.pdf,Ohio Medicaid Preferred Drug List,Molina,Ohio_Molina_Ohio Medicaid Preferred Drug List.pdf,,,,completed
3676bc76-9639-4f2d-ad1a-718b00470ffb,2daf1ac0-7229-41f6-94b8-cf49449dd810,93d585d6-a604-4766-b140-2aa31784d2d6,darifenacin,Ohio,Covered,Non-Preferred Agents,,No,No,No,0.95,https://dam.assets.ohio.gov/image/upload/medicaid.ohio.gov/PHM/unified-pdl/20251001_UPDL_v1_approved.pdf,Ohio Medicaid Preferred Drug List,Molina,Ohio_Molina_Ohio Medicaid Preferred Drug List.pdf,,,,completed
e6950d41-27f2-42ef-9ba2-e2f82461b640,2daf1ac0-7229-41f6-94b8-cf49449dd810,93d585d6-a604-4766-b140-2aa31784d2d6,tolterodine,Ohio,Covered,Non-Preferred Agents,,No,No,No,0.95,https://dam.assets.ohio.gov/image/upload/medicaid.ohio.gov/PHM/unified-pdl/20251001_UPDL_v1_approved.pdf,Ohio Medicaid Preferred Drug List,Molina,Ohio_Molina_Ohio Medicaid Preferred Drug List.pdf,,,,completed
0ae4ffa0-6b85-474f-81cf-94c7ff8383d6,2daf1ac0-7229-41f6-94b8-cf49449dd810,93d585d6-a604-4766-b140-2aa31784d2d6,VESICARE,Ohio,Covered,Non-Preferred Agents,['AR'],No,No,No,0.95,https://dam.assets.ohio.gov/image/upload/medicaid.ohio.gov/PHM/unified-pdl/20251001_UPDL_v1_approved.pdf,Ohio Medicaid Preferred Drug List,Molina,Ohio_Molina_Ohio Medicaid Preferred Drug List.pdf,,,,completed
db4ee749-adbb-48b0-a396-03f7f5d26afa,2daf1ac0-7229-41f6-94b8-cf49449dd810,93d585d6-a604-4766-b140-2aa31784d2d6,MYRBETRIQ,Ohio,Covered,Preferred Agents,['BvG'],No,No,No,0.95,https://dam.assets.ohio.gov/image/upload/medicaid.ohio.gov/PHM/unified-pdl/20251001_UPDL_v1_approved.pdf,Ohio Medicaid Preferred Drug List,Molina,Ohio_Molina_Ohio Medicaid Preferred Drug List.pdf,,,,completed
69d87d0e-ef40-4711-9cfc-a552d3f3c997,2daf1ac0-7229-41f6-94b8-cf49449dd810,93d585d6-a604-4766-b140-2aa31784d2d6,GEMTESA,Ohio,Covered,Non-Preferred Agents,,No,No,No,0.95,https://dam.assets.ohio.gov/image/upload/medicaid.ohio.gov/PHM/unified-pdl/20251001_UPDL_v1_approved.pdf,Ohio Medicaid Preferred Drug List,Molina,Ohio_Molina_Ohio Medicaid Preferred Drug List.pdf,,,,completed
58d9a1e3-b428-48b9-95f1-e6c511cdd482,2daf1ac0-7229-41f6-94b8-cf49449dd810,93d585d6-a604-4766-b140-2aa31784d2d6,mirabegron,Ohio,Covered,Non-Preferred Agents,,No,No,No,0.95,https://dam.assets.ohio.gov/image/upload/medicaid.ohio.gov/PHM/unified-pdl/20251001_UPDL_v1_approved.pdf,Ohio Medicaid Preferred Drug List,Molina,Ohio_Molina_Ohio Medicaid Preferred Drug List.pdf,,,,completed
f386d7e9-e300-4547-85b2-52243dd7c9bb,2daf1ac0-7229-41f6-94b8-cf49449dd810,93d585d6-a604-4766-b140-2aa31784d2d6,MYRBETRIQ GRANULES,Ohio,Covered,Non-Preferred Agents,['AR'],No,No,No,0.95,https://dam.assets.ohio.gov/image/upload/medicaid.ohio.gov/PHM/unified-pdl/20251001_UPDL_v1_approved.pdf,Ohio Medicaid Preferred Drug List,Molina,Ohio_Molina_Ohio Medicaid Preferred Drug List.pdf,,,,completed
9734de6f-0152-455d-bd9b-319f14aef72a,2daf1ac0-7229-41f6-94b8-cf49449dd810,93d585d6-a604-4766-b140-2aa31784d2d6,tobramycin 300mg/5ml neb soln,Ohio,Covered,PA,['PA'],Yes,No,No,0.95,https://dam.assets.ohio.gov/image/upload/medicaid.ohio.gov/PHM/unified-pdl/20251001_UPDL_v1_approved.pdf,Ohio Medicaid Preferred Drug List,Molina,Ohio_Molina_Ohio Medicaid Preferred Drug List.pdf,,,,completed
0bb42519-b1b7-4252-96e0-6e345fff7b4d,2daf1ac0-7229-41f6-94b8-cf49449dd810,93d585d6-a604-4766-b140-2aa31784d2d6,tobramycin,Ohio,Covered,PA,['PA'],Yes,No,No,0.95,https://dam.assets.ohio.gov/image/upload/medicaid.ohio.gov/PHM/unified-pdl/20251001_UPDL_v1_approved.pdf,Ohio Medicaid Preferred Drug List,Molina,Ohio_Molina_Ohio Medicaid Preferred Drug List.pdf,,,,completed
ede4e938-0db2-48f9-b0d8-c93ff262b639,2daf1ac0-7229-41f6-94b8-cf49449dd810,93d585d6-a604-4766-b140-2aa31784d2d6,ARIKAYCE,Ohio,Covered,NON-PREFERRED AGENTS,,No,No,No,0.95,https://dam.assets.ohio.gov/image/upload/medicaid.ohio.gov/PHM/unified-pdl/20251001_UPDL_v1_approved.pdf,Ohio Medicaid Preferred Drug List,Molina,Ohio_Molina_Ohio Medicaid Preferred Drug List.pdf,,,,completed
771657ce-990b-48ba-a749-dcea10985c58,2daf1ac0-7229-41f6-94b8-cf49449dd810,93d585d6-a604-4766-b140-2aa31784d2d6,CAYSTON,Ohio,Covered,NON-PREFERRED AGENTS,,No,No,No,0.95,https://dam.assets.ohio.gov/image/upload/medicaid.ohio.gov/PHM/unified-pdl/20251001_UPDL_v1_approved.pdf,Ohio Medicaid Preferred Drug List,Molina,Ohio_Molina_Ohio Medicaid Preferred Drug List.pdf,,,,completed
9148927a-86fa-4467-8381-a6045a84c7bf,2daf1ac0-7229-41f6-94b8-cf49449dd810,93d585d6-a604-4766-b140-2aa31784d2d6,TOBI PODHALER,Ohio,Covered,NON-PREFERRED AGENTS,,No,No,No,0.95,https://dam.assets.ohio.gov/image/upload/medicaid.ohio.gov/PHM/unified-pdl/20251001_UPDL_v1_approved.pdf,Ohio Medicaid Preferred Drug List,Molina,Ohio_Molina_Ohio Medicaid Preferred Drug List.pdf,,,,completed
285a3660-4053-4438-8ef6-370ae809e98e,2daf1ac0-7229-41f6-94b8-cf49449dd810,93d585d6-a604-4766-b140-2aa31784d2d6,tobramycin 300mg/4ml neb soln,Ohio,Covered,NON-PREFERRED AGENTS,,No,No,No,0.95,https://dam.assets.ohio.gov/image/upload/medicaid.ohio.gov/PHM/unified-pdl/20251001_UPDL_v1_approved.pdf,Ohio Medicaid Preferred Drug List,Molina,Ohio_Molina_Ohio Medicaid Preferred Drug List.pdf,,,,completed
f2b0a8cd-bfcf-4834-81f7-d0a9650c4bbc,2daf1ac0-7229-41f6-94b8-cf49449dd810,93d585d6-a604-4766-b140-2aa31784d2d6,doxycycline,Ohio,Covered,PREFERRED AGENTS,,No,No,No,0.95,https://dam.assets.ohio.gov/image/upload/medicaid.ohio.gov/PHM/unified-pdl/20251001_UPDL_v1_approved.pdf,Ohio Medicaid Preferred Drug List,Molina,Ohio_Molina_Ohio Medicaid Preferred Drug List.pdf,,,,completed
8e0fda49-7c8c-471b-89ef-3ec546f3ea9b,2daf1ac0-7229-41f6-94b8-cf49449dd810,93d585d6-a604-4766-b140-2aa31784d2d6,doxycycline susp,Ohio,Covered,PREFERRED AGENTS,['PA'],Yes,No,No,0.95,https://dam.assets.ohio.gov/image/upload/medicaid.ohio.gov/PHM/unified-pdl/20251001_UPDL_v1_approved.pdf,Ohio Medicaid Preferred Drug List,Molina,Ohio_Molina_Ohio Medicaid Preferred Drug List.pdf,,,,completed
bcc7a02c-3e7f-433d-a5ab-f75a93796761,2daf1ac0-7229-41f6-94b8-cf49449dd810,93d585d6-a604-4766-b140-2aa31784d2d6,minocycline,Ohio,Covered,PREFERRED AGENTS,,No,No,No,0.95,https://dam.assets.ohio.gov/image/upload/medicaid.ohio.gov/PHM/unified-pdl/20251001_UPDL_v1_approved.pdf,Ohio Medicaid Preferred Drug List,Molina,Ohio_Molina_Ohio Medicaid Preferred Drug List.pdf,,,,completed
df4b88ac-d5ce-46dc-993f-bfd5a404567f,2daf1ac0-7229-41f6-94b8-cf49449dd810,93d585d6-a604-4766-b140-2aa31784d2d6,tetracycline,Ohio,Covered,PREFERRED AGENTS,,No,No,No,0.95,https://dam.assets.ohio.gov/image/upload/medicaid.ohio.gov/PHM/unified-pdl/20251001_UPDL_v1_approved.pdf,Ohio Medicaid Preferred Drug List,Molina,Ohio_Molina_Ohio Medicaid Preferred Drug List.pdf,,,,completed
f995a4ba-4cc7-4e5e-92f4-d4e6b1ca16c6,2daf1ac0-7229-41f6-94b8-cf49449dd810,93d585d6-a604-4766-b140-2aa31784d2d6,demeclocycline,Ohio,Covered,NON-PREFERRED AGENTS,,No,No,No,0.95,https://dam.assets.ohio.gov/image/upload/medicaid.ohio.gov/PHM/unified-pdl/20251001_UPDL_v1_approved.pdf,Ohio Medicaid Preferred Drug List,Molina,Ohio_Molina_Ohio Medicaid Preferred Drug List.pdf,,,,completed
59d66b0a-fbb9-430d-bd82-b4081dc0bc45,2daf1ac0-7229-41f6-94b8-cf49449dd810,93d585d6-a604-4766-b140-2aa31784d2d6,"doxycycline 75, 150mg",Ohio,Covered,NON-PREFERRED AGENTS,,No,No,No,0.95,https://dam.assets.ohio.gov/image/upload/medicaid.ohio.gov/PHM/unified-pdl/20251001_UPDL_v1_approved.pdf,Ohio Medicaid Preferred Drug List,Molina,Ohio_Molina_Ohio Medicaid Preferred Drug List.pdf,,,,completed
16f61960-63cf-48ab-8c4b-d62291103cad,2daf1ac0-7229-41f6-94b8-cf49449dd810,93d585d6-a604-4766-b140-2aa31784d2d6,doxycycline,Ohio,Covered,NON-PREFERRED AGENTS,,No,No,No,0.95,https://dam.assets.ohio.gov/image/upload/medicaid.ohio.gov/PHM/unified-pdl/20251001_UPDL_v1_approved.pdf,Ohio Medicaid Preferred Drug List,Molina,Ohio_Molina_Ohio Medicaid Preferred Drug List.pdf,,,,completed
2f99494b-fa14-4c21-8add-5962cb3d5c62,2daf1ac0-7229-41f6-94b8-cf49449dd810,93d585d6-a604-4766-b140-2aa31784d2d6,minocycline,Ohio,Covered,NON-PREFERRED AGENTS,,No,No,No,0.95,https://dam.assets.ohio.gov/image/upload/medicaid.ohio.gov/PHM/unified-pdl/20251001_UPDL_v1_approved.pdf,Ohio Medicaid Preferred Drug List,Molina,Ohio_Molina_Ohio Medicaid Preferred Drug List.pdf,,,,completed
f6686182-9acb-43a7-8e30-54fc56c502da,2daf1ac0-7229-41f6-94b8-cf49449dd810,93d585d6-a604-4766-b140-2aa31784d2d6,NUZYRA,Ohio,Covered,NON-PREFERRED AGENTS,,No,No,No,0.95,https://dam.assets.ohio.gov/image/upload/medicaid.ohio.gov/PHM/unified-pdl/20251001_UPDL_v1_approved.pdf,Ohio Medicaid Preferred Drug List,Molina,Ohio_Molina_Ohio Medicaid Preferred Drug List.pdf,,,,completed
26666604-cc43-42cd-8b3f-f81b11522f50,2daf1ac0-7229-41f6-94b8-cf49449dd810,93d585d6-a604-4766-b140-2aa31784d2d6,CIPRO ORAL SUSP,Ohio,Covered,Preferred,,No,No,No,0.95,https://dam.assets.ohio.gov/image/upload/medicaid.ohio.gov/PHM/unified-pdl/20251001_UPDL_v1_approved.pdf,Ohio Medicaid Preferred Drug List,Molina,Ohio_Molina_Ohio Medicaid Preferred Drug List.pdf,,,,completed
63b8e78e-1279-4c10-afb4-6b550232bab6,2daf1ac0-7229-41f6-94b8-cf49449dd810,93d585d6-a604-4766-b140-2aa31784d2d6,ciprofloxacin,Ohio,Covered,Preferred,,No,No,No,0.95,https://dam.assets.ohio.gov/image/upload/medicaid.ohio.gov/PHM/unified-pdl/20251001_UPDL_v1_approved.pdf,Ohio Medicaid Preferred Drug List,Molina,Ohio_Molina_Ohio Medicaid Preferred Drug List.pdf,,,,completed
aaa920df-af90-4ffa-84aa-b24baf4ffa78,2daf1ac0-7229-41f6-94b8-cf49449dd810,93d585d6-a604-4766-b140-2aa31784d2d6,ciprofloxacin susp,Ohio,Covered,Preferred,,No,No,No,0.95,https://dam.assets.ohio.gov/image/upload/medicaid.ohio.gov/PHM/unified-pdl/20251001_UPDL_v1_approved.pdf,Ohio Medicaid Preferred Drug List,Molina,Ohio_Molina_Ohio Medicaid Preferred Drug List.pdf,,,,completed
9d96a062-62bd-4b5c-a323-42254d569f0b,2daf1ac0-7229-41f6-94b8-cf49449dd810,93d585d6-a604-4766-b140-2aa31784d2d6,levofloxacin soln AR,Ohio,Covered,Preferred,,No,No,No,0.95,https://dam.assets.ohio.gov/image/upload/medicaid.ohio.gov/PHM/unified-pdl/20251001_UPDL_v1_approved.pdf,Ohio Medicaid Preferred Drug List,Molina,Ohio_Molina_Ohio Medicaid Preferred Drug List.pdf,,,,completed
2177a9bd-4445-4e4f-a1cd-ce2756146856,2daf1ac0-7229-41f6-94b8-cf49449dd810,93d585d6-a604-4766-b140-2aa31784d2d6,moxifloxacin,Ohio,Covered,Preferred,,No,No,No,0.95,https://dam.assets.ohio.gov/image/upload/medicaid.ohio.gov/PHM/unified-pdl/20251001_UPDL_v1_approved.pdf,Ohio Medicaid Preferred Drug List,Molina,Ohio_Molina_Ohio Medicaid Preferred Drug List.pdf,,,,completed
c7ee7c43-99e6-4fc1-9e7c-57600592bf87,2daf1ac0-7229-41f6-94b8-cf49449dd810,93d585d6-a604-4766-b140-2aa31784d2d6,BAXDELA,Ohio,Covered,Non-Preferred,['PA'],Yes,No,No,0.95,https://dam.assets.ohio.gov/image/upload/medicaid.ohio.gov/PHM/unified-pdl/20251001_UPDL_v1_approved.pdf,Ohio Medicaid Preferred Drug List,Molina,Ohio_Molina_Ohio Medicaid Preferred Drug List.pdf,,,,completed
21a66c39-7b8c-4bb4-ad0b-7920bd255ee8,2daf1ac0-7229-41f6-94b8-cf49449dd810,93d585d6-a604-4766-b140-2aa31784d2d6,ofloxacin,Ohio,Covered,Non-Preferred,['PA'],Yes,No,No,0.95,https://dam.assets.ohio.gov/image/upload/medicaid.ohio.gov/PHM/unified-pdl/20251001_UPDL_v1_approved.pdf,Ohio Medicaid Preferred Drug List,Molina,Ohio_Molina_Ohio Medicaid Preferred Drug List.pdf,,,,completed
a1731df8-54b9-457e-bc24-2d3edb736123,2daf1ac0-7229-41f6-94b8-cf49449dd810,93d585d6-a604-4766-b140-2aa31784d2d6,cefaclor,Ohio,Covered,Preferred,,No,No,No,0.95,https://dam.assets.ohio.gov/image/upload/medicaid.ohio.gov/PHM/unified-pdl/20251001_UPDL_v1_approved.pdf,Ohio Medicaid Preferred Drug List,Molina,Ohio_Molina_Ohio Medicaid Preferred Drug List.pdf,,,,completed
b844dc21-bf9c-4c83-a8ac-e23cf9b1f688,2daf1ac0-7229-41f6-94b8-cf49449dd810,93d585d6-a604-4766-b140-2aa31784d2d6,cefaclor,Ohio,Covered,Non-Preferred,,No,No,No,0.95,https://dam.assets.ohio.gov/image/upload/medicaid.ohio.gov/PHM/unified-pdl/20251001_UPDL_v1_approved.pdf,Ohio Medicaid Preferred Drug List,Molina,Ohio_Molina_Ohio Medicaid Preferred Drug List.pdf,,,,completed
f312e1b2-635c-4fc8-941c-925a7918c1cf,2daf1ac0-7229-41f6-94b8-cf49449dd810,93d585d6-a604-4766-b140-2aa31784d2d6,cefaclor susp,Ohio,Covered,Preferred,['PA'],Yes,No,No,0.95,https://dam.assets.ohio.gov/image/upload/medicaid.ohio.gov/PHM/unified-pdl/20251001_UPDL_v1_approved.pdf,Ohio Medicaid Preferred Drug List,Molina,Ohio_Molina_Ohio Medicaid Preferred Drug List.pdf,,,,completed
bb46cbf7-a823-497b-b3e6-7dbce20ffab1,2daf1ac0-7229-41f6-94b8-cf49449dd810,93d585d6-a604-4766-b140-2aa31784d2d6,cefixime,Ohio,Covered,Non-Preferred,,No,No,No,0.95,https://dam.assets.ohio.gov/image/upload/medicaid.ohio.gov/PHM/unified-pdl/20251001_UPDL_v1_approved.pdf,Ohio Medicaid Preferred Drug List,Molina,Ohio_Molina_Ohio Medicaid Preferred Drug List.pdf,,,,completed
010fe4fb-76f6-4871-8466-993351e5ba0c,2daf1ac0-7229-41f6-94b8-cf49449dd810,93d585d6-a604-4766-b140-2aa31784d2d6,cefixime susp,Ohio,Covered,Non-Preferred,['PA'],Yes,No,No,0.95,https://dam.assets.ohio.gov/image/upload/medicaid.ohio.gov/PHM/unified-pdl/20251001_UPDL_v1_approved.pdf,Ohio Medicaid Preferred Drug List,Molina,Ohio_Molina_Ohio Medicaid Preferred Drug List.pdf,,,,completed
1348fd27-36f6-4ca9-8188-ad6b2338d91c,2daf1ac0-7229-41f6-94b8-cf49449dd810,93d585d6-a604-4766-b140-2aa31784d2d6,cefadroxil,Ohio,Covered,Preferred,,No,No,No,0.95,https://dam.assets.ohio.gov/image/upload/medicaid.ohio.gov/PHM/unified-pdl/20251001_UPDL_v1_approved.pdf,Ohio Medicaid Preferred Drug List,Molina,Ohio_Molina_Ohio Medicaid Preferred Drug List.pdf,,,,completed
b41cb511-5e28-4d78-b69e-e23f372b2ada,2daf1ac0-7229-41f6-94b8-cf49449dd810,93d585d6-a604-4766-b140-2aa31784d2d6,cefpodoxime,Ohio,Covered,Non-Preferred,,No,No,No,0.95,https://dam.assets.ohio.gov/image/upload/medicaid.ohio.gov/PHM/unified-pdl/20251001_UPDL_v1_approved.pdf,Ohio Medicaid Preferred Drug List,Molina,Ohio_Molina_Ohio Medicaid Preferred Drug List.pdf,,,,completed
2715983e-2608-478c-bb68-8bf05593ad42,2daf1ac0-7229-41f6-94b8-cf49449dd810,93d585d6-a604-4766-b140-2aa31784d2d6,cefdinir,Ohio,Covered,Preferred,,No,No,No,0.95,https://dam.assets.ohio.gov/image/upload/medicaid.ohio.gov/PHM/unified-pdl/20251001_UPDL_v1_approved.pdf,Ohio Medicaid Preferred Drug List,Molina,Ohio_Molina_Ohio Medicaid Preferred Drug List.pdf,,,,completed
1e469a6a-40d7-4773-b112-3415dcdb933c,2daf1ac0-7229-41f6-94b8-cf49449dd810,93d585d6-a604-4766-b140-2aa31784d2d6,cefprozil,Ohio,Covered,Preferred,,No,No,No,0.95,https://dam.assets.ohio.gov/image/upload/medicaid.ohio.gov/PHM/unified-pdl/20251001_UPDL_v1_approved.pdf,Ohio Medicaid Preferred Drug List,Molina,Ohio_Molina_Ohio Medicaid Preferred Drug List.pdf,,,,completed
3668ab48-5e60-4a31-be0e-ae9dae4404db,2daf1ac0-7229-41f6-94b8-cf49449dd810,93d585d6-a604-4766-b140-2aa31784d2d6,cefprozil susp,Ohio,Covered,Preferred,['PA'],Yes,No,No,0.95,https://dam.assets.ohio.gov/image/upload/medicaid.ohio.gov/PHM/unified-pdl/20251001_UPDL_v1_approved.pdf,Ohio Medicaid Preferred Drug List,Molina,Ohio_Molina_Ohio Medicaid Preferred Drug List.pdf,,,,completed
7990703e-0ecb-4b00-9bac-57ebc454a8f8,2daf1ac0-7229-41f6-94b8-cf49449dd810,93d585d6-a604-4766-b140-2aa31784d2d6,cefuroxime,Ohio,Covered,Preferred,,No,No,No,0.95,https://dam.assets.ohio.gov/image/upload/medicaid.ohio.gov/PHM/unified-pdl/20251001_UPDL_v1_approved.pdf,Ohio Medicaid Preferred Drug List,Molina,Ohio_Molina_Ohio Medicaid Preferred Drug List.pdf,,,,completed
072ba0c8-cd21-4a2b-9924-631604a488a5,2daf1ac0-7229-41f6-94b8-cf49449dd810,93d585d6-a604-4766-b140-2aa31784d2d6,"cephalexin cap 250, 500mg",Ohio,Covered,Preferred,,No,No,No,0.95,https://dam.assets.ohio.gov/image/upload/medicaid.ohio.gov/PHM/unified-pdl/20251001_UPDL_v1_approved.pdf,Ohio Medicaid Preferred Drug List,Molina,Ohio_Molina_Ohio Medicaid Preferred Drug List.pdf,,,,completed
530c8a67-36de-419a-b4f8-5ee91c759045,2daf1ac0-7229-41f6-94b8-cf49449dd810,93d585d6-a604-4766-b140-2aa31784d2d6,cephalexin cap 750mg,Ohio,Covered,Non-Preferred,,No,No,No,0.95,https://dam.assets.ohio.gov/image/upload/medicaid.ohio.gov/PHM/unified-pdl/20251001_UPDL_v1_approved.pdf,Ohio Medicaid Preferred Drug List,Molina,Ohio_Molina_Ohio Medicaid Preferred Drug List.pdf,,,,completed
cc8ec17f-0fa5-4f09-8847-7687f395cf87,2daf1ac0-7229-41f6-94b8-cf49449dd810,93d585d6-a604-4766-b140-2aa31784d2d6,cephalexin susp,Ohio,Covered,Preferred,,No,No,No,0.95,https://dam.assets.ohio.gov/image/upload/medicaid.ohio.gov/PHM/unified-pdl/20251001_UPDL_v1_approved.pdf,Ohio Medicaid Preferred Drug List,Molina,Ohio_Molina_Ohio Medicaid Preferred Drug List.pdf,,,,completed
6dc92b5a-132b-4652-98f9-72e6912dd135,2daf1ac0-7229-41f6-94b8-cf49449dd810,93d585d6-a604-4766-b140-2aa31784d2d6,acyclovir,Ohio,Covered,PREFERRED AGENTS,,No,No,No,0.95,https://dam.assets.ohio.gov/image/upload/medicaid.ohio.gov/PHM/unified-pdl/20251001_UPDL_v1_approved.pdf,Ohio Medicaid Preferred Drug List,Molina,Ohio_Molina_Ohio Medicaid Preferred Drug List.pdf,,,,completed
c9739549-7e1d-4965-b521-52898d4d1cba,2daf1ac0-7229-41f6-94b8-cf49449dd810,93d585d6-a604-4766-b140-2aa31784d2d6,valacyclovir,Ohio,Covered,PREFERRED AGENTS,,No,No,No,0.95,https://dam.assets.ohio.gov/image/upload/medicaid.ohio.gov/PHM/unified-pdl/20251001_UPDL_v1_approved.pdf,Ohio Medicaid Preferred Drug List,Molina,Ohio_Molina_Ohio Medicaid Preferred Drug List.pdf,,,,completed
1cb9edcb-10a4-41f4-81bd-743c2315135f,2daf1ac0-7229-41f6-94b8-cf49449dd810,93d585d6-a604-4766-b140-2aa31784d2d6,famciclovir,Ohio,Covered,NON-PREFERRED AGENTS,,No,No,No,0.95,https://dam.assets.ohio.gov/image/upload/medicaid.ohio.gov/PHM/unified-pdl/20251001_UPDL_v1_approved.pdf,Ohio Medicaid Preferred Drug List,Molina,Ohio_Molina_Ohio Medicaid Preferred Drug List.pdf,,,,completed
71b82d0e-e36f-4719-ab5f-85d4e4e9f34d,2daf1ac0-7229-41f6-94b8-cf49449dd810,93d585d6-a604-4766-b140-2aa31784d2d6,SITAVIG,Ohio,Covered,NON-PREFERRED AGENTS,,No,No,No,0.95,https://dam.assets.ohio.gov/image/upload/medicaid.ohio.gov/PHM/unified-pdl/20251001_UPDL_v1_approved.pdf,Ohio Medicaid Preferred Drug List,Molina,Ohio_Molina_Ohio Medicaid Preferred Drug List.pdf,,,,completed
8d160a92-9fec-4e42-9f55-d46979bd3bf9,2daf1ac0-7229-41f6-94b8-cf49449dd810,93d585d6-a604-4766-b140-2aa31784d2d6,MAVYRET,Ohio,Covered,PA,['PA'],Yes,No,No,0.95,https://dam.assets.ohio.gov/image/upload/medicaid.ohio.gov/PHM/unified-pdl/20251001_UPDL_v1_approved.pdf,Ohio Medicaid Preferred Drug List,Molina,Ohio_Molina_Ohio Medicaid Preferred Drug List.pdf,,,,completed
6c88589a-287f-4c0d-bf7b-c03264a4db46,2daf1ac0-7229-41f6-94b8-cf49449dd810,93d585d6-a604-4766-b140-2aa31784d2d6,PEGASYS,Ohio,Covered,PA,['PA'],Yes,No,No,0.95,https://dam.assets.ohio.gov/image/upload/medicaid.ohio.gov/PHM/unified-pdl/20251001_UPDL_v1_approved.pdf,Ohio Medicaid Preferred Drug List,Molina,Ohio_Molina_Ohio Medicaid Preferred Drug List.pdf,,,,completed
c6ce0182-3aff-4a25-96b0-47c27265b256,2daf1ac0-7229-41f6-94b8-cf49449dd810,93d585d6-a604-4766-b140-2aa31784d2d6,ribavirin,Ohio,Covered,PA,['PA'],Yes,No,No,0.95,https://dam.assets.ohio.gov/image/upload/medicaid.ohio.gov/PHM/unified-pdl/20251001_UPDL_v1_approved.pdf,Ohio Medicaid Preferred Drug List,Molina,Ohio_Molina_Ohio Medicaid Preferred Drug List.pdf,,,,completed
d737077a-9cbc-4fe4-ab5e-f19f5b91de45,2daf1ac0-7229-41f6-94b8-cf49449dd810,93d585d6-a604-4766-b140-2aa31784d2d6,sofosbuvir/velpatasvir,Ohio,Covered,PA,['PA'],Yes,No,No,0.95,https://dam.assets.ohio.gov/image/upload/medicaid.ohio.gov/PHM/unified-pdl/20251001_UPDL_v1_approved.pdf,Ohio Medicaid Preferred Drug List,Molina,Ohio_Molina_Ohio Medicaid Preferred Drug List.pdf,,,,completed
c9d3d832-f30a-4a6f-b606-ebc274b89c69,2daf1ac0-7229-41f6-94b8-cf49449dd810,93d585d6-a604-4766-b140-2aa31784d2d6,HARVONI,Ohio,Covered,NON-PREFERRED AGENTS,,No,No,No,0.95,https://dam.assets.ohio.gov/image/upload/medicaid.ohio.gov/PHM/unified-pdl/20251001_UPDL_v1_approved.pdf,Ohio Medicaid Preferred Drug List,Molina,Ohio_Molina_Ohio Medicaid Preferred Drug List.pdf,,,,completed
4cb3a71f-49dc-4e93-bc38-423d75176ad7,2daf1ac0-7229-41f6-94b8-cf49449dd810,93d585d6-a604-4766-b140-2aa31784d2d6,ledipasvir/sofosbuvir,Ohio,Covered,NON-PREFERRED AGENTS,,No,No,No,0.95,https://dam.assets.ohio.gov/image/upload/medicaid.ohio.gov/PHM/unified-pdl/20251001_UPDL_v1_approved.pdf,Ohio Medicaid Preferred Drug List,Molina,Ohio_Molina_Ohio Medicaid Preferred Drug List.pdf,,,,completed
bebe7ce2-c6e1-458d-a63e-82010133ca82,2daf1ac0-7229-41f6-94b8-cf49449dd810,93d585d6-a604-4766-b140-2aa31784d2d6,SOVALDI,Ohio,Covered,NON-PREFERRED AGENTS,,No,No,No,0.95,https://dam.assets.ohio.gov/image/upload/medicaid.ohio.gov/PHM/unified-pdl/20251001_UPDL_v1_approved.pdf,Ohio Medicaid Preferred Drug List,Molina,Ohio_Molina_Ohio Medicaid Preferred Drug List.pdf,,,,completed
17705992-965b-422a-a7c1-771dc29a8a80,2daf1ac0-7229-41f6-94b8-cf49449dd810,93d585d6-a604-4766-b140-2aa31784d2d6,VOSEVI,Ohio,Covered,NON-PREFERRED AGENTS,,No,No,No,0.95,https://dam.assets.ohio.gov/image/upload/medicaid.ohio.gov/PHM/unified-pdl/20251001_UPDL_v1_approved.pdf,Ohio Medicaid Preferred Drug List,Molina,Ohio_Molina_Ohio Medicaid Preferred Drug List.pdf,,,,completed
cd5e7603-1cd3-4ab5-bd4e-77ccac3deb6a,2daf1ac0-7229-41f6-94b8-cf49449dd810,93d585d6-a604-4766-b140-2aa31784d2d6,ZEPATIER,Ohio,Covered,NON-PREFERRED AGENTS,,No,No,No,0.95,https://dam.assets.ohio.gov/image/upload/medicaid.ohio.gov/PHM/unified-pdl/20251001_UPDL_v1_approved.pdf,Ohio Medicaid Preferred Drug List,Molina,Ohio_Molina_Ohio Medicaid Preferred Drug List.pdf,,,,completed
94dd3bae-bac0-4604-8492-96acfb87436e,2daf1ac0-7229-41f6-94b8-cf49449dd810,93d585d6-a604-4766-b140-2aa31784d2d6,ADBRY,Ohio,Covered,,['PA'],Yes,No,No,0.95,https://dam.assets.ohio.gov/image/upload/medicaid.ohio.gov/PHM/unified-pdl/20251001_UPDL_v1_approved.pdf,Ohio Medicaid Preferred Drug List,Molina,Ohio_Molina_Ohio Medicaid Preferred Drug List.pdf,,,,completed
2fb16886-7e20-4239-8c35-f1714f67d3a4,2daf1ac0-7229-41f6-94b8-cf49449dd810,93d585d6-a604-4766-b140-2aa31784d2d6,DUPIXENT,Ohio,Covered,,['PA'],Yes,No,No,0.95,https://dam.assets.ohio.gov/image/upload/medicaid.ohio.gov/PHM/unified-pdl/20251001_UPDL_v1_approved.pdf,Ohio Medicaid Preferred Drug List,Molina,Ohio_Molina_Ohio Medicaid Preferred Drug List.pdf,,,,completed
959c9296-b989-46b4-82f6-b1c2e733ed54,2daf1ac0-7229-41f6-94b8-cf49449dd810,93d585d6-a604-4766-b140-2aa31784d2d6,EBGLYSS,Ohio,Covered,,['PA'],Yes,No,No,0.95,https://dam.assets.ohio.gov/image/upload/medicaid.ohio.gov/PHM/unified-pdl/20251001_UPDL_v1_approved.pdf,Ohio Medicaid Preferred Drug List,Molina,Ohio_Molina_Ohio Medicaid Preferred Drug List.pdf,,,,completed
a8ae9fd7-241a-434e-b916-a7349f530a44,2daf1ac0-7229-41f6-94b8-cf49449dd810,93d585d6-a604-4766-b140-2aa31784d2d6,KINERET,Ohio,Covered,,['PA'],Yes,No,No,0.95,https://dam.assets.ohio.gov/image/upload/medicaid.ohio.gov/PHM/unified-pdl/20251001_UPDL_v1_approved.pdf,Ohio Medicaid Preferred Drug List,Molina,Ohio_Molina_Ohio Medicaid Preferred Drug List.pdf,,,,completed
4cdb3a73-e335-42d2-9c66-763788c42f8a,2daf1ac0-7229-41f6-94b8-cf49449dd810,93d585d6-a604-4766-b140-2aa31784d2d6,PYZCHIVA,Ohio,Covered,,"['BvG', 'PA']",Yes,No,No,0.95,https://dam.assets.ohio.gov/image/upload/medicaid.ohio.gov/PHM/unified-pdl/20251001_UPDL_v1_approved.pdf,Ohio Medicaid Preferred Drug List,Molina,Ohio_Molina_Ohio Medicaid Preferred Drug List.pdf,,,,completed
6f6e6733-f1ae-4b25-bbbc-c578e2ab3ab4,2daf1ac0-7229-41f6-94b8-cf49449dd810,93d585d6-a604-4766-b140-2aa31784d2d6,SKYRIZI SUBQ,Ohio,Covered,,['PA'],Yes,No,No,0.95,https://dam.assets.ohio.gov/image/upload/medicaid.ohio.gov/PHM/unified-pdl/20251001_UPDL_v1_approved.pdf,Ohio Medicaid Preferred Drug List,Molina,Ohio_Molina_Ohio Medicaid Preferred Drug List.pdf,,,,completed
103ea2fa-53f3-496e-ad2d-2e648503d4d7,2daf1ac0-7229-41f6-94b8-cf49449dd810,93d585d6-a604-4766-b140-2aa31784d2d6,TALTZ,Ohio,Covered,,"['PA', 'ST']",Yes,Yes,No,0.95,https://dam.assets.ohio.gov/image/upload/medicaid.ohio.gov/PHM/unified-pdl/20251001_UPDL_v1_approved.pdf,Ohio Medicaid Preferred Drug List,Molina,Ohio_Molina_Ohio Medicaid Preferred Drug List.pdf,,,,completed
16433172-cb33-4908-88f8-ae5cba52587e,2daf1ac0-7229-41f6-94b8-cf49449dd810,93d585d6-a604-4766-b140-2aa31784d2d6,TREMFYA,Ohio,Covered,,['PA'],Yes,No,No,0.95,https://dam.assets.ohio.gov/image/upload/medicaid.ohio.gov/PHM/unified-pdl/20251001_UPDL_v1_approved.pdf,Ohio Medicaid Preferred Drug List,Molina,Ohio_Molina_Ohio Medicaid Preferred Drug List.pdf,,,,completed
91495cc8-0ec3-4201-9ec4-751186ac4019,2daf1ac0-7229-41f6-94b8-cf49449dd810,93d585d6-a604-4766-b140-2aa31784d2d6,TYENNE,Ohio,Covered,,['PA'],Yes,No,No,0.95,https://dam.assets.ohio.gov/image/upload/medicaid.ohio.gov/PHM/unified-pdl/20251001_UPDL_v1_approved.pdf,Ohio Medicaid Preferred Drug List,Molina,Ohio_Molina_Ohio Medicaid Preferred Drug List.pdf,,,,completed
f4f6be65-c204-4768-a051-3ee9511be173,2daf1ac0-7229-41f6-94b8-cf49449dd810,93d585d6-a604-4766-b140-2aa31784d2d6,RINVOQ,Ohio,Covered,,['PA'],Yes,No,No,0.95,https://dam.assets.ohio.gov/image/upload/medicaid.ohio.gov/PHM/unified-pdl/20251001_UPDL_v1_approved.pdf,Ohio Medicaid Preferred Drug List,Molina,Ohio_Molina_Ohio Medicaid Preferred Drug List.pdf,,,,completed
ff0045f2-1761-4529-99c0-cee4e3c238d6,2daf1ac0-7229-41f6-94b8-cf49449dd810,93d585d6-a604-4766-b140-2aa31784d2d6,XELJANZ,Ohio,Covered,,['PA'],Yes,No,No,0.95,https://dam.assets.ohio.gov/image/upload/medicaid.ohio.gov/PHM/unified-pdl/20251001_UPDL_v1_approved.pdf,Ohio Medicaid Preferred Drug List,Molina,Ohio_Molina_Ohio Medicaid Preferred Drug List.pdf,,,,completed
7fb5a678-b573-4357-86aa-02bc57f5ed00,2daf1ac0-7229-41f6-94b8-cf49449dd810,93d585d6-a604-4766-b140-2aa31784d2d6,adalimumab-adaz,Ohio,Covered,,['PA'],Yes,No,No,0.95,https://dam.assets.ohio.gov/image/upload/medicaid.ohio.gov/PHM/unified-pdl/20251001_UPDL_v1_approved.pdf,Ohio Medicaid Preferred Drug List,Molina,Ohio_Molina_Ohio Medicaid Preferred Drug List.pdf,,,,completed
d9fd85ac-74bb-4af5-b3ad-2647ff01935a,2daf1ac0-7229-41f6-94b8-cf49449dd810,93d585d6-a604-4766-b140-2aa31784d2d6,adalimumab-fkjp,Ohio,Covered,,['PA'],Yes,No,No,0.95,https://dam.assets.ohio.gov/image/upload/medicaid.ohio.gov/PHM/unified-pdl/20251001_UPDL_v1_approved.pdf,Ohio Medicaid Preferred Drug List,Molina,Ohio_Molina_Ohio Medicaid Preferred Drug List.pdf,,,,completed
2fe8bb27-2f79-46dc-93fc-6f22301eca00,2daf1ac0-7229-41f6-94b8-cf49449dd810,93d585d6-a604-4766-b140-2aa31784d2d6,AMJEVITA,Ohio,Covered,,['PA'],Yes,No,No,0.95,https://dam.assets.ohio.gov/image/upload/medicaid.ohio.gov/PHM/unified-pdl/20251001_UPDL_v1_approved.pdf,Ohio Medicaid Preferred Drug List,Molina,Ohio_Molina_Ohio Medicaid Preferred Drug List.pdf,,,,completed
cc36c6b7-ca9a-4f01-b775-0738145914c2,2daf1ac0-7229-41f6-94b8-cf49449dd810,93d585d6-a604-4766-b140-2aa31784d2d6,ENBREL,Ohio,Covered,,['PA'],Yes,No,No,0.95,https://dam.assets.ohio.gov/image/upload/medicaid.ohio.gov/PHM/unified-pdl/20251001_UPDL_v1_approved.pdf,Ohio Medicaid Preferred Drug List,Molina,Ohio_Molina_Ohio Medicaid Preferred Drug List.pdf,,,,completed
f78cb352-7cf2-4f16-9e50-b91222fb2c95,2daf1ac0-7229-41f6-94b8-cf49449dd810,93d585d6-a604-4766-b140-2aa31784d2d6,HUMIRA,Ohio,Covered,,['PA'],Yes,No,No,0.95,https://dam.assets.ohio.gov/image/upload/medicaid.ohio.gov/PHM/unified-pdl/20251001_UPDL_v1_approved.pdf,Ohio Medicaid Preferred Drug List,Molina,Ohio_Molina_Ohio Medicaid Preferred Drug List.pdf,,,,completed
c0c836d7-45a7-4844-9611-a0c285a7f6f7,2daf1ac0-7229-41f6-94b8-cf49449dd810,93d585d6-a604-4766-b140-2aa31784d2d6,infliximab,Ohio,Covered,,['PA'],Yes,No,No,0.95,https://dam.assets.ohio.gov/image/upload/medicaid.ohio.gov/PHM/unified-pdl/20251001_UPDL_v1_approved.pdf,Ohio Medicaid Preferred Drug List,Molina,Ohio_Molina_Ohio Medicaid Preferred Drug List.pdf,,,,completed
420759c2-acb9-41e5-8708-5109ac84fc15,2daf1ac0-7229-41f6-94b8-cf49449dd810,93d585d6-a604-4766-b140-2aa31784d2d6,SIMLANDI,Ohio,Covered,,"['BvG', 'PA']",Yes,No,No,0.95,https://dam.assets.ohio.gov/image/upload/medicaid.ohio.gov/PHM/unified-pdl/20251001_UPDL_v1_approved.pdf,Ohio Medicaid Preferred Drug List,Molina,Ohio_Molina_Ohio Medicaid Preferred Drug List.pdf,,,,completed
b3e4bd66-f190-4a2e-bd7b-5790055d2d14,2daf1ac0-7229-41f6-94b8-cf49449dd810,93d585d6-a604-4766-b140-2aa31784d2d6,RESTASIS TRAYS,Ohio,Covered,BvG,,No,No,No,0.95,https://dam.assets.ohio.gov/image/upload/medicaid.ohio.gov/PHM/unified-pdl/20251001_UPDL_v1_approved.pdf,Ohio Medicaid Preferred Drug List,Molina,Ohio_Molina_Ohio Medicaid Preferred Drug List.pdf,,,,completed
23f8597c-59b9-49ec-aaa7-051ada6ef4bd,2daf1ac0-7229-41f6-94b8-cf49449dd810,93d585d6-a604-4766-b140-2aa31784d2d6,XIIDRA,Ohio,Covered,ST,,No,No,No,0.95,https://dam.assets.ohio.gov/image/upload/medicaid.ohio.gov/PHM/unified-pdl/20251001_UPDL_v1_approved.pdf,Ohio Medicaid Preferred Drug List,Molina,Ohio_Molina_Ohio Medicaid Preferred Drug List.pdf,,,,completed
48813b36-010b-4528-9f2f-b21fc87df806,2daf1ac0-7229-41f6-94b8-cf49449dd810,93d585d6-a604-4766-b140-2aa31784d2d6,CEQUA,Ohio,Covered,,,No,No,No,0.95,https://dam.assets.ohio.gov/image/upload/medicaid.ohio.gov/PHM/unified-pdl/20251001_UPDL_v1_approved.pdf,Ohio Medicaid Preferred Drug List,Molina,Ohio_Molina_Ohio Medicaid Preferred Drug List.pdf,,,,completed
d537d5b4-fd45-46df-b4d0-d867d998849f,2daf1ac0-7229-41f6-94b8-cf49449dd810,93d585d6-a604-4766-b140-2aa31784d2d6,cyclosporine,Ohio,Covered,,,No,No,No,0.95,https://dam.assets.ohio.gov/image/upload/medicaid.ohio.gov/PHM/unified-pdl/20251001_UPDL_v1_approved.pdf,Ohio Medicaid Preferred Drug List,Molina,Ohio_Molina_Ohio Medicaid Preferred Drug List.pdf,,,,completed
a59cb3bc-cc9c-4cae-ae78-e3545242d1ef,2daf1ac0-7229-41f6-94b8-cf49449dd810,93d585d6-a604-4766-b140-2aa31784d2d6,EYSUVIS,Ohio,Covered,,,No,No,No,0.95,https://dam.assets.ohio.gov/image/upload/medicaid.ohio.gov/PHM/unified-pdl/20251001_UPDL_v1_approved.pdf,Ohio Medicaid Preferred Drug List,Molina,Ohio_Molina_Ohio Medicaid Preferred Drug List.pdf,,,,completed
b0c073d6-80fd-4bc9-b32f-a2495877365f,2daf1ac0-7229-41f6-94b8-cf49449dd810,93d585d6-a604-4766-b140-2aa31784d2d6,MIEBO,Ohio,Covered,,,No,No,No,0.95,https://dam.assets.ohio.gov/image/upload/medicaid.ohio.gov/PHM/unified-pdl/20251001_UPDL_v1_approved.pdf,Ohio Medicaid Preferred Drug List,Molina,Ohio_Molina_Ohio Medicaid Preferred Drug List.pdf,,,,completed
9f5baf0e-0d66-49ce-996a-d63362858ead,2daf1ac0-7229-41f6-94b8-cf49449dd810,93d585d6-a604-4766-b140-2aa31784d2d6,RESTASIS MULTI-DOSE,Ohio,Covered,,,No,No,No,0.95,https://dam.assets.ohio.gov/image/upload/medicaid.ohio.gov/PHM/unified-pdl/20251001_UPDL_v1_approved.pdf,Ohio Medicaid Preferred Drug List,Molina,Ohio_Molina_Ohio Medicaid Preferred Drug List.pdf,,,,completed
c13e1def-ddaf-494b-87d4-eb435ea01389,2daf1ac0-7229-41f6-94b8-cf49449dd810,93d585d6-a604-4766-b140-2aa31784d2d6,TYRVAYA,Ohio,Covered,,,No,No,No,0.95,https://dam.assets.ohio.gov/image/upload/medicaid.ohio.gov/PHM/unified-pdl/20251001_UPDL_v1_approved.pdf,Ohio Medicaid Preferred Drug List,Molina,Ohio_Molina_Ohio Medicaid Preferred Drug List.pdf,,,,completed
ac023d4a-7927-4a87-aa30-f40a3348982e,2daf1ac0-7229-41f6-94b8-cf49449dd810,93d585d6-a604-4766-b140-2aa31784d2d6,VEVYE,Ohio,Covered,,,No,No,No,0.95,https://dam.assets.ohio.gov/image/upload/medicaid.ohio.gov/PHM/unified-pdl/20251001_UPDL_v1_approved.pdf,Ohio Medicaid Preferred Drug List,Molina,Ohio_Molina_Ohio Medicaid Preferred Drug List.pdf,,,,completed
edeb5369-23e2-4b4b-8f1e-6ba464e5e166,2daf1ac0-7229-41f6-94b8-cf49449dd810,93d585d6-a604-4766-b140-2aa31784d2d6,clotrimazole,Ohio,Covered,PREFERRED AGENTS,,No,No,No,0.95,https://dam.assets.ohio.gov/image/upload/medicaid.ohio.gov/PHM/unified-pdl/20251001_UPDL_v1_approved.pdf,Ohio Medicaid Preferred Drug List,Molina,Ohio_Molina_Ohio Medicaid Preferred Drug List.pdf,,,,completed
012a3c4d-c08a-41f8-acc9-3e0a65a548d9,2daf1ac0-7229-41f6-94b8-cf49449dd810,93d585d6-a604-4766-b140-2aa31784d2d6,fluconazole,Ohio,Covered,PREFERRED AGENTS,,No,No,No,0.95,https://dam.assets.ohio.gov/image/upload/medicaid.ohio.gov/PHM/unified-pdl/20251001_UPDL_v1_approved.pdf,Ohio Medicaid Preferred Drug List,Molina,Ohio_Molina_Ohio Medicaid Preferred Drug List.pdf,,,,completed
8c6951e3-3b3d-4f77-ab61-eefd144c81f6,2daf1ac0-7229-41f6-94b8-cf49449dd810,93d585d6-a604-4766-b140-2aa31784d2d6,griseofulvin,Ohio,Covered,PREFERRED AGENTS,,No,No,No,0.95,https://dam.assets.ohio.gov/image/upload/medicaid.ohio.gov/PHM/unified-pdl/20251001_UPDL_v1_approved.pdf,Ohio Medicaid Preferred Drug List,Molina,Ohio_Molina_Ohio Medicaid Preferred Drug List.pdf,,,,completed
ddcd867e-399a-4027-8272-7953151fc52f,2daf1ac0-7229-41f6-94b8-cf49449dd810,93d585d6-a604-4766-b140-2aa31784d2d6,itraconazole,Ohio,Covered,PREFERRED AGENTS,,No,No,No,0.95,https://dam.assets.ohio.gov/image/upload/medicaid.ohio.gov/PHM/unified-pdl/20251001_UPDL_v1_approved.pdf,Ohio Medicaid Preferred Drug List,Molina,Ohio_Molina_Ohio Medicaid Preferred Drug List.pdf,,,,completed
f78761da-bd44-48e7-bdd5-c8f8afb0c739,2daf1ac0-7229-41f6-94b8-cf49449dd810,93d585d6-a604-4766-b140-2aa31784d2d6,ketoconazole,Ohio,Covered,PREFERRED AGENTS,,No,No,No,0.95,https://dam.assets.ohio.gov/image/upload/medicaid.ohio.gov/PHM/unified-pdl/20251001_UPDL_v1_approved.pdf,Ohio Medicaid Preferred Drug List,Molina,Ohio_Molina_Ohio Medicaid Preferred Drug List.pdf,,,,completed
0795fdcf-515f-41fb-bd13-3b5557adb2e2,2daf1ac0-7229-41f6-94b8-cf49449dd810,93d585d6-a604-4766-b140-2aa31784d2d6,nystatin,Ohio,Covered,PREFERRED AGENTS,,No,No,No,0.95,https://dam.assets.ohio.gov/image/upload/medicaid.ohio.gov/PHM/unified-pdl/20251001_UPDL_v1_approved.pdf,Ohio Medicaid Preferred Drug List,Molina,Ohio_Molina_Ohio Medicaid Preferred Drug List.pdf,,,,completed
39030ba4-a56f-4625-aa04-e6aefb666637,2daf1ac0-7229-41f6-94b8-cf49449dd810,93d585d6-a604-4766-b140-2aa31784d2d6,terbinafine,Ohio,Covered,PREFERRED AGENTS,,No,No,No,0.95,https://dam.assets.ohio.gov/image/upload/medicaid.ohio.gov/PHM/unified-pdl/20251001_UPDL_v1_approved.pdf,Ohio Medicaid Preferred Drug List,Molina,Ohio_Molina_Ohio Medicaid Preferred Drug List.pdf,,,,completed
2ded80a2-c6eb-492b-b373-801f22a69a5a,2daf1ac0-7229-41f6-94b8-cf49449dd810,93d585d6-a604-4766-b140-2aa31784d2d6,voriconazole susp,Ohio,Covered,PREFERRED AGENTS,['AR'],No,No,No,0.95,https://dam.assets.ohio.gov/image/upload/medicaid.ohio.gov/PHM/unified-pdl/20251001_UPDL_v1_approved.pdf,Ohio Medicaid Preferred Drug List,Molina,Ohio_Molina_Ohio Medicaid Preferred Drug List.pdf,,,,completed
d6889396-cb8e-4672-aaf0-da6004346783,2daf1ac0-7229-41f6-94b8-cf49449dd810,93d585d6-a604-4766-b140-2aa31784d2d6,voriconazole,Ohio,Covered,PREFERRED AGENTS,['AR'],No,No,No,0.95,https://dam.assets.ohio.gov/image/upload/medicaid.ohio.gov/PHM/unified-pdl/20251001_UPDL_v1_approved.pdf,Ohio Medicaid Preferred Drug List,Molina,Ohio_Molina_Ohio Medicaid Preferred Drug List.pdf,,,,completed
0bac5687-f802-4e69-8001-8dbe9ad3298b,2daf1ac0-7229-41f6-94b8-cf49449dd810,93d585d6-a604-4766-b140-2aa31784d2d6,BREXAFEMME,Ohio,Covered,NON-PREFERRED AGENTS,,No,No,No,0.95,https://dam.assets.ohio.gov/image/upload/medicaid.ohio.gov/PHM/unified-pdl/20251001_UPDL_v1_approved.pdf,Ohio Medicaid Preferred Drug List,Molina,Ohio_Molina_Ohio Medicaid Preferred Drug List.pdf,,,,completed
9bfc2b9f-80e7-4bea-9aad-13af2da508c0,2daf1ac0-7229-41f6-94b8-cf49449dd810,93d585d6-a604-4766-b140-2aa31784d2d6,CRESEMBA,Ohio,Covered,NON-PREFERRED AGENTS,,No,No,No,0.95,https://dam.assets.ohio.gov/image/upload/medicaid.ohio.gov/PHM/unified-pdl/20251001_UPDL_v1_approved.pdf,Ohio Medicaid Preferred Drug List,Molina,Ohio_Molina_Ohio Medicaid Preferred Drug List.pdf,,,,completed
2ee5a9cd-d7f3-4ba8-a3ad-1d9930d83b50,2daf1ac0-7229-41f6-94b8-cf49449dd810,93d585d6-a604-4766-b140-2aa31784d2d6,flucytosine,Ohio,Covered,NON-PREFERRED AGENTS,,No,No,No,0.95,https://dam.assets.ohio.gov/image/upload/medicaid.ohio.gov/PHM/unified-pdl/20251001_UPDL_v1_approved.pdf,Ohio Medicaid Preferred Drug List,Molina,Ohio_Molina_Ohio Medicaid Preferred Drug List.pdf,,,,completed
c6903e7e-8b7c-4555-aba6-1fb593a24a41,2daf1ac0-7229-41f6-94b8-cf49449dd810,93d585d6-a604-4766-b140-2aa31784d2d6,itraconazole soln,Ohio,Covered,NON-PREFERRED AGENTS,,No,No,No,0.95,https://dam.assets.ohio.gov/image/upload/medicaid.ohio.gov/PHM/unified-pdl/20251001_UPDL_v1_approved.pdf,Ohio Medicaid Preferred Drug List,Molina,Ohio_Molina_Ohio Medicaid Preferred Drug List.pdf,,,,completed
82b53a64-b42f-40ab-b60c-ad3ce7a6cc4d,2daf1ac0-7229-41f6-94b8-cf49449dd810,93d585d6-a604-4766-b140-2aa31784d2d6,NOXAFIL,Ohio,Covered,NON-PREFERRED AGENTS,,No,No,No,0.95,https://dam.assets.ohio.gov/image/upload/medicaid.ohio.gov/PHM/unified-pdl/20251001_UPDL_v1_approved.pdf,Ohio Medicaid Preferred Drug List,Molina,Ohio_Molina_Ohio Medicaid Preferred Drug List.pdf,,,,completed
35e8ae6d-368e-412a-a833-886db22b7bf5,2daf1ac0-7229-41f6-94b8-cf49449dd810,93d585d6-a604-4766-b140-2aa31784d2d6,ORAVIG,Ohio,Covered,NON-PREFERRED AGENTS,,No,No,No,0.95,https://dam.assets.ohio.gov/image/upload/medicaid.ohio.gov/PHM/unified-pdl/20251001_UPDL_v1_approved.pdf,Ohio Medicaid Preferred Drug List,Molina,Ohio_Molina_Ohio Medicaid Preferred Drug List.pdf,,,,completed
15d657aa-54c6-422d-949f-2af8def7d2a3,2daf1ac0-7229-41f6-94b8-cf49449dd810,93d585d6-a604-4766-b140-2aa31784d2d6,posaconazole,Ohio,Covered,NON-PREFERRED AGENTS,,No,No,No,0.95,https://dam.assets.ohio.gov/image/upload/medicaid.ohio.gov/PHM/unified-pdl/20251001_UPDL_v1_approved.pdf,Ohio Medicaid Preferred Drug List,Molina,Ohio_Molina_Ohio Medicaid Preferred Drug List.pdf,,,,completed
05260c17-f53c-473f-ad78-57e3dc744719,2daf1ac0-7229-41f6-94b8-cf49449dd810,93d585d6-a604-4766-b140-2aa31784d2d6,TOLSURA,Ohio,Covered,NON-PREFERRED AGENTS,,No,No,No,0.95,https://dam.assets.ohio.gov/image/upload/medicaid.ohio.gov/PHM/unified-pdl/20251001_UPDL_v1_approved.pdf,Ohio Medicaid Preferred Drug List,Molina,Ohio_Molina_Ohio Medicaid Preferred Drug List.pdf,,,,completed
daa4b2db-0013-43ae-92b4-e7582deb5685,2daf1ac0-7229-41f6-94b8-cf49449dd810,93d585d6-a604-4766-b140-2aa31784d2d6,VIVJOA,Ohio,Covered,NON-PREFERRED AGENTS,,No,No,No,0.95,https://dam.assets.ohio.gov/image/upload/medicaid.ohio.gov/PHM/unified-pdl/20251001_UPDL_v1_approved.pdf,Ohio Medicaid Preferred Drug List,Molina,Ohio_Molina_Ohio Medicaid Preferred Drug List.pdf,,,,completed
e3df4a0f-29df-4fc9-b6fa-506090b1049e,2daf1ac0-7229-41f6-94b8-cf49449dd810,93d585d6-a604-4766-b140-2aa31784d2d6,abacavir/lamivudine,Ohio,Covered,CIMDUO,,No,No,No,0.95,https://dam.assets.ohio.gov/image/upload/medicaid.ohio.gov/PHM/unified-pdl/20251001_UPDL_v1_approved.pdf,Ohio Medicaid Preferred Drug List,Molina,Ohio_Molina_Ohio Medicaid Preferred Drug List.pdf,,,,completed
5f20fb49-ad00-4dc5-bc29-2286488301e6,2daf1ac0-7229-41f6-94b8-cf49449dd810,93d585d6-a604-4766-b140-2aa31784d2d6,BIKTARVY,Ohio,Covered,emtricitabine/rilpivirine/tenofovir,,No,No,No,0.95,https://dam.assets.ohio.gov/image/upload/medicaid.ohio.gov/PHM/unified-pdl/20251001_UPDL_v1_approved.pdf,Ohio Medicaid Preferred Drug List,Molina,Ohio_Molina_Ohio Medicaid Preferred Drug List.pdf,,,,completed
e573c584-b7a4-4b5e-beae-503665d3c109,2daf1ac0-7229-41f6-94b8-cf49449dd810,93d585d6-a604-4766-b140-2aa31784d2d6,CABENUVA,Ohio,Covered,lamivudine/zidovudine,,No,No,No,0.95,https://dam.assets.ohio.gov/image/upload/medicaid.ohio.gov/PHM/unified-pdl/20251001_UPDL_v1_approved.pdf,Ohio Medicaid Preferred Drug List,Molina,Ohio_Molina_Ohio Medicaid Preferred Drug List.pdf,,,,completed
6f14a02f-f3a5-4f45-879f-46d0cfa7eca1,2daf1ac0-7229-41f6-94b8-cf49449dd810,93d585d6-a604-4766-b140-2aa31784d2d6,COMPLERA,Ohio,Covered,STRIBILD,['BvG'],No,No,No,0.95,https://dam.assets.ohio.gov/image/upload/medicaid.ohio.gov/PHM/unified-pdl/20251001_UPDL_v1_approved.pdf,Ohio Medicaid Preferred Drug List,Molina,Ohio_Molina_Ohio Medicaid Preferred Drug List.pdf,,,,completed
76428684-e4fe-4828-a2db-f2e9a147e630,2daf1ac0-7229-41f6-94b8-cf49449dd810,93d585d6-a604-4766-b140-2aa31784d2d6,DELSTRIGO,Ohio,Covered,SYMFI,['BvG'],No,No,No,0.95,https://dam.assets.ohio.gov/image/upload/medicaid.ohio.gov/PHM/unified-pdl/20251001_UPDL_v1_approved.pdf,Ohio Medicaid Preferred Drug List,Molina,Ohio_Molina_Ohio Medicaid Preferred Drug List.pdf,,,,completed
c187655d-f933-4cec-98f1-16b302a61e58,2daf1ac0-7229-41f6-94b8-cf49449dd810,93d585d6-a604-4766-b140-2aa31784d2d6,DESCOVY,Ohio,Covered,SYMFI LO,['BvG'],No,No,No,0.95,https://dam.assets.ohio.gov/image/upload/medicaid.ohio.gov/PHM/unified-pdl/20251001_UPDL_v1_approved.pdf,Ohio Medicaid Preferred Drug List,Molina,Ohio_Molina_Ohio Medicaid Preferred Drug List.pdf,,,,completed
36cb71e3-872c-4a5a-b73c-9216e84dcfb6,2daf1ac0-7229-41f6-94b8-cf49449dd810,93d585d6-a604-4766-b140-2aa31784d2d6,DOVATO,Ohio,Covered,,,No,No,No,0.95,https://dam.assets.ohio.gov/image/upload/medicaid.ohio.gov/PHM/unified-pdl/20251001_UPDL_v1_approved.pdf,Ohio Medicaid Preferred Drug List,Molina,Ohio_Molina_Ohio Medicaid Preferred Drug List.pdf,,,,completed
53869eb2-f907-473b-92fe-b1e1f7db6b87,2daf1ac0-7229-41f6-94b8-cf49449dd810,93d585d6-a604-4766-b140-2aa31784d2d6,efavirenz/emtricitabine/tenofovir,Ohio,Covered,,,No,No,No,0.95,https://dam.assets.ohio.gov/image/upload/medicaid.ohio.gov/PHM/unified-pdl/20251001_UPDL_v1_approved.pdf,Ohio Medicaid Preferred Drug List,Molina,Ohio_Molina_Ohio Medicaid Preferred Drug List.pdf,,,,completed
1e7cda75-6cd2-40ca-a4f6-c8bbf1980e50,2daf1ac0-7229-41f6-94b8-cf49449dd810,93d585d6-a604-4766-b140-2aa31784d2d6,emtricitabine/tenofovir dis,Ohio,Covered,,,No,No,No,0.95,https://dam.assets.ohio.gov/image/upload/medicaid.ohio.gov/PHM/unified-pdl/20251001_UPDL_v1_approved.pdf,Ohio Medicaid Preferred Drug List,Molina,Ohio_Molina_Ohio Medicaid Preferred Drug List.pdf,,,,completed
fdc2a615-2189-4850-8864-7c5cb11ab246,2daf1ac0-7229-41f6-94b8-cf49449dd810,93d585d6-a604-4766-b140-2aa31784d2d6,GENVOYA,Ohio,Covered,,,No,No,No,0.95,https://dam.assets.ohio.gov/image/upload/medicaid.ohio.gov/PHM/unified-pdl/20251001_UPDL_v1_approved.pdf,Ohio Medicaid Preferred Drug List,Molina,Ohio_Molina_Ohio Medicaid Preferred Drug List.pdf,,,,completed
5edf2631-62d2-4211-90d1-9bcae2904285,2daf1ac0-7229-41f6-94b8-cf49449dd810,93d585d6-a604-4766-b140-2aa31784d2d6,JULUCA,Ohio,Covered,,,No,No,No,0.95,https://dam.assets.ohio.gov/image/upload/medicaid.ohio.gov/PHM/unified-pdl/20251001_UPDL_v1_approved.pdf,Ohio Medicaid Preferred Drug List,Molina,Ohio_Molina_Ohio Medicaid Preferred Drug List.pdf,,,,completed
8f3982bb-5512-45e8-b34b-ef7d6cae3b0f,2daf1ac0-7229-41f6-94b8-cf49449dd810,93d585d6-a604-4766-b140-2aa31784d2d6,lopinavir/ritonavir,Ohio,Covered,,,No,No,No,0.95,https://dam.assets.ohio.gov/image/upload/medicaid.ohio.gov/PHM/unified-pdl/20251001_UPDL_v1_approved.pdf,Ohio Medicaid Preferred Drug List,Molina,Ohio_Molina_Ohio Medicaid Preferred Drug List.pdf,,,,completed
5888b255-cfee-4830-b26a-3f44cd415b44,2daf1ac0-7229-41f6-94b8-cf49449dd810,93d585d6-a604-4766-b140-2aa31784d2d6,ODEFSEY,Ohio,Covered,,,No,No,No,0.95,https://dam.assets.ohio.gov/image/upload/medicaid.ohio.gov/PHM/unified-pdl/20251001_UPDL_v1_approved.pdf,Ohio Medicaid Preferred Drug List,Molina,Ohio_Molina_Ohio Medicaid Preferred Drug List.pdf,,,,completed
f9354228-e371-4764-961f-87824328acb4,2daf1ac0-7229-41f6-94b8-cf49449dd810,93d585d6-a604-4766-b140-2aa31784d2d6,SYMTUZA,Ohio,Covered,,,No,No,No,0.95,https://dam.assets.ohio.gov/image/upload/medicaid.ohio.gov/PHM/unified-pdl/20251001_UPDL_v1_approved.pdf,Ohio Medicaid Preferred Drug List,Molina,Ohio_Molina_Ohio Medicaid Preferred Drug List.pdf,,,,completed
9406f6e5-df62-475a-bba8-950d765edc06,2daf1ac0-7229-41f6-94b8-cf49449dd810,93d585d6-a604-4766-b140-2aa31784d2d6,TRIUMEQ,Ohio,Covered,,,No,No,No,0.95,https://dam.assets.ohio.gov/image/upload/medicaid.ohio.gov/PHM/unified-pdl/20251001_UPDL_v1_approved.pdf,Ohio Medicaid Preferred Drug List,Molina,Ohio_Molina_Ohio Medicaid Preferred Drug List.pdf,,,,completed
6c04f655-3852-42a3-a91d-b726b542ccef,2daf1ac0-7229-41f6-94b8-cf49449dd810,93d585d6-a604-4766-b140-2aa31784d2d6,TRIUMEQ,Ohio,Covered,,['PA'],Yes,No,No,0.95,https://dam.assets.ohio.gov/image/upload/medicaid.ohio.gov/PHM/unified-pdl/20251001_UPDL_v1_approved.pdf,Ohio Medicaid Preferred Drug List,Molina,Ohio_Molina_Ohio Medicaid Preferred Drug List.pdf,,,,completed
a3cd3263-c0d0-426c-ab0b-feb9761f90f5,2daf1ac0-7229-41f6-94b8-cf49449dd810,93d585d6-a604-4766-b140-2aa31784d2d6,azelastine,Ohio,Covered,,,No,No,No,0.95,https://dam.assets.ohio.gov/image/upload/medicaid.ohio.gov/PHM/unified-pdl/20251001_UPDL_v1_approved.pdf,Ohio Medicaid Preferred Drug List,Molina,Ohio_Molina_Ohio Medicaid Preferred Drug List.pdf,,,,completed
2ae9166c-04ae-4137-83b5-04d36cdd92e4,2daf1ac0-7229-41f6-94b8-cf49449dd810,93d585d6-a604-4766-b140-2aa31784d2d6,BEPREVE,Ohio,Covered,BvG,,No,No,No,0.95,https://dam.assets.ohio.gov/image/upload/medicaid.ohio.gov/PHM/unified-pdl/20251001_UPDL_v1_approved.pdf,Ohio Medicaid Preferred Drug List,Molina,Ohio_Molina_Ohio Medicaid Preferred Drug List.pdf,,,,completed
d46dbe7b-dca9-4953-a716-3ddde6201f8f,2daf1ac0-7229-41f6-94b8-cf49449dd810,93d585d6-a604-4766-b140-2aa31784d2d6,cromolyn,Ohio,Covered,,,No,No,No,0.95,https://dam.assets.ohio.gov/image/upload/medicaid.ohio.gov/PHM/unified-pdl/20251001_UPDL_v1_approved.pdf,Ohio Medicaid Preferred Drug List,Molina,Ohio_Molina_Ohio Medicaid Preferred Drug List.pdf,,,,completed
33bc4373-5768-4a2d-b732-3d6031acf124,2daf1ac0-7229-41f6-94b8-cf49449dd810,93d585d6-a604-4766-b140-2aa31784d2d6,ketotifen,Ohio,Covered,,,No,No,No,0.95,https://dam.assets.ohio.gov/image/upload/medicaid.ohio.gov/PHM/unified-pdl/20251001_UPDL_v1_approved.pdf,Ohio Medicaid Preferred Drug List,Molina,Ohio_Molina_Ohio Medicaid Preferred Drug List.pdf,,,,completed
58ecf945-5ad2-46b9-8f4d-9e941bbfc608,2daf1ac0-7229-41f6-94b8-cf49449dd810,93d585d6-a604-4766-b140-2aa31784d2d6,olopatadine,Ohio,Covered,,,No,No,No,0.95,https://dam.assets.ohio.gov/image/upload/medicaid.ohio.gov/PHM/unified-pdl/20251001_UPDL_v1_approved.pdf,Ohio Medicaid Preferred Drug List,Molina,Ohio_Molina_Ohio Medicaid Preferred Drug List.pdf,,,,completed
08b80c83-76a6-4a33-aa7a-de82e7854c2c,2daf1ac0-7229-41f6-94b8-cf49449dd810,93d585d6-a604-4766-b140-2aa31784d2d6,bepotastine,Ohio,Covered,,['PA'],Yes,No,No,0.95,https://dam.assets.ohio.gov/image/upload/medicaid.ohio.gov/PHM/unified-pdl/20251001_UPDL_v1_approved.pdf,Ohio Medicaid Preferred Drug List,Molina,Ohio_Molina_Ohio Medicaid Preferred Drug List.pdf,,,,completed
912b476f-ddfe-4d54-8cc5-5ffa61cfc650,2daf1ac0-7229-41f6-94b8-cf49449dd810,93d585d6-a604-4766-b140-2aa31784d2d6,epinastine,Ohio,Covered,,['PA'],Yes,No,No,0.95,https://dam.assets.ohio.gov/image/upload/medicaid.ohio.gov/PHM/unified-pdl/20251001_UPDL_v1_approved.pdf,Ohio Medicaid Preferred Drug List,Molina,Ohio_Molina_Ohio Medicaid Preferred Drug List.pdf,,,,completed
5cbaa152-9f13-4625-9dc7-eb3491af6863,2daf1ac0-7229-41f6-94b8-cf49449dd810,93d585d6-a604-4766-b140-2aa31784d2d6,ZERVIATE,Ohio,Covered,,['PA'],Yes,No,No,0.95,https://dam.assets.ohio.gov/image/upload/medicaid.ohio.gov/PHM/unified-pdl/20251001_UPDL_v1_approved.pdf,Ohio Medicaid Preferred Drug List,Molina,Ohio_Molina_Ohio Medicaid Preferred Drug List.pdf,,,,completed
e8dd9b60-81e5-4446-8c33-b3c685ac4016,2daf1ac0-7229-41f6-94b8-cf49449dd810,93d585d6-a604-4766-b140-2aa31784d2d6,CIPRO,Ohio,Covered,Preferred Agents,,No,No,No,0.95,https://dam.assets.ohio.gov/image/upload/medicaid.ohio.gov/PHM/unified-pdl/20251001_UPDL_v1_approved.pdf,Ohio Medicaid Preferred Drug List,Molina,Ohio_Molina_Ohio Medicaid Preferred Drug List.pdf,,,,completed
9f9e3cf2-111c-4cb8-b736-42abe86adf97,2daf1ac0-7229-41f6-94b8-cf49449dd810,93d585d6-a604-4766-b140-2aa31784d2d6,ciprofloxacin,Ohio,Covered,Non-Preferred Agents,,No,No,No,0.95,https://dam.assets.ohio.gov/image/upload/medicaid.ohio.gov/PHM/unified-pdl/20251001_UPDL_v1_approved.pdf,Ohio Medicaid Preferred Drug List,Molina,Ohio_Molina_Ohio Medicaid Preferred Drug List.pdf,,,,completed
374f1654-e328-4ce7-b2d3-aff3c77a4f7b,2daf1ac0-7229-41f6-94b8-cf49449dd810,93d585d6-a604-4766-b140-2aa31784d2d6,ciprofloxacin/dexamethasone,Ohio,Covered,Preferred Agents,,No,No,No,0.95,https://dam.assets.ohio.gov/image/upload/medicaid.ohio.gov/PHM/unified-pdl/20251001_UPDL_v1_approved.pdf,Ohio Medicaid Preferred Drug List,Molina,Ohio_Molina_Ohio Medicaid Preferred Drug List.pdf,,,,completed
7beef9f0-00fb-4e66-9593-ffd0d3197259,2daf1ac0-7229-41f6-94b8-cf49449dd810,93d585d6-a604-4766-b140-2aa31784d2d6,ciprofloxacin/fluocinolone,Ohio,Covered,Non-Preferred Agents,,No,No,No,0.95,https://dam.assets.ohio.gov/image/upload/medicaid.ohio.gov/PHM/unified-pdl/20251001_UPDL_v1_approved.pdf,Ohio Medicaid Preferred Drug List,Molina,Ohio_Molina_Ohio Medicaid Preferred Drug List.pdf,,,,completed
15ae9f6c-c025-4408-835f-a3853dc395ad,2daf1ac0-7229-41f6-94b8-cf49449dd810,93d585d6-a604-4766-b140-2aa31784d2d6,CORTISPORIN-TC,Ohio,Covered,Preferred Agents,,No,No,No,0.95,https://dam.assets.ohio.gov/image/upload/medicaid.ohio.gov/PHM/unified-pdl/20251001_UPDL_v1_approved.pdf,Ohio Medicaid Preferred Drug List,Molina,Ohio_Molina_Ohio Medicaid Preferred Drug List.pdf,,,,completed
46992006-e64a-47c9-9d76-773639d0a397,2daf1ac0-7229-41f6-94b8-cf49449dd810,93d585d6-a604-4766-b140-2aa31784d2d6,neomycin/poly B/hydrocortisone,Ohio,Covered,Preferred Agents,,No,No,No,0.95,https://dam.assets.ohio.gov/image/upload/medicaid.ohio.gov/PHM/unified-pdl/20251001_UPDL_v1_approved.pdf,Ohio Medicaid Preferred Drug List,Molina,Ohio_Molina_Ohio Medicaid Preferred Drug List.pdf,,,,completed
23620875-2b89-4c05-85cd-d97b9a005288,2daf1ac0-7229-41f6-94b8-cf49449dd810,93d585d6-a604-4766-b140-2aa31784d2d6,ofloxacin,Ohio,Covered,Preferred Agents,,No,No,No,0.95,https://dam.assets.ohio.gov/image/upload/medicaid.ohio.gov/PHM/unified-pdl/20251001_UPDL_v1_approved.pdf,Ohio Medicaid Preferred Drug List,Molina,Ohio_Molina_Ohio Medicaid Preferred Drug List.pdf,,,,completed
488e0164-0dfe-4b3e-bde3-eea3aa3eb9df,2daf1ac0-7229-41f6-94b8-cf49449dd810,93d585d6-a604-4766-b140-2aa31784d2d6,diclofenac,Ohio,Covered,Preferred Agents,,No,No,No,0.95,https://dam.assets.ohio.gov/image/upload/medicaid.ohio.gov/PHM/unified-pdl/20251001_UPDL_v1_approved.pdf,Ohio Medicaid Preferred Drug List,Molina,Ohio_Molina_Ohio Medicaid Preferred Drug List.pdf,,,,completed
47972cdb-a193-4b58-a36b-ab84cf6e1f2e,2daf1ac0-7229-41f6-94b8-cf49449dd810,93d585d6-a604-4766-b140-2aa31784d2d6,ACUVAIL,Ohio,Covered,Non-Preferred Agents,,No,No,No,0.95,https://dam.assets.ohio.gov/image/upload/medicaid.ohio.gov/PHM/unified-pdl/20251001_UPDL_v1_approved.pdf,Ohio Medicaid Preferred Drug List,Molina,Ohio_Molina_Ohio Medicaid Preferred Drug List.pdf,,,,completed
2141035c-a1bb-40b7-8458-183e0b8dc571,2daf1ac0-7229-41f6-94b8-cf49449dd810,93d585d6-a604-4766-b140-2aa31784d2d6,bromfenac,Ohio,Covered,Non-Preferred Agents,,No,No,No,0.95,https://dam.assets.ohio.gov/image/upload/medicaid.ohio.gov/PHM/unified-pdl/20251001_UPDL_v1_approved.pdf,Ohio Medicaid Preferred Drug List,Molina,Ohio_Molina_Ohio Medicaid Preferred Drug List.pdf,,,,completed
173b1cfc-cec4-4d85-8ef6-7c61e0d6c858,2daf1ac0-7229-41f6-94b8-cf49449dd810,93d585d6-a604-4766-b140-2aa31784d2d6,ILEVRO,Ohio,Covered,Non-Preferred Agents,,No,No,No,0.95,https://dam.assets.ohio.gov/image/upload/medicaid.ohio.gov/PHM/unified-pdl/20251001_UPDL_v1_approved.pdf,Ohio Medicaid Preferred Drug List,Molina,Ohio_Molina_Ohio Medicaid Preferred Drug List.pdf,,,,completed
9ce85e8b-3f27-442b-85a3-f3e8e1b6c400,2daf1ac0-7229-41f6-94b8-cf49449dd810,93d585d6-a604-4766-b140-2aa31784d2d6,NEVANAC,Ohio,Covered,Preferred Agents,,No,No,No,0.95,https://dam.assets.ohio.gov/image/upload/medicaid.ohio.gov/PHM/unified-pdl/20251001_UPDL_v1_approved.pdf,Ohio Medicaid Preferred Drug List,Molina,Ohio_Molina_Ohio Medicaid Preferred Drug List.pdf,,,,completed
0fef086a-859e-4627-bc40-f0f735cddaba,2daf1ac0-7229-41f6-94b8-cf49449dd810,93d585d6-a604-4766-b140-2aa31784d2d6,BERINERT,Ohio,Covered,PA,['PA'],Yes,No,No,0.95,https://dam.assets.ohio.gov/image/upload/medicaid.ohio.gov/PHM/unified-pdl/20251001_UPDL_v1_approved.pdf,Ohio Medicaid Preferred Drug List,Molina,Ohio_Molina_Ohio Medicaid Preferred Drug List.pdf,,,,completed
9ea4a0d4-45b4-4e14-b9fc-72b1ab7e645b,2daf1ac0-7229-41f6-94b8-cf49449dd810,93d585d6-a604-4766-b140-2aa31784d2d6,icatibant acetate,Ohio,Covered,PA,['PA'],Yes,No,No,0.95,https://dam.assets.ohio.gov/image/upload/medicaid.ohio.gov/PHM/unified-pdl/20251001_UPDL_v1_approved.pdf,Ohio Medicaid Preferred Drug List,Molina,Ohio_Molina_Ohio Medicaid Preferred Drug List.pdf,,,,completed
0cd1666a-fe3d-4a9c-af12-559c19583922,2daf1ac0-7229-41f6-94b8-cf49449dd810,93d585d6-a604-4766-b140-2aa31784d2d6,TAKHZYRO,Ohio,Covered,PA,['PA'],Yes,No,No,0.95,https://dam.assets.ohio.gov/image/upload/medicaid.ohio.gov/PHM/unified-pdl/20251001_UPDL_v1_approved.pdf,Ohio Medicaid Preferred Drug List,Molina,Ohio_Molina_Ohio Medicaid Preferred Drug List.pdf,,,,completed
a544348b-c691-4fa5-b477-4f4c6b18879b,2daf1ac0-7229-41f6-94b8-cf49449dd810,93d585d6-a604-4766-b140-2aa31784d2d6,ALREX,Ohio,Covered,BvG,,No,No,No,0.95,https://dam.assets.ohio.gov/image/upload/medicaid.ohio.gov/PHM/unified-pdl/20251001_UPDL_v1_approved.pdf,Ohio Medicaid Preferred Drug List,Molina,Ohio_Molina_Ohio Medicaid Preferred Drug List.pdf,,,,completed
8a9e613c-0431-4d8b-a0ef-4e5f622f0fbf,2daf1ac0-7229-41f6-94b8-cf49449dd810,93d585d6-a604-4766-b140-2aa31784d2d6,dexamethasone sodium phosphate,Ohio,Covered,,,No,No,No,0.95,https://dam.assets.ohio.gov/image/upload/medicaid.ohio.gov/PHM/unified-pdl/20251001_UPDL_v1_approved.pdf,Ohio Medicaid Preferred Drug List,Molina,Ohio_Molina_Ohio Medicaid Preferred Drug List.pdf,,,,completed
376ed861-af9e-485a-84b5-7d4868e2c70f,2daf1ac0-7229-41f6-94b8-cf49449dd810,93d585d6-a604-4766-b140-2aa31784d2d6,difluprednate,Ohio,Covered,,,No,No,No,0.95,https://dam.assets.ohio.gov/image/upload/medicaid.ohio.gov/PHM/unified-pdl/20251001_UPDL_v1_approved.pdf,Ohio Medicaid Preferred Drug List,Molina,Ohio_Molina_Ohio Medicaid Preferred Drug List.pdf,,,,completed
1838313b-fa23-49d5-b444-c19d990e2f48,2daf1ac0-7229-41f6-94b8-cf49449dd810,93d585d6-a604-4766-b140-2aa31784d2d6,DUREZOL,Ohio,Covered,,,No,No,No,0.95,https://dam.assets.ohio.gov/image/upload/medicaid.ohio.gov/PHM/unified-pdl/20251001_UPDL_v1_approved.pdf,Ohio Medicaid Preferred Drug List,Molina,Ohio_Molina_Ohio Medicaid Preferred Drug List.pdf,,,,completed
2a110aa1-e7e9-480d-b3de-a438fa6a5eb3,2daf1ac0-7229-41f6-94b8-cf49449dd810,93d585d6-a604-4766-b140-2aa31784d2d6,FLAREX,Ohio,Covered,,,No,No,No,0.95,https://dam.assets.ohio.gov/image/upload/medicaid.ohio.gov/PHM/unified-pdl/20251001_UPDL_v1_approved.pdf,Ohio Medicaid Preferred Drug List,Molina,Ohio_Molina_Ohio Medicaid Preferred Drug List.pdf,,,,completed
a08af4f8-9110-45b3-aacb-c56fc6675ee5,2daf1ac0-7229-41f6-94b8-cf49449dd810,93d585d6-a604-4766-b140-2aa31784d2d6,fluorometholone,Ohio,Covered,,,No,No,No,0.95,https://dam.assets.ohio.gov/image/upload/medicaid.ohio.gov/PHM/unified-pdl/20251001_UPDL_v1_approved.pdf,Ohio Medicaid Preferred Drug List,Molina,Ohio_Molina_Ohio Medicaid Preferred Drug List.pdf,,,,completed
6e3d9d59-ebeb-4abc-b585-5a983fc4bec3,2daf1ac0-7229-41f6-94b8-cf49449dd810,93d585d6-a604-4766-b140-2aa31784d2d6,FML FORTE,Ohio,Covered,,,No,No,No,0.95,https://dam.assets.ohio.gov/image/upload/medicaid.ohio.gov/PHM/unified-pdl/20251001_UPDL_v1_approved.pdf,Ohio Medicaid Preferred Drug List,Molina,Ohio_Molina_Ohio Medicaid Preferred Drug List.pdf,,,,completed
cbd9258f-a44c-4d59-9712-db53161c5815,2daf1ac0-7229-41f6-94b8-cf49449dd810,93d585d6-a604-4766-b140-2aa31784d2d6,LOTEMAX,Ohio,Covered,BvG,,No,No,No,0.95,https://dam.assets.ohio.gov/image/upload/medicaid.ohio.gov/PHM/unified-pdl/20251001_UPDL_v1_approved.pdf,Ohio Medicaid Preferred Drug List,Molina,Ohio_Molina_Ohio Medicaid Preferred Drug List.pdf,,,,completed
59da8ed4-504e-43cd-b921-36e46561165e,2daf1ac0-7229-41f6-94b8-cf49449dd810,93d585d6-a604-4766-b140-2aa31784d2d6,MAXIDEX,Ohio,Covered,,,No,No,No,0.95,https://dam.assets.ohio.gov/image/upload/medicaid.ohio.gov/PHM/unified-pdl/20251001_UPDL_v1_approved.pdf,Ohio Medicaid Preferred Drug List,Molina,Ohio_Molina_Ohio Medicaid Preferred Drug List.pdf,,,,completed
5da1c7b4-eedc-4473-a92b-20e70a1398cb,2daf1ac0-7229-41f6-94b8-cf49449dd810,93d585d6-a604-4766-b140-2aa31784d2d6,PRED FORTE,Ohio,Covered,,,No,No,No,0.95,https://dam.assets.ohio.gov/image/upload/medicaid.ohio.gov/PHM/unified-pdl/20251001_UPDL_v1_approved.pdf,Ohio Medicaid Preferred Drug List,Molina,Ohio_Molina_Ohio Medicaid Preferred Drug List.pdf,,,,completed
974260a0-d9e0-4ad4-8972-06224eeabda4,2daf1ac0-7229-41f6-94b8-cf49449dd810,93d585d6-a604-4766-b140-2aa31784d2d6,PRED MILD,Ohio,Covered,,,No,No,No,0.95,https://dam.assets.ohio.gov/image/upload/medicaid.ohio.gov/PHM/unified-pdl/20251001_UPDL_v1_approved.pdf,Ohio Medicaid Preferred Drug List,Molina,Ohio_Molina_Ohio Medicaid Preferred Drug List.pdf,,,,completed
50735c9a-0361-4e90-9076-59f2656384ec,2daf1ac0-7229-41f6-94b8-cf49449dd810,93d585d6-a604-4766-b140-2aa31784d2d6,prednisolone acetate,Ohio,Covered,,,No,No,No,0.95,https://dam.assets.ohio.gov/image/upload/medicaid.ohio.gov/PHM/unified-pdl/20251001_UPDL_v1_approved.pdf,Ohio Medicaid Preferred Drug List,Molina,Ohio_Molina_Ohio Medicaid Preferred Drug List.pdf,,,,completed
38316b90-df14-4fed-99ad-d1c8109dd422,2daf1ac0-7229-41f6-94b8-cf49449dd810,93d585d6-a604-4766-b140-2aa31784d2d6,prednisolone sodium phosphate,Ohio,Covered,,,No,No,No,0.95,https://dam.assets.ohio.gov/image/upload/medicaid.ohio.gov/PHM/unified-pdl/20251001_UPDL_v1_approved.pdf,Ohio Medicaid Preferred Drug List,Molina,Ohio_Molina_Ohio Medicaid Preferred Drug List.pdf,,,,completed
5c9cea2b-9d18-430e-9b39-5c85cb7c3985,2daf1ac0-7229-41f6-94b8-cf49449dd810,93d585d6-a604-4766-b140-2aa31784d2d6,INVELTYS,Ohio,Covered,,,No,No,No,0.95,https://dam.assets.ohio.gov/image/upload/medicaid.ohio.gov/PHM/unified-pdl/20251001_UPDL_v1_approved.pdf,Ohio Medicaid Preferred Drug List,Molina,Ohio_Molina_Ohio Medicaid Preferred Drug List.pdf,,,,completed
67337bea-9f42-4285-b869-1be52700933d,2daf1ac0-7229-41f6-94b8-cf49449dd810,93d585d6-a604-4766-b140-2aa31784d2d6,LOTEMAX,Ohio,Covered,,,No,No,No,0.95,https://dam.assets.ohio.gov/image/upload/medicaid.ohio.gov/PHM/unified-pdl/20251001_UPDL_v1_approved.pdf,Ohio Medicaid Preferred Drug List,Molina,Ohio_Molina_Ohio Medicaid Preferred Drug List.pdf,,,,completed
c96867fd-0045-4ea0-b8be-c2e584456cdc,2daf1ac0-7229-41f6-94b8-cf49449dd810,93d585d6-a604-4766-b140-2aa31784d2d6,loteprednol,Ohio,Covered,,,No,No,No,0.95,https://dam.assets.ohio.gov/image/upload/medicaid.ohio.gov/PHM/unified-pdl/20251001_UPDL_v1_approved.pdf,Ohio Medicaid Preferred Drug List,Molina,Ohio_Molina_Ohio Medicaid Preferred Drug List.pdf,,,,completed
e8e3e48b-a303-41cd-9991-c1aa911046ab,2daf1ac0-7229-41f6-94b8-cf49449dd810,93d585d6-a604-4766-b140-2aa31784d2d6,ALYFTREK,Ohio,Covered,PA,['PA'],Yes,No,No,0.95,https://dam.assets.ohio.gov/image/upload/medicaid.ohio.gov/PHM/unified-pdl/20251001_UPDL_v1_approved.pdf,Ohio Medicaid Preferred Drug List,Molina,Ohio_Molina_Ohio Medicaid Preferred Drug List.pdf,,,,completed
485b5e47-456f-4a52-9453-7899f413a7c6,2daf1ac0-7229-41f6-94b8-cf49449dd810,93d585d6-a604-4766-b140-2aa31784d2d6,KALYDECO,Ohio,Covered,PA,['PA'],Yes,No,No,0.95,https://dam.assets.ohio.gov/image/upload/medicaid.ohio.gov/PHM/unified-pdl/20251001_UPDL_v1_approved.pdf,Ohio Medicaid Preferred Drug List,Molina,Ohio_Molina_Ohio Medicaid Preferred Drug List.pdf,,,,completed
b36c166c-bf3f-4819-9c4c-3e549e35a2fd,2daf1ac0-7229-41f6-94b8-cf49449dd810,93d585d6-a604-4766-b140-2aa31784d2d6,ORKAMBI,Ohio,Covered,PA,['PA'],Yes,No,No,0.95,https://dam.assets.ohio.gov/image/upload/medicaid.ohio.gov/PHM/unified-pdl/20251001_UPDL_v1_approved.pdf,Ohio Medicaid Preferred Drug List,Molina,Ohio_Molina_Ohio Medicaid Preferred Drug List.pdf,,,,completed
53825b77-a323-447f-8d83-0829820ee0cb,2daf1ac0-7229-41f6-94b8-cf49449dd810,93d585d6-a604-4766-b140-2aa31784d2d6,PULMOZYME,Ohio,Covered,PA,['PA'],Yes,No,No,0.95,https://dam.assets.ohio.gov/image/upload/medicaid.ohio.gov/PHM/unified-pdl/20251001_UPDL_v1_approved.pdf,Ohio Medicaid Preferred Drug List,Molina,Ohio_Molina_Ohio Medicaid Preferred Drug List.pdf,,,,completed
9fbad307-2b57-429f-bf9c-b0d103a625b3,2daf1ac0-7229-41f6-94b8-cf49449dd810,93d585d6-a604-4766-b140-2aa31784d2d6,SYMDEKO,Ohio,Covered,PA,['PA'],Yes,No,No,0.95,https://dam.assets.ohio.gov/image/upload/medicaid.ohio.gov/PHM/unified-pdl/20251001_UPDL_v1_approved.pdf,Ohio Medicaid Preferred Drug List,Molina,Ohio_Molina_Ohio Medicaid Preferred Drug List.pdf,,,,completed
d3466f6b-0e46-48c3-9826-4f9e5e8fee56,2daf1ac0-7229-41f6-94b8-cf49449dd810,93d585d6-a604-4766-b140-2aa31784d2d6,TRIKAFTA,Ohio,Covered,PA,"['PA', 'AR']",Yes,No,No,0.95,https://dam.assets.ohio.gov/image/upload/medicaid.ohio.gov/PHM/unified-pdl/20251001_UPDL_v1_approved.pdf,Ohio Medicaid Preferred Drug List,Molina,Ohio_Molina_Ohio Medicaid Preferred Drug List.pdf,,,,completed
2645a089-4ba3-42e3-9865-2cd8334211f7,2daf1ac0-7229-41f6-94b8-cf49449dd810,93d585d6-a604-4766-b140-2aa31784d2d6,BRONCHITOL,Ohio,Covered,NON-PREFERRED AGENTS,,No,No,No,0.95,https://dam.assets.ohio.gov/image/upload/medicaid.ohio.gov/PHM/unified-pdl/20251001_UPDL_v1_approved.pdf,Ohio Medicaid Preferred Drug List,Molina,Ohio_Molina_Ohio Medicaid Preferred Drug List.pdf,,,,completed
882af731-dfaf-4551-b8b1-e687870599b0,2daf1ac0-7229-41f6-94b8-cf49449dd810,93d585d6-a604-4766-b140-2aa31784d2d6,epinephrine (labeler 49502),Ohio,Covered,PREFERRED AGENTS,,No,No,No,0.95,https://dam.assets.ohio.gov/image/upload/medicaid.ohio.gov/PHM/unified-pdl/20251001_UPDL_v1_approved.pdf,Ohio Medicaid Preferred Drug List,Molina,Ohio_Molina_Ohio Medicaid Preferred Drug List.pdf,,,,completed
0c3651fb-e6f6-4376-890d-fdd9a13540bd,2daf1ac0-7229-41f6-94b8-cf49449dd810,93d585d6-a604-4766-b140-2aa31784d2d6,EPIPEN,Ohio,Covered,PREFERRED AGENTS,,No,No,No,0.95,https://dam.assets.ohio.gov/image/upload/medicaid.ohio.gov/PHM/unified-pdl/20251001_UPDL_v1_approved.pdf,Ohio Medicaid Preferred Drug List,Molina,Ohio_Molina_Ohio Medicaid Preferred Drug List.pdf,,,,completed
7d5b82f3-b1c1-440c-a9f0-84a2d5f1ce4f,2daf1ac0-7229-41f6-94b8-cf49449dd810,93d585d6-a604-4766-b140-2aa31784d2d6,AUVI-Q,Ohio,Covered,NON-PREFERRED AGENTS,,No,No,No,0.95,https://dam.assets.ohio.gov/image/upload/medicaid.ohio.gov/PHM/unified-pdl/20251001_UPDL_v1_approved.pdf,Ohio Medicaid Preferred Drug List,Molina,Ohio_Molina_Ohio Medicaid Preferred Drug List.pdf,,,,completed
dbab123e-2528-48a9-9c98-c09a37a5cc16,2daf1ac0-7229-41f6-94b8-cf49449dd810,93d585d6-a604-4766-b140-2aa31784d2d6,"epinephrine (labeler 00093, 00115)",Ohio,Covered,NON-PREFERRED AGENTS,,No,No,No,0.95,https://dam.assets.ohio.gov/image/upload/medicaid.ohio.gov/PHM/unified-pdl/20251001_UPDL_v1_approved.pdf,Ohio Medicaid Preferred Drug List,Molina,Ohio_Molina_Ohio Medicaid Preferred Drug List.pdf,,,,completed
840316d9-4f41-432c-8360-005e4d4966e5,2daf1ac0-7229-41f6-94b8-cf49449dd810,93d585d6-a604-4766-b140-2aa31784d2d6,NEFFY,Ohio,Covered,NON-PREFERRED AGENTS,,No,No,No,0.95,https://dam.assets.ohio.gov/image/upload/medicaid.ohio.gov/PHM/unified-pdl/20251001_UPDL_v1_approved.pdf,Ohio Medicaid Preferred Drug List,Molina,Ohio_Molina_Ohio Medicaid Preferred Drug List.pdf,,,,completed
3e4492a8-2224-47d3-82d3-84d6639f74b3,2daf1ac0-7229-41f6-94b8-cf49449dd810,93d585d6-a604-4766-b140-2aa31784d2d6,bacitracin-polymyxin,Ohio,Covered,PREFERRED AGENTS,,No,No,No,0.95,https://dam.assets.ohio.gov/image/upload/medicaid.ohio.gov/PHM/unified-pdl/20251001_UPDL_v1_approved.pdf,Ohio Medicaid Preferred Drug List,Molina,Ohio_Molina_Ohio Medicaid Preferred Drug List.pdf,,,,completed
1edbe434-7cee-4220-b514-68bf55174e8e,2daf1ac0-7229-41f6-94b8-cf49449dd810,93d585d6-a604-4766-b140-2aa31784d2d6,CILOXAN,Ohio,Covered,PREFERRED AGENTS,,No,No,No,0.95,https://dam.assets.ohio.gov/image/upload/medicaid.ohio.gov/PHM/unified-pdl/20251001_UPDL_v1_approved.pdf,Ohio Medicaid Preferred Drug List,Molina,Ohio_Molina_Ohio Medicaid Preferred Drug List.pdf,,,,completed
89977a59-1434-4618-af0f-bf310caff48c,2daf1ac0-7229-41f6-94b8-cf49449dd810,93d585d6-a604-4766-b140-2aa31784d2d6,ciprofloxacin,Ohio,Covered,PREFERRED AGENTS,,No,No,No,0.95,https://dam.assets.ohio.gov/image/upload/medicaid.ohio.gov/PHM/unified-pdl/20251001_UPDL_v1_approved.pdf,Ohio Medicaid Preferred Drug List,Molina,Ohio_Molina_Ohio Medicaid Preferred Drug List.pdf,,,,completed
700a0c5f-e9a4-4003-8aa8-7374e3d6b26e,2daf1ac0-7229-41f6-94b8-cf49449dd810,93d585d6-a604-4766-b140-2aa31784d2d6,gentamicin,Ohio,Covered,PREFERRED AGENTS,,No,No,No,0.95,https://dam.assets.ohio.gov/image/upload/medicaid.ohio.gov/PHM/unified-pdl/20251001_UPDL_v1_approved.pdf,Ohio Medicaid Preferred Drug List,Molina,Ohio_Molina_Ohio Medicaid Preferred Drug List.pdf,,,,completed
beff60ea-bf85-4fb6-80cc-d1c905a9988d,2daf1ac0-7229-41f6-94b8-cf49449dd810,93d585d6-a604-4766-b140-2aa31784d2d6,moxifloxacin,Ohio,Covered,PREFERRED AGENTS,,No,No,No,0.95,https://dam.assets.ohio.gov/image/upload/medicaid.ohio.gov/PHM/unified-pdl/20251001_UPDL_v1_approved.pdf,Ohio Medicaid Preferred Drug List,Molina,Ohio_Molina_Ohio Medicaid Preferred Drug List.pdf,,,,completed
ec6fcf9f-e2dc-4f51-a7f0-7047d75abdcf,2daf1ac0-7229-41f6-94b8-cf49449dd810,93d585d6-a604-4766-b140-2aa31784d2d6,neo/poly/bacitracin,Ohio,Covered,PREFERRED AGENTS,,No,No,No,0.95,https://dam.assets.ohio.gov/image/upload/medicaid.ohio.gov/PHM/unified-pdl/20251001_UPDL_v1_approved.pdf,Ohio Medicaid Preferred Drug List,Molina,Ohio_Molina_Ohio Medicaid Preferred Drug List.pdf,,,,completed
0aa2f1ba-49e2-406a-bb64-6c5c5cae0ba0,2daf1ac0-7229-41f6-94b8-cf49449dd810,93d585d6-a604-4766-b140-2aa31784d2d6,neo/poly/bacitracin/hydrocortisone,Ohio,Covered,PREFERRED AGENTS,,No,No,No,0.95,https://dam.assets.ohio.gov/image/upload/medicaid.ohio.gov/PHM/unified-pdl/20251001_UPDL_v1_approved.pdf,Ohio Medicaid Preferred Drug List,Molina,Ohio_Molina_Ohio Medicaid Preferred Drug List.pdf,,,,completed
f94ceda3-f587-4756-a4df-b2e0ae80e9a7,2daf1ac0-7229-41f6-94b8-cf49449dd810,93d585d6-a604-4766-b140-2aa31784d2d6,neo/poly/dexamethasone,Ohio,Covered,PREFERRED AGENTS,,No,No,No,0.95,https://dam.assets.ohio.gov/image/upload/medicaid.ohio.gov/PHM/unified-pdl/20251001_UPDL_v1_approved.pdf,Ohio Medicaid Preferred Drug List,Molina,Ohio_Molina_Ohio Medicaid Preferred Drug List.pdf,,,,completed
4e2dd2f3-2a34-434a-86dd-5464ab2defcd,2daf1ac0-7229-41f6-94b8-cf49449dd810,93d585d6-a604-4766-b140-2aa31784d2d6,neo/poly/gramicidin,Ohio,Covered,PREFERRED AGENTS,,No,No,No,0.95,https://dam.assets.ohio.gov/image/upload/medicaid.ohio.gov/PHM/unified-pdl/20251001_UPDL_v1_approved.pdf,Ohio Medicaid Preferred Drug List,Molina,Ohio_Molina_Ohio Medicaid Preferred Drug List.pdf,,,,completed
27c18956-f245-4b22-a106-02748d6c5907,2daf1ac0-7229-41f6-94b8-cf49449dd810,93d585d6-a604-4766-b140-2aa31784d2d6,ofloxacin,Ohio,Covered,PREFERRED AGENTS,,No,No,No,0.95,https://dam.assets.ohio.gov/image/upload/medicaid.ohio.gov/PHM/unified-pdl/20251001_UPDL_v1_approved.pdf,Ohio Medicaid Preferred Drug List,Molina,Ohio_Molina_Ohio Medicaid Preferred Drug List.pdf,,,,completed
9957bccd-d8e9-42cc-836f-4e5884f45218,2daf1ac0-7229-41f6-94b8-cf49449dd810,93d585d6-a604-4766-b140-2aa31784d2d6,polymyxin/trimethoprim,Ohio,Covered,PREFERRED AGENTS,,No,No,No,0.95,https://dam.assets.ohio.gov/image/upload/medicaid.ohio.gov/PHM/unified-pdl/20251001_UPDL_v1_approved.pdf,Ohio Medicaid Preferred Drug List,Molina,Ohio_Molina_Ohio Medicaid Preferred Drug List.pdf,,,,completed
ea72bf46-a6bf-4cd7-84a7-444878eefd44,2daf1ac0-7229-41f6-94b8-cf49449dd810,93d585d6-a604-4766-b140-2aa31784d2d6,sulfacetamide sodium soln 10%,Ohio,Covered,PREFERRED AGENTS,,No,No,No,0.95,https://dam.assets.ohio.gov/image/upload/medicaid.ohio.gov/PHM/unified-pdl/20251001_UPDL_v1_approved.pdf,Ohio Medicaid Preferred Drug List,Molina,Ohio_Molina_Ohio Medicaid Preferred Drug List.pdf,,,,completed
fffdf50b-f1d1-4b61-8afe-a8e940460f2b,2daf1ac0-7229-41f6-94b8-cf49449dd810,93d585d6-a604-4766-b140-2aa31784d2d6,sulfacetamide/prednisolone,Ohio,Covered,PREFERRED AGENTS,,No,No,No,0.95,https://dam.assets.ohio.gov/image/upload/medicaid.ohio.gov/PHM/unified-pdl/20251001_UPDL_v1_approved.pdf,Ohio Medicaid Preferred Drug List,Molina,Ohio_Molina_Ohio Medicaid Preferred Drug List.pdf,,,,completed
75fafc77-de26-415e-ae65-00fab2451e30,2daf1ac0-7229-41f6-94b8-cf49449dd810,93d585d6-a604-4766-b140-2aa31784d2d6,TOBRADEX OINT,Ohio,Covered,PREFERRED AGENTS,,No,No,No,0.95,https://dam.assets.ohio.gov/image/upload/medicaid.ohio.gov/PHM/unified-pdl/20251001_UPDL_v1_approved.pdf,Ohio Medicaid Preferred Drug List,Molina,Ohio_Molina_Ohio Medicaid Preferred Drug List.pdf,,,,completed
067bfdf5-feb8-431c-a219-aa7e1126eb64,2daf1ac0-7229-41f6-94b8-cf49449dd810,93d585d6-a604-4766-b140-2aa31784d2d6,tobramycin,Ohio,Covered,PREFERRED AGENTS,,No,No,No,0.95,https://dam.assets.ohio.gov/image/upload/medicaid.ohio.gov/PHM/unified-pdl/20251001_UPDL_v1_approved.pdf,Ohio Medicaid Preferred Drug List,Molina,Ohio_Molina_Ohio Medicaid Preferred Drug List.pdf,,,,completed
32f37cd0-7ff9-45f2-8a17-062be128928e,2daf1ac0-7229-41f6-94b8-cf49449dd810,93d585d6-a604-4766-b140-2aa31784d2d6,tobramycin/dexameth 0.3/0.1%,Ohio,Covered,PREFERRED AGENTS,,No,No,No,0.95,https://dam.assets.ohio.gov/image/upload/medicaid.ohio.gov/PHM/unified-pdl/20251001_UPDL_v1_approved.pdf,Ohio Medicaid Preferred Drug List,Molina,Ohio_Molina_Ohio Medicaid Preferred Drug List.pdf,,,,completed
bf84d611-a300-4a97-b134-24c0a5b6313c,2daf1ac0-7229-41f6-94b8-cf49449dd810,93d585d6-a604-4766-b140-2aa31784d2d6,TOBREX OINT,Ohio,Covered,PREFERRED AGENTS,,No,No,No,0.95,https://dam.assets.ohio.gov/image/upload/medicaid.ohio.gov/PHM/unified-pdl/20251001_UPDL_v1_approved.pdf,Ohio Medicaid Preferred Drug List,Molina,Ohio_Molina_Ohio Medicaid Preferred Drug List.pdf,,,,completed
1be186f6-e172-4cbf-9c7a-62fb93b25d85,2daf1ac0-7229-41f6-94b8-cf49449dd810,93d585d6-a604-4766-b140-2aa31784d2d6,AZASITE,Ohio,Covered,NON-PREFERRED AGENTS,,No,No,No,0.95,https://dam.assets.ohio.gov/image/upload/medicaid.ohio.gov/PHM/unified-pdl/20251001_UPDL_v1_approved.pdf,Ohio Medicaid Preferred Drug List,Molina,Ohio_Molina_Ohio Medicaid Preferred Drug List.pdf,,,,completed
1213a715-e4d8-4e50-ac2a-9b785e523a85,2daf1ac0-7229-41f6-94b8-cf49449dd810,93d585d6-a604-4766-b140-2aa31784d2d6,bacitracin,Ohio,Covered,NON-PREFERRED AGENTS,,No,No,No,0.95,https://dam.assets.ohio.gov/image/upload/medicaid.ohio.gov/PHM/unified-pdl/20251001_UPDL_v1_approved.pdf,Ohio Medicaid Preferred Drug List,Molina,Ohio_Molina_Ohio Medicaid Preferred Drug List.pdf,,,,completed
aeade080-152c-4060-91b0-044144c5c7de,2daf1ac0-7229-41f6-94b8-cf49449dd810,93d585d6-a604-4766-b140-2aa31784d2d6,BESIVANCE,Ohio,Covered,NON-PREFERRED AGENTS,,No,No,No,0.95,https://dam.assets.ohio.gov/image/upload/medicaid.ohio.gov/PHM/unified-pdl/20251001_UPDL_v1_approved.pdf,Ohio Medicaid Preferred Drug List,Molina,Ohio_Molina_Ohio Medicaid Preferred Drug List.pdf,,,,completed
cc1b5f68-f536-4530-90ba-7a1dfb2ef8f3,2daf1ac0-7229-41f6-94b8-cf49449dd810,93d585d6-a604-4766-b140-2aa31784d2d6,gatifloxacin,Ohio,Covered,NON-PREFERRED AGENTS,,No,No,No,0.95,https://dam.assets.ohio.gov/image/upload/medicaid.ohio.gov/PHM/unified-pdl/20251001_UPDL_v1_approved.pdf,Ohio Medicaid Preferred Drug List,Molina,Ohio_Molina_Ohio Medicaid Preferred Drug List.pdf,,,,completed
880ca68b-353a-4b57-8800-08bcfe83a64d,2daf1ac0-7229-41f6-94b8-cf49449dd810,93d585d6-a604-4766-b140-2aa31784d2d6,moxifloxacin (gen ofXEZA),Ohio,Covered,NON-PREFERRED AGENTS,,No,No,No,0.95,https://dam.assets.ohio.gov/image/upload/medicaid.ohio.gov/PHM/unified-pdl/20251001_UPDL_v1_approved.pdf,Ohio Medicaid Preferred Drug List,Molina,Ohio_Molina_Ohio Medicaid Preferred Drug List.pdf,,,,completed
0185fbd1-e8d4-49e6-87e8-65e57dcdc231,2daf1ac0-7229-41f6-94b8-cf49449dd810,93d585d6-a604-4766-b140-2aa31784d2d6,neo/poly/hydrocortisone,Ohio,Covered,NON-PREFERRED AGENTS,,No,No,No,0.95,https://dam.assets.ohio.gov/image/upload/medicaid.ohio.gov/PHM/unified-pdl/20251001_UPDL_v1_approved.pdf,Ohio Medicaid Preferred Drug List,Molina,Ohio_Molina_Ohio Medicaid Preferred Drug List.pdf,,,,completed
addfd889-d235-4d06-8304-c69874d86c39,2daf1ac0-7229-41f6-94b8-cf49449dd810,93d585d6-a604-4766-b140-2aa31784d2d6,sulfacetamide sodium oint 10%,Ohio,Covered,NON-PREFERRED AGENTS,,No,No,No,0.95,https://dam.assets.ohio.gov/image/upload/medicaid.ohio.gov/PHM/unified-pdl/20251001_UPDL_v1_approved.pdf,Ohio Medicaid Preferred Drug List,Molina,Ohio_Molina_Ohio Medicaid Preferred Drug List.pdf,,,,completed
29030832-a416-4592-a0f7-dd801d07f6a3,2daf1ac0-7229-41f6-94b8-cf49449dd810,93d585d6-a604-4766-b140-2aa31784d2d6,TOBRADEX,Ohio,Covered,NON-PREFERRED AGENTS,,No,No,No,0.95,https://dam.assets.ohio.gov/image/upload/medicaid.ohio.gov/PHM/unified-pdl/20251001_UPDL_v1_approved.pdf,Ohio Medicaid Preferred Drug List,Molina,Ohio_Molina_Ohio Medicaid Preferred Drug List.pdf,,,,completed
ceb97b23-e240-4b21-ae05-86084edc61e4,2daf1ac0-7229-41f6-94b8-cf49449dd810,93d585d6-a604-4766-b140-2aa31784d2d6,ZYLET,Ohio,Covered,NON-PREFERRED AGENTS,,No,No,No,0.95,https://dam.assets.ohio.gov/image/upload/medicaid.ohio.gov/PHM/unified-pdl/20251001_UPDL_v1_approved.pdf,Ohio Medicaid Preferred Drug List,Molina,Ohio_Molina_Ohio Medicaid Preferred Drug List.pdf,,,,completed
0940b8f2-ed85-424f-950d-5ddbd535ec73,2daf1ac0-7229-41f6-94b8-cf49449dd810,93d585d6-a604-4766-b140-2aa31784d2d6,montelukast,Ohio,Covered,,,No,No,No,0.95,https://dam.assets.ohio.gov/image/upload/medicaid.ohio.gov/PHM/unified-pdl/20251001_UPDL_v1_approved.pdf,Ohio Medicaid Preferred Drug List,Molina,Ohio_Molina_Ohio Medicaid Preferred Drug List.pdf,,,,completed
12a9b531-82d7-4719-bcc0-26e34ba0125f,2daf1ac0-7229-41f6-94b8-cf49449dd810,93d585d6-a604-4766-b140-2aa31784d2d6,zafirlukast,Ohio,Covered,57,,No,No,No,0.95,https://dam.assets.ohio.gov/image/upload/medicaid.ohio.gov/PHM/unified-pdl/20251001_UPDL_v1_approved.pdf,Ohio Medicaid Preferred Drug List,Molina,Ohio_Molina_Ohio Medicaid Preferred Drug List.pdf,,,,completed
15700a89-03e8-44cf-9f0f-17af4b2f3e7e,2daf1ac0-7229-41f6-94b8-cf49449dd810,93d585d6-a604-4766-b140-2aa31784d2d6,zileuton,Ohio,Covered,,['PA'],Yes,No,No,0.95,https://dam.assets.ohio.gov/image/upload/medicaid.ohio.gov/PHM/unified-pdl/20251001_UPDL_v1_approved.pdf,Ohio Medicaid Preferred Drug List,Molina,Ohio_Molina_Ohio Medicaid Preferred Drug List.pdf,,,,completed
6fe136e3-3288-4224-a913-502a9d163f8c,2daf1ac0-7229-41f6-94b8-cf49449dd810,93d585d6-a604-4766-b140-2aa31784d2d6,ZYFLO,Ohio,Covered,,['PA'],Yes,No,No,0.95,https://dam.assets.ohio.gov/image/upload/medicaid.ohio.gov/PHM/unified-pdl/20251001_UPDL_v1_approved.pdf,Ohio Medicaid Preferred Drug List,Molina,Ohio_Molina_Ohio Medicaid Preferred Drug List.pdf,,,,completed
321e81dd-8199-4488-9111-c06f2b639e9e,2daf1ac0-7229-41f6-94b8-cf49449dd810,93d585d6-a604-4766-b140-2aa31784d2d6,"cetirizine cap, syr",Ohio,Covered,Preferred Agents,,No,No,No,0.95,https://dam.assets.ohio.gov/image/upload/medicaid.ohio.gov/PHM/unified-pdl/20251001_UPDL_v1_approved.pdf,Ohio Medicaid Preferred Drug List,Molina,Ohio_Molina_Ohio Medicaid Preferred Drug List.pdf,,,,completed
04020702-c030-42ab-abb7-9ee42ea05cc0,2daf1ac0-7229-41f6-94b8-cf49449dd810,93d585d6-a604-4766-b140-2aa31784d2d6,cetirizine/pseudoephedrine,Ohio,Covered,Preferred Agents,,No,No,No,0.95,https://dam.assets.ohio.gov/image/upload/medicaid.ohio.gov/PHM/unified-pdl/20251001_UPDL_v1_approved.pdf,Ohio Medicaid Preferred Drug List,Molina,Ohio_Molina_Ohio Medicaid Preferred Drug List.pdf,,,,completed
83826e17-8d17-46fe-ad44-0dc21d5ce405,2daf1ac0-7229-41f6-94b8-cf49449dd810,93d585d6-a604-4766-b140-2aa31784d2d6,desloratadine,Ohio,Covered,Preferred Agents,,No,No,No,0.95,https://dam.assets.ohio.gov/image/upload/medicaid.ohio.gov/PHM/unified-pdl/20251001_UPDL_v1_approved.pdf,Ohio Medicaid Preferred Drug List,Molina,Ohio_Molina_Ohio Medicaid Preferred Drug List.pdf,,,,completed
877ac45c-3841-4ff8-81f1-614edcc68515,2daf1ac0-7229-41f6-94b8-cf49449dd810,93d585d6-a604-4766-b140-2aa31784d2d6,fexofenadine,Ohio,Covered,Preferred Agents,,No,No,No,0.95,https://dam.assets.ohio.gov/image/upload/medicaid.ohio.gov/PHM/unified-pdl/20251001_UPDL_v1_approved.pdf,Ohio Medicaid Preferred Drug List,Molina,Ohio_Molina_Ohio Medicaid Preferred Drug List.pdf,,,,completed
35af5c2d-7f87-41d4-a724-f71368e2ee6c,2daf1ac0-7229-41f6-94b8-cf49449dd810,93d585d6-a604-4766-b140-2aa31784d2d6,levocetirizine,Ohio,Covered,Preferred Agents,,No,No,No,0.95,https://dam.assets.ohio.gov/image/upload/medicaid.ohio.gov/PHM/unified-pdl/20251001_UPDL_v1_approved.pdf,Ohio Medicaid Preferred Drug List,Molina,Ohio_Molina_Ohio Medicaid Preferred Drug List.pdf,,,,completed
2f5542d2-5891-47b9-8dcb-5f7d034a28ae,2daf1ac0-7229-41f6-94b8-cf49449dd810,93d585d6-a604-4766-b140-2aa31784d2d6,loratadine rapid dissolve,Ohio,Covered,Preferred Agents,,No,No,No,0.95,https://dam.assets.ohio.gov/image/upload/medicaid.ohio.gov/PHM/unified-pdl/20251001_UPDL_v1_approved.pdf,Ohio Medicaid Preferred Drug List,Molina,Ohio_Molina_Ohio Medicaid Preferred Drug List.pdf,,,,completed
e5ad83dd-6c0d-4125-be55-7651a5f6f5c2,2daf1ac0-7229-41f6-94b8-cf49449dd810,93d585d6-a604-4766-b140-2aa31784d2d6,loratadine syr,Ohio,Covered,Preferred Agents,,No,No,No,0.95,https://dam.assets.ohio.gov/image/upload/medicaid.ohio.gov/PHM/unified-pdl/20251001_UPDL_v1_approved.pdf,Ohio Medicaid Preferred Drug List,Molina,Ohio_Molina_Ohio Medicaid Preferred Drug List.pdf,,,,completed
5c2ce613-e6c8-4ab4-8e30-b0e26de96c13,2daf1ac0-7229-41f6-94b8-cf49449dd810,93d585d6-a604-4766-b140-2aa31784d2d6,loratadine/pseudoephedrine,Ohio,Covered,Preferred Agents,,No,No,No,0.95,https://dam.assets.ohio.gov/image/upload/medicaid.ohio.gov/PHM/unified-pdl/20251001_UPDL_v1_approved.pdf,Ohio Medicaid Preferred Drug List,Molina,Ohio_Molina_Ohio Medicaid Preferred Drug List.pdf,,,,completed
2de983ef-d93f-4de1-9642-83d9fdc7875a,2daf1ac0-7229-41f6-94b8-cf49449dd810,93d585d6-a604-4766-b140-2aa31784d2d6,cetirizine chewable,Ohio,Covered,Non-Preferred Agents,['PA'],Yes,No,No,0.95,https://dam.assets.ohio.gov/image/upload/medicaid.ohio.gov/PHM/unified-pdl/20251001_UPDL_v1_approved.pdf,Ohio Medicaid Preferred Drug List,Molina,Ohio_Molina_Ohio Medicaid Preferred Drug List.pdf,,,,completed
251fe263-9911-4f89-bab3-d83cdfcf4e35,2daf1ac0-7229-41f6-94b8-cf49449dd810,93d585d6-a604-4766-b140-2aa31784d2d6,CLARINEX-D,Ohio,Covered,Non-Preferred Agents,,No,No,No,0.95,https://dam.assets.ohio.gov/image/upload/medicaid.ohio.gov/PHM/unified-pdl/20251001_UPDL_v1_approved.pdf,Ohio Medicaid Preferred Drug List,Molina,Ohio_Molina_Ohio Medicaid Preferred Drug List.pdf,,,,completed
97dc6cfb-e62d-46c8-87c0-ae97e40762f7,2daf1ac0-7229-41f6-94b8-cf49449dd810,93d585d6-a604-4766-b140-2aa31784d2d6,fexofenadine/pseudoephedrine,Ohio,Covered,Non-Preferred Agents,['PA'],Yes,No,No,0.95,https://dam.assets.ohio.gov/image/upload/medicaid.ohio.gov/PHM/unified-pdl/20251001_UPDL_v1_approved.pdf,Ohio Medicaid Preferred Drug List,Molina,Ohio_Molina_Ohio Medicaid Preferred Drug List.pdf,,,,completed
348a554f-8a39-4730-9268-d090ead08c9c,2daf1ac0-7229-41f6-94b8-cf49449dd810,93d585d6-a604-4766-b140-2aa31784d2d6,loratadine chewable,Ohio,Covered,Non-Preferred Agents,['PA'],Yes,No,No,0.95,https://dam.assets.ohio.gov/image/upload/medicaid.ohio.gov/PHM/unified-pdl/20251001_UPDL_v1_approved.pdf,Ohio Medicaid Preferred Drug List,Molina,Ohio_Molina_Ohio Medicaid Preferred Drug List.pdf,,,,completed
b9547ed2-91f7-4a34-a1ee-e5d3a332d39c,2daf1ac0-7229-41f6-94b8-cf49449dd810,93d585d6-a604-4766-b140-2aa31784d2d6,ASMANEX TWISTHALER,Ohio,Covered,NA,,No,No,No,0.95,https://dam.assets.ohio.gov/image/upload/medicaid.ohio.gov/PHM/unified-pdl/20251001_UPDL_v1_approved.pdf,Ohio Medicaid Preferred Drug List,Molina,Ohio_Molina_Ohio Medicaid Preferred Drug List.pdf,,,,completed
1e7f38d8-0c0f-406b-b9b0-396d1dfceaf2,2daf1ac0-7229-41f6-94b8-cf49449dd810,93d585d6-a604-4766-b140-2aa31784d2d6,ARMONAIR DIGIHALER,Ohio,Covered,NA,,No,No,No,0.95,https://dam.assets.ohio.gov/image/upload/medicaid.ohio.gov/PHM/unified-pdl/20251001_UPDL_v1_approved.pdf,Ohio Medicaid Preferred Drug List,Molina,Ohio_Molina_Ohio Medicaid Preferred Drug List.pdf,,,,completed
14149a50-776b-44cf-9c93-6cb00fced190,2daf1ac0-7229-41f6-94b8-cf49449dd810,93d585d6-a604-4766-b140-2aa31784d2d6,budesonide neb susp,Ohio,Covered,NA,['${ }^{\text {AR }}$'],No,No,No,0.95,https://dam.assets.ohio.gov/image/upload/medicaid.ohio.gov/PHM/unified-pdl/20251001_UPDL_v1_approved.pdf,Ohio Medicaid Preferred Drug List,Molina,Ohio_Molina_Ohio Medicaid Preferred Drug List.pdf,,,,completed
b88f8f58-9200-47cc-b0c3-55ac2e833d4c,2daf1ac0-7229-41f6-94b8-cf49449dd810,93d585d6-a604-4766-b140-2aa31784d2d6,ASMANEX,Ohio,Covered,NA,,No,No,No,0.95,https://dam.assets.ohio.gov/image/upload/medicaid.ohio.gov/PHM/unified-pdl/20251001_UPDL_v1_approved.pdf,Ohio Medicaid Preferred Drug List,Molina,Ohio_Molina_Ohio Medicaid Preferred Drug List.pdf,,,,completed
16111d9b-a26e-4e1f-982d-38740656f77b,2daf1ac0-7229-41f6-94b8-cf49449dd810,93d585d6-a604-4766-b140-2aa31784d2d6,FLOVENT,Ohio,Covered,NA,,No,No,No,0.95,https://dam.assets.ohio.gov/image/upload/medicaid.ohio.gov/PHM/unified-pdl/20251001_UPDL_v1_approved.pdf,Ohio Medicaid Preferred Drug List,Molina,Ohio_Molina_Ohio Medicaid Preferred Drug List.pdf,,,,completed
1de458c0-44df-4b27-9a05-a694c734daca,2daf1ac0-7229-41f6-94b8-cf49449dd810,93d585d6-a604-4766-b140-2aa31784d2d6,fluticasone furoate,Ohio,Covered,NA,,No,No,No,0.95,https://dam.assets.ohio.gov/image/upload/medicaid.ohio.gov/PHM/unified-pdl/20251001_UPDL_v1_approved.pdf,Ohio Medicaid Preferred Drug List,Molina,Ohio_Molina_Ohio Medicaid Preferred Drug List.pdf,,,,completed
55736d3f-e37d-493e-bedd-bac1c9844a52,2daf1ac0-7229-41f6-94b8-cf49449dd810,93d585d6-a604-4766-b140-2aa31784d2d6,fluticasone propionate,Ohio,Covered,NA,,No,No,No,0.95,https://dam.assets.ohio.gov/image/upload/medicaid.ohio.gov/PHM/unified-pdl/20251001_UPDL_v1_approved.pdf,Ohio Medicaid Preferred Drug List,Molina,Ohio_Molina_Ohio Medicaid Preferred Drug List.pdf,,,,completed
59c89831-5965-47a4-81ad-89f3031a0af7,2daf1ac0-7229-41f6-94b8-cf49449dd810,93d585d6-a604-4766-b140-2aa31784d2d6,PULMICORT FLEXHALER,Ohio,Covered,NA,,No,No,No,0.95,https://dam.assets.ohio.gov/image/upload/medicaid.ohio.gov/PHM/unified-pdl/20251001_UPDL_v1_approved.pdf,Ohio Medicaid Preferred Drug List,Molina,Ohio_Molina_Ohio Medicaid Preferred Drug List.pdf,,,,completed
5cf5ad52-7fa4-4f8c-af84-9b00e0d035c1,2daf1ac0-7229-41f6-94b8-cf49449dd810,93d585d6-a604-4766-b140-2aa31784d2d6,QVAR,Ohio,Covered,NA,,No,No,No,0.95,https://dam.assets.ohio.gov/image/upload/medicaid.ohio.gov/PHM/unified-pdl/20251001_UPDL_v1_approved.pdf,Ohio Medicaid Preferred Drug List,Molina,Ohio_Molina_Ohio Medicaid Preferred Drug List.pdf,,,,completed
7eed774c-a671-4cde-a152-d15a674f9a4e,2daf1ac0-7229-41f6-94b8-cf49449dd810,93d585d6-a604-4766-b140-2aa31784d2d6,OTHER,Ohio,Covered,NA,,No,No,No,0.95,https://dam.assets.ohio.gov/image/upload/medicaid.ohio.gov/PHM/unified-pdl/20251001_UPDL_v1_approved.pdf,Ohio Medicaid Preferred Drug List,Molina,Ohio_Molina_Ohio Medicaid Preferred Drug List.pdf,,,,completed
a1993c5f-c450-4030-89c9-e22a699ac8d3,2daf1ac0-7229-41f6-94b8-cf49449dd810,93d585d6-a604-4766-b140-2aa31784d2d6,cromolyn neb soln,Ohio,Covered,NA,,No,No,No,0.95,https://dam.assets.ohio.gov/image/upload/medicaid.ohio.gov/PHM/unified-pdl/20251001_UPDL_v1_approved.pdf,Ohio Medicaid Preferred Drug List,Molina,Ohio_Molina_Ohio Medicaid Preferred Drug List.pdf,,,,completed
c63510cb-2e40-4845-b7e3-d4c1b172d823,2daf1ac0-7229-41f6-94b8-cf49449dd810,93d585d6-a604-4766-b140-2aa31784d2d6,DUPIXENT,Ohio,Covered,PA,['PA'],Yes,No,No,0.95,https://dam.assets.ohio.gov/image/upload/medicaid.ohio.gov/PHM/unified-pdl/20251001_UPDL_v1_approved.pdf,Ohio Medicaid Preferred Drug List,Molina,Ohio_Molina_Ohio Medicaid Preferred Drug List.pdf,,,,completed
5792838f-d588-4f71-8f6a-a6d483020362,2daf1ac0-7229-41f6-94b8-cf49449dd810,93d585d6-a604-4766-b140-2aa31784d2d6,FASENRA,Ohio,Covered,PA,['PA'],Yes,No,No,0.95,https://dam.assets.ohio.gov/image/upload/medicaid.ohio.gov/PHM/unified-pdl/20251001_UPDL_v1_approved.pdf,Ohio Medicaid Preferred Drug List,Molina,Ohio_Molina_Ohio Medicaid Preferred Drug List.pdf,,,,completed
e2006b90-ea44-4fa9-8d00-4a2deae4f037,2daf1ac0-7229-41f6-94b8-cf49449dd810,93d585d6-a604-4766-b140-2aa31784d2d6,XOLAIR,Ohio,Covered,PA,['PA'],Yes,No,No,0.95,https://dam.assets.ohio.gov/image/upload/medicaid.ohio.gov/PHM/unified-pdl/20251001_UPDL_v1_approved.pdf,Ohio Medicaid Preferred Drug List,Molina,Ohio_Molina_Ohio Medicaid Preferred Drug List.pdf,,,,completed
3b84e846-4a25-4b53-9172-b9844ea01455,2daf1ac0-7229-41f6-94b8-cf49449dd810,93d585d6-a604-4766-b140-2aa31784d2d6,CINQAIR,Ohio,Covered,Non-Preferred Agents,,No,No,No,0.95,https://dam.assets.ohio.gov/image/upload/medicaid.ohio.gov/PHM/unified-pdl/20251001_UPDL_v1_approved.pdf,Ohio Medicaid Preferred Drug List,Molina,Ohio_Molina_Ohio Medicaid Preferred Drug List.pdf,,,,completed
d302ca3d-c0ad-4768-aaaf-44dd66bca939,2daf1ac0-7229-41f6-94b8-cf49449dd810,93d585d6-a604-4766-b140-2aa31784d2d6,NUCALA,Ohio,Covered,Non-Preferred Agents,,No,No,No,0.95,https://dam.assets.ohio.gov/image/upload/medicaid.ohio.gov/PHM/unified-pdl/20251001_UPDL_v1_approved.pdf,Ohio Medicaid Preferred Drug List,Molina,Ohio_Molina_Ohio Medicaid Preferred Drug List.pdf,,,,completed
77b49d85-d5d6-49d2-a9d9-e623a515658b,2daf1ac0-7229-41f6-94b8-cf49449dd810,93d585d6-a604-4766-b140-2aa31784d2d6,TEZSPIRE,Ohio,Covered,Non-Preferred Agents,,No,No,No,0.95,https://dam.assets.ohio.gov/image/upload/medicaid.ohio.gov/PHM/unified-pdl/20251001_UPDL_v1_approved.pdf,Ohio Medicaid Preferred Drug List,Molina,Ohio_Molina_Ohio Medicaid Preferred Drug List.pdf,,,,completed
93e37c9b-f5d4-482c-81af-2cd914b8ddef,2daf1ac0-7229-41f6-94b8-cf49449dd810,93d585d6-a604-4766-b140-2aa31784d2d6,CASGEVY,Ohio,Covered,PA,['PA'],Yes,No,No,0.95,https://dam.assets.ohio.gov/image/upload/medicaid.ohio.gov/PHM/unified-pdl/20251001_UPDL_v1_approved.pdf,Ohio Medicaid Preferred Drug List,Molina,Ohio_Molina_Ohio Medicaid Preferred Drug List.pdf,,,,completed
0d98d0a4-b584-4934-89ee-c1aa0a870e6b,2daf1ac0-7229-41f6-94b8-cf49449dd810,93d585d6-a604-4766-b140-2aa31784d2d6,LYFGENIA,Ohio,Covered,PA,['PA'],Yes,No,No,0.95,https://dam.assets.ohio.gov/image/upload/medicaid.ohio.gov/PHM/unified-pdl/20251001_UPDL_v1_approved.pdf,Ohio Medicaid Preferred Drug List,Molina,Ohio_Molina_Ohio Medicaid Preferred Drug List.pdf,,,,completed
e8e47bb8-5e50-470d-bd5a-cb74b9b2d83d,2daf1ac0-7229-41f6-94b8-cf49449dd810,93d585d6-a604-4766-b140-2aa31784d2d6,OFEV,Ohio,Covered,PREFERRED AGENTS,['PA'],Yes,No,No,0.95,https://dam.assets.ohio.gov/image/upload/medicaid.ohio.gov/PHM/unified-pdl/20251001_UPDL_v1_approved.pdf,Ohio Medicaid Preferred Drug List,Molina,Ohio_Molina_Ohio Medicaid Preferred Drug List.pdf,,,,completed
2b0118e4-b5f3-426e-8df1-9f0a325f3ddc,2daf1ac0-7229-41f6-94b8-cf49449dd810,93d585d6-a604-4766-b140-2aa31784d2d6,pirfenidone,Ohio,Covered,NON-PREFERRED AGENTS,,No,No,No,0.95,https://dam.assets.ohio.gov/image/upload/medicaid.ohio.gov/PHM/unified-pdl/20251001_UPDL_v1_approved.pdf,Ohio Medicaid Preferred Drug List,Molina,Ohio_Molina_Ohio Medicaid Preferred Drug List.pdf,,,,completed
90cc955a-3025-43b6-a7df-042d2b101b9a,2daf1ac0-7229-41f6-94b8-cf49449dd810,93d585d6-a604-4766-b140-2aa31784d2d6,ALPHAGAN P 0.1%,Ohio,Covered,,,No,No,No,0.95,https://dam.assets.ohio.gov/image/upload/medicaid.ohio.gov/PHM/unified-pdl/20251001_UPDL_v1_approved.pdf,Ohio Medicaid Preferred Drug List,Molina,Ohio_Molina_Ohio Medicaid Preferred Drug List.pdf,,,,completed
7b2704f0-ec11-41af-a7ed-70902128e0ba,2daf1ac0-7229-41f6-94b8-cf49449dd810,93d585d6-a604-4766-b140-2aa31784d2d6,ALPHAGAN P 0.15%,Ohio,Covered,,,No,No,No,0.95,https://dam.assets.ohio.gov/image/upload/medicaid.ohio.gov/PHM/unified-pdl/20251001_UPDL_v1_approved.pdf,Ohio Medicaid Preferred Drug List,Molina,Ohio_Molina_Ohio Medicaid Preferred Drug List.pdf,,,,completed
80d6e8d0-b110-49bf-a759-6b8d256b6043,2daf1ac0-7229-41f6-94b8-cf49449dd810,93d585d6-a604-4766-b140-2aa31784d2d6,brimonidine 0.2%,Ohio,Covered,,,No,No,No,0.95,https://dam.assets.ohio.gov/image/upload/medicaid.ohio.gov/PHM/unified-pdl/20251001_UPDL_v1_approved.pdf,Ohio Medicaid Preferred Drug List,Molina,Ohio_Molina_Ohio Medicaid Preferred Drug List.pdf,,,,completed
8e6664bc-541e-4bfd-a701-d502821e20e2,2daf1ac0-7229-41f6-94b8-cf49449dd810,93d585d6-a604-4766-b140-2aa31784d2d6,betaxolol,Ohio,Covered,,,No,No,No,0.95,https://dam.assets.ohio.gov/image/upload/medicaid.ohio.gov/PHM/unified-pdl/20251001_UPDL_v1_approved.pdf,Ohio Medicaid Preferred Drug List,Molina,Ohio_Molina_Ohio Medicaid Preferred Drug List.pdf,,,,completed
2aa21d12-bbf2-415f-a1de-c0156fd73151,2daf1ac0-7229-41f6-94b8-cf49449dd810,93d585d6-a604-4766-b140-2aa31784d2d6,carteolol,Ohio,Covered,,,No,No,No,0.95,https://dam.assets.ohio.gov/image/upload/medicaid.ohio.gov/PHM/unified-pdl/20251001_UPDL_v1_approved.pdf,Ohio Medicaid Preferred Drug List,Molina,Ohio_Molina_Ohio Medicaid Preferred Drug List.pdf,,,,completed
50279c6b-505a-47eb-adbf-95c1f8ea65fd,2daf1ac0-7229-41f6-94b8-cf49449dd810,93d585d6-a604-4766-b140-2aa31784d2d6,levobunolol,Ohio,Covered,,,No,No,No,0.95,https://dam.assets.ohio.gov/image/upload/medicaid.ohio.gov/PHM/unified-pdl/20251001_UPDL_v1_approved.pdf,Ohio Medicaid Preferred Drug List,Molina,Ohio_Molina_Ohio Medicaid Preferred Drug List.pdf,,,,completed
07146565-74c5-4cc6-b332-d42238e94ce1,2daf1ac0-7229-41f6-94b8-cf49449dd810,93d585d6-a604-4766-b140-2aa31784d2d6,"timolol gel, soln",Ohio,Covered,,,No,No,No,0.95,https://dam.assets.ohio.gov/image/upload/medicaid.ohio.gov/PHM/unified-pdl/20251001_UPDL_v1_approved.pdf,Ohio Medicaid Preferred Drug List,Molina,Ohio_Molina_Ohio Medicaid Preferred Drug List.pdf,,,,completed
6c0a92c4-477c-469d-b55f-59cd964cf997,2daf1ac0-7229-41f6-94b8-cf49449dd810,93d585d6-a604-4766-b140-2aa31784d2d6,AZOPT,Ohio,Covered,,ST,No,Yes,No,0.95,https://dam.assets.ohio.gov/image/upload/medicaid.ohio.gov/PHM/unified-pdl/20251001_UPDL_v1_approved.pdf,Ohio Medicaid Preferred Drug List,Molina,Ohio_Molina_Ohio Medicaid Preferred Drug List.pdf,,,,completed
7490cdc6-b8f2-44c9-aa5a-d81d032d5770,2daf1ac0-7229-41f6-94b8-cf49449dd810,93d585d6-a604-4766-b140-2aa31784d2d6,dorzolamide,Ohio,Covered,,,No,No,No,0.95,https://dam.assets.ohio.gov/image/upload/medicaid.ohio.gov/PHM/unified-pdl/20251001_UPDL_v1_approved.pdf,Ohio Medicaid Preferred Drug List,Molina,Ohio_Molina_Ohio Medicaid Preferred Drug List.pdf,,,,completed
948f6fd6-093e-48af-adad-12f4c576e979,2daf1ac0-7229-41f6-94b8-cf49449dd810,93d585d6-a604-4766-b140-2aa31784d2d6,latanoprost,Ohio,Covered,,,No,No,No,0.95,https://dam.assets.ohio.gov/image/upload/medicaid.ohio.gov/PHM/unified-pdl/20251001_UPDL_v1_approved.pdf,Ohio Medicaid Preferred Drug List,Molina,Ohio_Molina_Ohio Medicaid Preferred Drug List.pdf,,,,completed
5f1b3b35-344c-483c-b018-56863412fbb2,2daf1ac0-7229-41f6-94b8-cf49449dd810,93d585d6-a604-4766-b140-2aa31784d2d6,TRAVATAN Z,Ohio,Covered,,ST,No,Yes,No,0.95,https://dam.assets.ohio.gov/image/upload/medicaid.ohio.gov/PHM/unified-pdl/20251001_UPDL_v1_approved.pdf,Ohio Medicaid Preferred Drug List,Molina,Ohio_Molina_Ohio Medicaid Preferred Drug List.pdf,,,,completed
5e4010ca-45d5-4396-816f-7fd1ec7c7a38,2daf1ac0-7229-41f6-94b8-cf49449dd810,93d585d6-a604-4766-b140-2aa31784d2d6,COMBIGAN,Ohio,Covered,,ST,No,Yes,No,0.95,https://dam.assets.ohio.gov/image/upload/medicaid.ohio.gov/PHM/unified-pdl/20251001_UPDL_v1_approved.pdf,Ohio Medicaid Preferred Drug List,Molina,Ohio_Molina_Ohio Medicaid Preferred Drug List.pdf,,,,completed
d6b9b1ff-7677-42e6-a74e-06944f53bccb,2daf1ac0-7229-41f6-94b8-cf49449dd810,93d585d6-a604-4766-b140-2aa31784d2d6,dorzolamide/timolol,Ohio,Covered,,,No,No,No,0.95,https://dam.assets.ohio.gov/image/upload/medicaid.ohio.gov/PHM/unified-pdl/20251001_UPDL_v1_approved.pdf,Ohio Medicaid Preferred Drug List,Molina,Ohio_Molina_Ohio Medicaid Preferred Drug List.pdf,,,,completed
00e65ec9-f2ec-495d-8ee8-6f72e5195ad3,2daf1ac0-7229-41f6-94b8-cf49449dd810,93d585d6-a604-4766-b140-2aa31784d2d6,RHOPRESSA,Ohio,Covered,,,No,No,No,0.95,https://dam.assets.ohio.gov/image/upload/medicaid.ohio.gov/PHM/unified-pdl/20251001_UPDL_v1_approved.pdf,Ohio Medicaid Preferred Drug List,Molina,Ohio_Molina_Ohio Medicaid Preferred Drug List.pdf,,,,completed
be9f2b39-1d3e-4751-8e74-f0f0d737df3b,2daf1ac0-7229-41f6-94b8-cf49449dd810,93d585d6-a604-4766-b140-2aa31784d2d6,ROCKLATAN,Ohio,Covered,,,No,No,No,0.95,https://dam.assets.ohio.gov/image/upload/medicaid.ohio.gov/PHM/unified-pdl/20251001_UPDL_v1_approved.pdf,Ohio Medicaid Preferred Drug List,Molina,Ohio_Molina_Ohio Medicaid Preferred Drug List.pdf,,,,completed
fada8835-544e-491f-8b84-37f5bb030f26,2daf1ac0-7229-41f6-94b8-cf49449dd810,93d585d6-a604-4766-b140-2aa31784d2d6,SIMBRINZA,Ohio,Covered,,,No,No,No,0.95,https://dam.assets.ohio.gov/image/upload/medicaid.ohio.gov/PHM/unified-pdl/20251001_UPDL_v1_approved.pdf,Ohio Medicaid Preferred Drug List,Molina,Ohio_Molina_Ohio Medicaid Preferred Drug List.pdf,,,,completed
608e273c-3385-4d01-8036-ccabb5a980a3,2daf1ac0-7229-41f6-94b8-cf49449dd810,93d585d6-a604-4766-b140-2aa31784d2d6,apraclonidine,Ohio,Covered,NON-PREFERRED AGENTS,,No,No,No,0.95,https://dam.assets.ohio.gov/image/upload/medicaid.ohio.gov/PHM/unified-pdl/20251001_UPDL_v1_approved.pdf,Ohio Medicaid Preferred Drug List,Molina,Ohio_Molina_Ohio Medicaid Preferred Drug List.pdf,,,,completed
294d3193-c7ee-41d2-b7c1-bd36a26ee617,2daf1ac0-7229-41f6-94b8-cf49449dd810,93d585d6-a604-4766-b140-2aa31784d2d6,"brimonidine 0.1%, 0.15%",Ohio,Covered,NON-PREFERRED AGENTS,,No,No,No,0.95,https://dam.assets.ohio.gov/image/upload/medicaid.ohio.gov/PHM/unified-pdl/20251001_UPDL_v1_approved.pdf,Ohio Medicaid Preferred Drug List,Molina,Ohio_Molina_Ohio Medicaid Preferred Drug List.pdf,,,,completed
b4abbbb3-8dfa-43a8-827f-0bcd0272cdaa,2daf1ac0-7229-41f6-94b8-cf49449dd810,93d585d6-a604-4766-b140-2aa31784d2d6,IOPIDINE,Ohio,Covered,NON-PREFERRED AGENTS,,No,No,No,0.95,https://dam.assets.ohio.gov/image/upload/medicaid.ohio.gov/PHM/unified-pdl/20251001_UPDL_v1_approved.pdf,Ohio Medicaid Preferred Drug List,Molina,Ohio_Molina_Ohio Medicaid Preferred Drug List.pdf,,,,completed
b40686c3-3e0d-4248-92b8-a56a97c64cf2,2daf1ac0-7229-41f6-94b8-cf49449dd810,93d585d6-a604-4766-b140-2aa31784d2d6,BETIMOL 0.25%,Ohio,Covered,NON-PREFERRED AGENTS,,No,No,No,0.95,https://dam.assets.ohio.gov/image/upload/medicaid.ohio.gov/PHM/unified-pdl/20251001_UPDL_v1_approved.pdf,Ohio Medicaid Preferred Drug List,Molina,Ohio_Molina_Ohio Medicaid Preferred Drug List.pdf,,,,completed
30080bb1-368b-4cd4-9563-387fdb48250c,2daf1ac0-7229-41f6-94b8-cf49449dd810,93d585d6-a604-4766-b140-2aa31784d2d6,BETOPTICS,Ohio,Covered,NON-PREFERRED AGENTS,,No,No,No,0.95,https://dam.assets.ohio.gov/image/upload/medicaid.ohio.gov/PHM/unified-pdl/20251001_UPDL_v1_approved.pdf,Ohio Medicaid Preferred Drug List,Molina,Ohio_Molina_Ohio Medicaid Preferred Drug List.pdf,,,,completed
d44bf8be-734f-419e-869b-1ef562659d3a,2daf1ac0-7229-41f6-94b8-cf49449dd810,93d585d6-a604-4766-b140-2aa31784d2d6,timolol hemihydrate soln 0.5%,Ohio,Covered,NON-PREFERRED AGENTS,,No,No,No,0.95,https://dam.assets.ohio.gov/image/upload/medicaid.ohio.gov/PHM/unified-pdl/20251001_UPDL_v1_approved.pdf,Ohio Medicaid Preferred Drug List,Molina,Ohio_Molina_Ohio Medicaid Preferred Drug List.pdf,,,,completed
6554cc52-58f4-44e9-a4aa-8f5e8a153b4e,2daf1ac0-7229-41f6-94b8-cf49449dd810,93d585d6-a604-4766-b140-2aa31784d2d6,timolol maleate once daily,Ohio,Covered,NON-PREFERRED AGENTS,,No,No,No,0.95,https://dam.assets.ohio.gov/image/upload/medicaid.ohio.gov/PHM/unified-pdl/20251001_UPDL_v1_approved.pdf,Ohio Medicaid Preferred Drug List,Molina,Ohio_Molina_Ohio Medicaid Preferred Drug List.pdf,,,,completed
bbd1e25a-d60d-4bc9-a8b1-74619586a50f,2daf1ac0-7229-41f6-94b8-cf49449dd810,93d585d6-a604-4766-b140-2aa31784d2d6,brinzolamide,Ohio,Covered,NON-PREFERRED AGENTS,,No,No,No,0.95,https://dam.assets.ohio.gov/image/upload/medicaid.ohio.gov/PHM/unified-pdl/20251001_UPDL_v1_approved.pdf,Ohio Medicaid Preferred Drug List,Molina,Ohio_Molina_Ohio Medicaid Preferred Drug List.pdf,,,,completed
0eaf124a-4de9-4598-adbd-a04985a6696f,2daf1ac0-7229-41f6-94b8-cf49449dd810,93d585d6-a604-4766-b140-2aa31784d2d6,bimatoprost,Ohio,Covered,NON-PREFERRED AGENTS,,No,No,No,0.95,https://dam.assets.ohio.gov/image/upload/medicaid.ohio.gov/PHM/unified-pdl/20251001_UPDL_v1_approved.pdf,Ohio Medicaid Preferred Drug List,Molina,Ohio_Molina_Ohio Medicaid Preferred Drug List.pdf,,,,completed
f6e0b54a-5c4f-43f7-8a2d-3def6375b8cb,2daf1ac0-7229-41f6-94b8-cf49449dd810,93d585d6-a604-4766-b140-2aa31784d2d6,IYUZEH,Ohio,Covered,NON-PREFERRED AGENTS,,No,No,No,0.95,https://dam.assets.ohio.gov/image/upload/medicaid.ohio.gov/PHM/unified-pdl/20251001_UPDL_v1_approved.pdf,Ohio Medicaid Preferred Drug List,Molina,Ohio_Molina_Ohio Medicaid Preferred Drug List.pdf,,,,completed
fcbc5635-ceb1-45b3-9479-ceb495a3b178,2daf1ac0-7229-41f6-94b8-cf49449dd810,93d585d6-a604-4766-b140-2aa31784d2d6,LUMIGAN,Ohio,Covered,NON-PREFERRED AGENTS,,No,No,No,0.95,https://dam.assets.ohio.gov/image/upload/medicaid.ohio.gov/PHM/unified-pdl/20251001_UPDL_v1_approved.pdf,Ohio Medicaid Preferred Drug List,Molina,Ohio_Molina_Ohio Medicaid Preferred Drug List.pdf,,,,completed
eb97fae3-da1c-402f-9d8b-cc3d33a8add7,2daf1ac0-7229-41f6-94b8-cf49449dd810,93d585d6-a604-4766-b140-2aa31784d2d6,tafluprost,Ohio,Covered,NON-PREFERRED AGENTS,,No,No,No,0.95,https://dam.assets.ohio.gov/image/upload/medicaid.ohio.gov/PHM/unified-pdl/20251001_UPDL_v1_approved.pdf,Ohio Medicaid Preferred Drug List,Molina,Ohio_Molina_Ohio Medicaid Preferred Drug List.pdf,,,,completed
b768fda1-e38d-4f70-8553-2fff8a07d9fe,2daf1ac0-7229-41f6-94b8-cf49449dd810,93d585d6-a604-4766-b140-2aa31784d2d6,travoprost,Ohio,Covered,NON-PREFERRED AGENTS,,No,No,No,0.95,https://dam.assets.ohio.gov/image/upload/medicaid.ohio.gov/PHM/unified-pdl/20251001_UPDL_v1_approved.pdf,Ohio Medicaid Preferred Drug List,Molina,Ohio_Molina_Ohio Medicaid Preferred Drug List.pdf,,,,completed
edde40b9-dc0d-418b-b8e1-a115c8848064,2daf1ac0-7229-41f6-94b8-cf49449dd810,93d585d6-a604-4766-b140-2aa31784d2d6,VYZULTA,Ohio,Covered,NON-PREFERRED AGENTS,,No,No,No,0.95,https://dam.assets.ohio.gov/image/upload/medicaid.ohio.gov/PHM/unified-pdl/20251001_UPDL_v1_approved.pdf,Ohio Medicaid Preferred Drug List,Molina,Ohio_Molina_Ohio Medicaid Preferred Drug List.pdf,,,,completed
ab66fda5-0103-4197-9828-cb0afdc5550f,2daf1ac0-7229-41f6-94b8-cf49449dd810,93d585d6-a604-4766-b140-2aa31784d2d6,XELPROS,Ohio,Covered,NON-PREFERRED AGENTS,,No,No,No,0.95,https://dam.assets.ohio.gov/image/upload/medicaid.ohio.gov/PHM/unified-pdl/20251001_UPDL_v1_approved.pdf,Ohio Medicaid Preferred Drug List,Molina,Ohio_Molina_Ohio Medicaid Preferred Drug List.pdf,,,,completed
ff9ac7e9-6560-486e-91dc-7e0142b98fae,2daf1ac0-7229-41f6-94b8-cf49449dd810,93d585d6-a604-4766-b140-2aa31784d2d6,brimonidine/timolol,Ohio,Covered,NON-PREFERRED AGENTS,,No,No,No,0.95,https://dam.assets.ohio.gov/image/upload/medicaid.ohio.gov/PHM/unified-pdl/20251001_UPDL_v1_approved.pdf,Ohio Medicaid Preferred Drug List,Molina,Ohio_Molina_Ohio Medicaid Preferred Drug List.pdf,,,,completed
9ed8968b-f70e-48c4-b4c1-c7debb2c452b,2daf1ac0-7229-41f6-94b8-cf49449dd810,93d585d6-a604-4766-b140-2aa31784d2d6,NATROBA,Ohio,Covered,BvG,,No,No,No,0.95,https://dam.assets.ohio.gov/image/upload/medicaid.ohio.gov/PHM/unified-pdl/20251001_UPDL_v1_approved.pdf,Ohio Medicaid Preferred Drug List,Molina,Ohio_Molina_Ohio Medicaid Preferred Drug List.pdf,,,,completed
39e408e5-6157-4638-b398-63121b56f043,2daf1ac0-7229-41f6-94b8-cf49449dd810,93d585d6-a604-4766-b140-2aa31784d2d6,permethrin,Ohio,Covered,,,No,No,No,0.95,https://dam.assets.ohio.gov/image/upload/medicaid.ohio.gov/PHM/unified-pdl/20251001_UPDL_v1_approved.pdf,Ohio Medicaid Preferred Drug List,Molina,Ohio_Molina_Ohio Medicaid Preferred Drug List.pdf,,,,completed
0de56113-5f57-4c91-b00f-30b27a4a3b88,2daf1ac0-7229-41f6-94b8-cf49449dd810,93d585d6-a604-4766-b140-2aa31784d2d6,piperonyl butoxide/pyrethrins,Ohio,Covered,,,No,No,No,0.95,https://dam.assets.ohio.gov/image/upload/medicaid.ohio.gov/PHM/unified-pdl/20251001_UPDL_v1_approved.pdf,Ohio Medicaid Preferred Drug List,Molina,Ohio_Molina_Ohio Medicaid Preferred Drug List.pdf,,,,completed
52ba1b93-84c5-40e1-af6a-277313f58cb3,2daf1ac0-7229-41f6-94b8-cf49449dd810,93d585d6-a604-4766-b140-2aa31784d2d6,VANALICE,Ohio,Covered,,,No,No,No,0.95,https://dam.assets.ohio.gov/image/upload/medicaid.ohio.gov/PHM/unified-pdl/20251001_UPDL_v1_approved.pdf,Ohio Medicaid Preferred Drug List,Molina,Ohio_Molina_Ohio Medicaid Preferred Drug List.pdf,,,,completed
0730a0d3-b764-419a-a774-61ecf4e3b924,2daf1ac0-7229-41f6-94b8-cf49449dd810,93d585d6-a604-4766-b140-2aa31784d2d6,CROTAN,Ohio,Covered,,,No,No,No,0.95,https://dam.assets.ohio.gov/image/upload/medicaid.ohio.gov/PHM/unified-pdl/20251001_UPDL_v1_approved.pdf,Ohio Medicaid Preferred Drug List,Molina,Ohio_Molina_Ohio Medicaid Preferred Drug List.pdf,,,,completed
f0f13fc0-eb81-467d-9b7d-e7ebfec0fa3b,2daf1ac0-7229-41f6-94b8-cf49449dd810,93d585d6-a604-4766-b140-2aa31784d2d6,ivermectin,Ohio,Covered,,,No,No,No,0.95,https://dam.assets.ohio.gov/image/upload/medicaid.ohio.gov/PHM/unified-pdl/20251001_UPDL_v1_approved.pdf,Ohio Medicaid Preferred Drug List,Molina,Ohio_Molina_Ohio Medicaid Preferred Drug List.pdf,,,,completed
c8954354-d872-4d96-a402-3a8dd25bf10b,2daf1ac0-7229-41f6-94b8-cf49449dd810,93d585d6-a604-4766-b140-2aa31784d2d6,malathion,Ohio,Covered,,,No,No,No,0.95,https://dam.assets.ohio.gov/image/upload/medicaid.ohio.gov/PHM/unified-pdl/20251001_UPDL_v1_approved.pdf,Ohio Medicaid Preferred Drug List,Molina,Ohio_Molina_Ohio Medicaid Preferred Drug List.pdf,,,,completed
e9f9f658-c9c5-48bc-a364-11d84544dd92,2daf1ac0-7229-41f6-94b8-cf49449dd810,93d585d6-a604-4766-b140-2aa31784d2d6,spinosad,Ohio,Covered,,,No,No,No,0.95,https://dam.assets.ohio.gov/image/upload/medicaid.ohio.gov/PHM/unified-pdl/20251001_UPDL_v1_approved.pdf,Ohio Medicaid Preferred Drug List,Molina,Ohio_Molina_Ohio Medicaid Preferred Drug List.pdf,,,,completed
2d508bdd-9ce2-44d9-8642-85e1772cc034,2daf1ac0-7229-41f6-94b8-cf49449dd810,93d585d6-a604-4766-b140-2aa31784d2d6,flunisolide,Ohio,Covered,Preferred,,No,No,No,0.95,https://dam.assets.ohio.gov/image/upload/medicaid.ohio.gov/PHM/unified-pdl/20251001_UPDL_v1_approved.pdf,Ohio Medicaid Preferred Drug List,Molina,Ohio_Molina_Ohio Medicaid Preferred Drug List.pdf,,,,completed
c2cebfdc-9ff4-45fc-9f5e-badc8b04d82b,2daf1ac0-7229-41f6-94b8-cf49449dd810,93d585d6-a604-4766-b140-2aa31784d2d6,fluticasone (gen of FLONASE),Ohio,Covered,Preferred,,No,No,No,0.95,https://dam.assets.ohio.gov/image/upload/medicaid.ohio.gov/PHM/unified-pdl/20251001_UPDL_v1_approved.pdf,Ohio Medicaid Preferred Drug List,Molina,Ohio_Molina_Ohio Medicaid Preferred Drug List.pdf,,,,completed
a9052e1d-0ede-4578-9486-6e4208684207,2daf1ac0-7229-41f6-94b8-cf49449dd810,93d585d6-a604-4766-b140-2aa31784d2d6,azelastine/fluticasone spray,Ohio,Covered,Non-Preferred,['PA'],Yes,No,No,0.95,https://dam.assets.ohio.gov/image/upload/medicaid.ohio.gov/PHM/unified-pdl/20251001_UPDL_v1_approved.pdf,Ohio Medicaid Preferred Drug List,Molina,Ohio_Molina_Ohio Medicaid Preferred Drug List.pdf,,,,completed
3a729a46-9a51-45fd-9fe1-48b3c01152a5,2daf1ac0-7229-41f6-94b8-cf49449dd810,93d585d6-a604-4766-b140-2aa31784d2d6,BECONASE,Ohio,Covered,Non-Preferred,['PA'],Yes,No,No,0.95,https://dam.assets.ohio.gov/image/upload/medicaid.ohio.gov/PHM/unified-pdl/20251001_UPDL_v1_approved.pdf,Ohio Medicaid Preferred Drug List,Molina,Ohio_Molina_Ohio Medicaid Preferred Drug List.pdf,,,,completed
fd7b385b-7452-471e-af8f-904b41e7d84e,2daf1ac0-7229-41f6-94b8-cf49449dd810,93d585d6-a604-4766-b140-2aa31784d2d6,mometasone,Ohio,Covered,Non-Preferred,['PA'],Yes,No,No,0.95,https://dam.assets.ohio.gov/image/upload/medicaid.ohio.gov/PHM/unified-pdl/20251001_UPDL_v1_approved.pdf,Ohio Medicaid Preferred Drug List,Molina,Ohio_Molina_Ohio Medicaid Preferred Drug List.pdf,,,,completed
5d3c36c7-6279-426a-b1cd-7de46b568ce4,2daf1ac0-7229-41f6-94b8-cf49449dd810,93d585d6-a604-4766-b140-2aa31784d2d6,OMNARIS,Ohio,Covered,Non-Preferred,['PA'],Yes,No,No,0.95,https://dam.assets.ohio.gov/image/upload/medicaid.ohio.gov/PHM/unified-pdl/20251001_UPDL_v1_approved.pdf,Ohio Medicaid Preferred Drug List,Molina,Ohio_Molina_Ohio Medicaid Preferred Drug List.pdf,,,,completed
8e0b3502-0233-4934-86c4-ada7754e0581,2daf1ac0-7229-41f6-94b8-cf49449dd810,93d585d6-a604-4766-b140-2aa31784d2d6,QNASL,Ohio,Covered,Non-Preferred,['PA'],Yes,No,No,0.95,https://dam.assets.ohio.gov/image/upload/medicaid.ohio.gov/PHM/unified-pdl/20251001_UPDL_v1_approved.pdf,Ohio Medicaid Preferred Drug List,Molina,Ohio_Molina_Ohio Medicaid Preferred Drug List.pdf,,,,completed
25a96a49-8af7-4328-bbbc-1c5b0b48e376,2daf1ac0-7229-41f6-94b8-cf49449dd810,93d585d6-a604-4766-b140-2aa31784d2d6,RYALTRIS,Ohio,Covered,Non-Preferred,['PA'],Yes,No,No,0.95,https://dam.assets.ohio.gov/image/upload/medicaid.ohio.gov/PHM/unified-pdl/20251001_UPDL_v1_approved.pdf,Ohio Medicaid Preferred Drug List,Molina,Ohio_Molina_Ohio Medicaid Preferred Drug List.pdf,,,,completed
879e8618-1817-4953-ab05-8f91b30d4a76,2daf1ac0-7229-41f6-94b8-cf49449dd810,93d585d6-a604-4766-b140-2aa31784d2d6,XHANCE,Ohio,Covered,Non-Preferred,['PA'],Yes,No,No,0.95,https://dam.assets.ohio.gov/image/upload/medicaid.ohio.gov/PHM/unified-pdl/20251001_UPDL_v1_approved.pdf,Ohio Medicaid Preferred Drug List,Molina,Ohio_Molina_Ohio Medicaid Preferred Drug List.pdf,,,,completed
2e7095dc-409e-45e3-93db-c6e9512cac5a,2daf1ac0-7229-41f6-94b8-cf49449dd810,93d585d6-a604-4766-b140-2aa31784d2d6,ZETONNA,Ohio,Covered,Non-Preferred,['PA'],Yes,No,No,0.95,https://dam.assets.ohio.gov/image/upload/medicaid.ohio.gov/PHM/unified-pdl/20251001_UPDL_v1_approved.pdf,Ohio Medicaid Preferred Drug List,Molina,Ohio_Molina_Ohio Medicaid Preferred Drug List.pdf,,,,completed
c2e6c7d4-e0ed-4f72-9d75-5607a700198b,2daf1ac0-7229-41f6-94b8-cf49449dd810,93d585d6-a604-4766-b140-2aa31784d2d6,azelastine,Ohio,Covered,Preferred,,No,No,No,0.95,https://dam.assets.ohio.gov/image/upload/medicaid.ohio.gov/PHM/unified-pdl/20251001_UPDL_v1_approved.pdf,Ohio Medicaid Preferred Drug List,Molina,Ohio_Molina_Ohio Medicaid Preferred Drug List.pdf,,,,completed
74094d24-e11e-49fe-85aa-9474faa3b5ae,2daf1ac0-7229-41f6-94b8-cf49449dd810,93d585d6-a604-4766-b140-2aa31784d2d6,ipratropium,Ohio,Covered,Preferred,,No,No,No,0.95,https://dam.assets.ohio.gov/image/upload/medicaid.ohio.gov/PHM/unified-pdl/20251001_UPDL_v1_approved.pdf,Ohio Medicaid Preferred Drug List,Molina,Ohio_Molina_Ohio Medicaid Preferred Drug List.pdf,,,,completed
8cff5816-7947-4acc-8956-877facde3160,2daf1ac0-7229-41f6-94b8-cf49449dd810,93d585d6-a604-4766-b140-2aa31784d2d6,olopatadine,Ohio,Covered,Preferred,,No,No,No,0.95,https://dam.assets.ohio.gov/image/upload/medicaid.ohio.gov/PHM/unified-pdl/20251001_UPDL_v1_approved.pdf,Ohio Medicaid Preferred Drug List,Molina,Ohio_Molina_Ohio Medicaid Preferred Drug List.pdf,,,,completed
e7e69dc9-c60d-4586-8a3d-ffc3e5a7e8f4,2daf1ac0-7229-41f6-94b8-cf49449dd810,93d585d6-a604-4766-b140-2aa31784d2d6,ELIDEL,Ohio,Covered,AR,,No,No,No,0.95,https://dam.assets.ohio.gov/image/upload/medicaid.ohio.gov/PHM/unified-pdl/20251001_UPDL_v1_approved.pdf,Ohio Medicaid Preferred Drug List,Molina,Ohio_Molina_Ohio Medicaid Preferred Drug List.pdf,,,,completed
17f9ff35-f61f-401c-82ff-fc1bb3ebcaa0,2daf1ac0-7229-41f6-94b8-cf49449dd810,93d585d6-a604-4766-b140-2aa31784d2d6,pimecrolimus,Ohio,Covered,AR,,No,No,No,0.95,https://dam.assets.ohio.gov/image/upload/medicaid.ohio.gov/PHM/unified-pdl/20251001_UPDL_v1_approved.pdf,Ohio Medicaid Preferred Drug List,Molina,Ohio_Molina_Ohio Medicaid Preferred Drug List.pdf,,,,completed
bb82606b-ef2d-4fce-aba0-7cbdea1c4d78,2daf1ac0-7229-41f6-94b8-cf49449dd810,93d585d6-a604-4766-b140-2aa31784d2d6,tacrolimus,Ohio,Covered,AR,,No,No,No,0.95,https://dam.assets.ohio.gov/image/upload/medicaid.ohio.gov/PHM/unified-pdl/20251001_UPDL_v1_approved.pdf,Ohio Medicaid Preferred Drug List,Molina,Ohio_Molina_Ohio Medicaid Preferred Drug List.pdf,,,,completed
19b41b0e-7bb7-4326-ba34-9d0cf6359a95,2daf1ac0-7229-41f6-94b8-cf49449dd810,93d585d6-a604-4766-b140-2aa31784d2d6,EUCRISA,Ohio,Covered,Non-Preferred,,No,No,No,0.95,https://dam.assets.ohio.gov/image/upload/medicaid.ohio.gov/PHM/unified-pdl/20251001_UPDL_v1_approved.pdf,Ohio Medicaid Preferred Drug List,Molina,Ohio_Molina_Ohio Medicaid Preferred Drug List.pdf,,,,completed
8b9bedf9-11b1-446d-a078-2d49e1a1823a,2daf1ac0-7229-41f6-94b8-cf49449dd810,93d585d6-a604-4766-b140-2aa31784d2d6,HYFTOR,Ohio,Covered,Non-Preferred,,No,No,No,0.95,https://dam.assets.ohio.gov/image/upload/medicaid.ohio.gov/PHM/unified-pdl/20251001_UPDL_v1_approved.pdf,Ohio Medicaid Preferred Drug List,Molina,Ohio_Molina_Ohio Medicaid Preferred Drug List.pdf,,,,completed
1f47e9bc-df59-48c6-a0d9-3c466a9379f4,2daf1ac0-7229-41f6-94b8-cf49449dd810,93d585d6-a604-4766-b140-2aa31784d2d6,OPZELURA,Ohio,Covered,Non-Preferred,,No,No,No,0.95,https://dam.assets.ohio.gov/image/upload/medicaid.ohio.gov/PHM/unified-pdl/20251001_UPDL_v1_approved.pdf,Ohio Medicaid Preferred Drug List,Molina,Ohio_Molina_Ohio Medicaid Preferred Drug List.pdf,,,,completed
05d38a3c-342c-4c6b-89bb-d97bd724bbf7,2daf1ac0-7229-41f6-94b8-cf49449dd810,93d585d6-a604-4766-b140-2aa31784d2d6,pimecrolimus,Ohio,Covered,Non-Preferred,,No,No,No,0.95,https://dam.assets.ohio.gov/image/upload/medicaid.ohio.gov/PHM/unified-pdl/20251001_UPDL_v1_approved.pdf,Ohio Medicaid Preferred Drug List,Molina,Ohio_Molina_Ohio Medicaid Preferred Drug List.pdf,,,,completed
a2545985-dec4-4f34-8c52-b27e97814979,2daf1ac0-7229-41f6-94b8-cf49449dd810,93d585d6-a604-4766-b140-2aa31784d2d6,VTAMA,Ohio,Covered,Non-Preferred,,No,No,No,0.95,https://dam.assets.ohio.gov/image/upload/medicaid.ohio.gov/PHM/unified-pdl/20251001_UPDL_v1_approved.pdf,Ohio Medicaid Preferred Drug List,Molina,Ohio_Molina_Ohio Medicaid Preferred Drug List.pdf,,,,completed
86a4249a-fe67-4676-8dad-903932e41974,2daf1ac0-7229-41f6-94b8-cf49449dd810,93d585d6-a604-4766-b140-2aa31784d2d6,"ZORYVE CREAM, FOAM",Ohio,Covered,Non-Preferred,,No,No,No,0.95,https://dam.assets.ohio.gov/image/upload/medicaid.ohio.gov/PHM/unified-pdl/20251001_UPDL_v1_approved.pdf,Ohio Medicaid Preferred Drug List,Molina,Ohio_Molina_Ohio Medicaid Preferred Drug List.pdf,,,,completed
4fd3981c-747b-4f03-aa54-166bdce5d02a,2daf1ac0-7229-41f6-94b8-cf49449dd810,93d585d6-a604-4766-b140-2aa31784d2d6,APRETUDE,Ohio,Covered,Preferred Agent,,No,No,No,0.95,https://dam.assets.ohio.gov/image/upload/medicaid.ohio.gov/PHM/unified-pdl/20251001_UPDL_v1_approved.pdf,Ohio Medicaid Preferred Drug List,Molina,Ohio_Molina_Ohio Medicaid Preferred Drug List.pdf,,,,completed
6923549f-bd4a-428e-94b5-9639dfc367d1,2daf1ac0-7229-41f6-94b8-cf49449dd810,93d585d6-a604-4766-b140-2aa31784d2d6,ISENTRESS,Ohio,Covered,Preferred Agent,,No,No,No,0.95,https://dam.assets.ohio.gov/image/upload/medicaid.ohio.gov/PHM/unified-pdl/20251001_UPDL_v1_approved.pdf,Ohio Medicaid Preferred Drug List,Molina,Ohio_Molina_Ohio Medicaid Preferred Drug List.pdf,,,,completed
d8fbcc63-40da-4347-aaa0-5f414bfc2acb,2daf1ac0-7229-41f6-94b8-cf49449dd810,93d585d6-a604-4766-b140-2aa31784d2d6,ISENTRESS CHEW,Ohio,Covered,Preferred Agent,['AR'],No,No,No,0.95,https://dam.assets.ohio.gov/image/upload/medicaid.ohio.gov/PHM/unified-pdl/20251001_UPDL_v1_approved.pdf,Ohio Medicaid Preferred Drug List,Molina,Ohio_Molina_Ohio Medicaid Preferred Drug List.pdf,,,,completed
58bf5927-53a8-4585-9990-72a5e44da5ff,2daf1ac0-7229-41f6-94b8-cf49449dd810,93d585d6-a604-4766-b140-2aa31784d2d6,TIVICAY,Ohio,Covered,Preferred Agent,,No,No,No,0.95,https://dam.assets.ohio.gov/image/upload/medicaid.ohio.gov/PHM/unified-pdl/20251001_UPDL_v1_approved.pdf,Ohio Medicaid Preferred Drug List,Molina,Ohio_Molina_Ohio Medicaid Preferred Drug List.pdf,,,,completed
d3d27181-5a31-470d-acb4-dd273a703541,2daf1ac0-7229-41f6-94b8-cf49449dd810,93d585d6-a604-4766-b140-2aa31784d2d6,VOCABRIA,Ohio,Covered,Non-Preferred Agent,,No,No,No,0.95,https://dam.assets.ohio.gov/image/upload/medicaid.ohio.gov/PHM/unified-pdl/20251001_UPDL_v1_approved.pdf,Ohio Medicaid Preferred Drug List,Molina,Ohio_Molina_Ohio Medicaid Preferred Drug List.pdf,,,,completed
32a4258e-42e4-49ef-903a-bb9845509cfc,2daf1ac0-7229-41f6-94b8-cf49449dd810,93d585d6-a604-4766-b140-2aa31784d2d6,abacavir,Ohio,Covered,Preferred Agent,,No,No,No,0.95,https://dam.assets.ohio.gov/image/upload/medicaid.ohio.gov/PHM/unified-pdl/20251001_UPDL_v1_approved.pdf,Ohio Medicaid Preferred Drug List,Molina,Ohio_Molina_Ohio Medicaid Preferred Drug List.pdf,,,,completed
84ad885a-b8d2-4e56-8e34-28db812fbe8f,2daf1ac0-7229-41f6-94b8-cf49449dd810,93d585d6-a604-4766-b140-2aa31784d2d6,abacavir soln,Ohio,Covered,Non-Preferred Agent,,No,No,No,0.95,https://dam.assets.ohio.gov/image/upload/medicaid.ohio.gov/PHM/unified-pdl/20251001_UPDL_v1_approved.pdf,Ohio Medicaid Preferred Drug List,Molina,Ohio_Molina_Ohio Medicaid Preferred Drug List.pdf,,,,completed
4f85e45a-03b0-41c2-810c-9b3a5e914827,2daf1ac0-7229-41f6-94b8-cf49449dd810,93d585d6-a604-4766-b140-2aa31784d2d6,emtricitabine,Ohio,Covered,Preferred Agent,,No,No,No,0.95,https://dam.assets.ohio.gov/image/upload/medicaid.ohio.gov/PHM/unified-pdl/20251001_UPDL_v1_approved.pdf,Ohio Medicaid Preferred Drug List,Molina,Ohio_Molina_Ohio Medicaid Preferred Drug List.pdf,,,,completed
c0f0b2e5-27a4-47c1-b0d5-65efdf1f8a65,2daf1ac0-7229-41f6-94b8-cf49449dd810,93d585d6-a604-4766-b140-2aa31784d2d6,EMTRIVA SOLN,Ohio,Covered,Non-Preferred Agent,,No,No,No,0.95,https://dam.assets.ohio.gov/image/upload/medicaid.ohio.gov/PHM/unified-pdl/20251001_UPDL_v1_approved.pdf,Ohio Medicaid Preferred Drug List,Molina,Ohio_Molina_Ohio Medicaid Preferred Drug List.pdf,,,,completed
c4399712-93a2-4bad-acf7-342d9dee2799,2daf1ac0-7229-41f6-94b8-cf49449dd810,93d585d6-a604-4766-b140-2aa31784d2d6,entecavir,Ohio,Covered,Preferred Agent,,No,No,No,0.95,https://dam.assets.ohio.gov/image/upload/medicaid.ohio.gov/PHM/unified-pdl/20251001_UPDL_v1_approved.pdf,Ohio Medicaid Preferred Drug List,Molina,Ohio_Molina_Ohio Medicaid Preferred Drug List.pdf,,,,completed
53998e76-1317-4a7f-8346-894a5b4285bc,2daf1ac0-7229-41f6-94b8-cf49449dd810,93d585d6-a604-4766-b140-2aa31784d2d6,lamivudine soln,Ohio,Covered,Preferred Agent,['AR'],No,No,No,0.95,https://dam.assets.ohio.gov/image/upload/medicaid.ohio.gov/PHM/unified-pdl/20251001_UPDL_v1_approved.pdf,Ohio Medicaid Preferred Drug List,Molina,Ohio_Molina_Ohio Medicaid Preferred Drug List.pdf,,,,completed
d3c0b9c5-5e60-4724-a07c-adc04f4c1424,2daf1ac0-7229-41f6-94b8-cf49449dd810,93d585d6-a604-4766-b140-2aa31784d2d6,lamivudine,Ohio,Covered,Non-Preferred Agent,,No,No,No,0.95,https://dam.assets.ohio.gov/image/upload/medicaid.ohio.gov/PHM/unified-pdl/20251001_UPDL_v1_approved.pdf,Ohio Medicaid Preferred Drug List,Molina,Ohio_Molina_Ohio Medicaid Preferred Drug List.pdf,,,,completed
d70f7e5c-624e-4ddf-86ea-7be4e4095d04,2daf1ac0-7229-41f6-94b8-cf49449dd810,93d585d6-a604-4766-b140-2aa31784d2d6,tenofovir dis fum 300mg,Ohio,Covered,Preferred Agent,,No,No,No,0.95,https://dam.assets.ohio.gov/image/upload/medicaid.ohio.gov/PHM/unified-pdl/20251001_UPDL_v1_approved.pdf,Ohio Medicaid Preferred Drug List,Molina,Ohio_Molina_Ohio Medicaid Preferred Drug List.pdf,,,,completed
4aaad99c-7341-46b1-8fed-ee6d7424da23,2daf1ac0-7229-41f6-94b8-cf49449dd810,93d585d6-a604-4766-b140-2aa31784d2d6,"VIREAD 150, 200mg TAB, POWDER",Ohio,Covered,Preferred Agent,,No,No,No,0.95,https://dam.assets.ohio.gov/image/upload/medicaid.ohio.gov/PHM/unified-pdl/20251001_UPDL_v1_approved.pdf,Ohio Medicaid Preferred Drug List,Molina,Ohio_Molina_Ohio Medicaid Preferred Drug List.pdf,,,,completed
3684ba1b-4510-4eed-bd95-9fc85bf28894,2daf1ac0-7229-41f6-94b8-cf49449dd810,93d585d6-a604-4766-b140-2aa31784d2d6,"VIREAD 250, 300mg",Ohio,Covered,Non-Preferred Agent,,No,No,No,0.95,https://dam.assets.ohio.gov/image/upload/medicaid.ohio.gov/PHM/unified-pdl/20251001_UPDL_v1_approved.pdf,Ohio Medicaid Preferred Drug List,Molina,Ohio_Molina_Ohio Medicaid Preferred Drug List.pdf,,,,completed
9e8320b7-2ca5-4588-b6ad-269b86c55b5e,2daf1ac0-7229-41f6-94b8-cf49449dd810,93d585d6-a604-4766-b140-2aa31784d2d6,zidovudine,Ohio,Covered,Preferred Agent,,No,No,No,0.95,https://dam.assets.ohio.gov/image/upload/medicaid.ohio.gov/PHM/unified-pdl/20251001_UPDL_v1_approved.pdf,Ohio Medicaid Preferred Drug List,Molina,Ohio_Molina_Ohio Medicaid Preferred Drug List.pdf,,,,completed
0e1ab7db-2b11-40b4-a26e-59e375790cab,2daf1ac0-7229-41f6-94b8-cf49449dd810,93d585d6-a604-4766-b140-2aa31784d2d6,efavirenz,Ohio,Covered,Preferred Agent,,No,No,No,0.95,https://dam.assets.ohio.gov/image/upload/medicaid.ohio.gov/PHM/unified-pdl/20251001_UPDL_v1_approved.pdf,Ohio Medicaid Preferred Drug List,Molina,Ohio_Molina_Ohio Medicaid Preferred Drug List.pdf,,,,completed
0ba55eea-d70f-4c5a-9ef5-815ab498514c,2daf1ac0-7229-41f6-94b8-cf49449dd810,93d585d6-a604-4766-b140-2aa31784d2d6,EDURANT,Ohio,Covered,Non-Preferred Agent,,No,No,No,0.95,https://dam.assets.ohio.gov/image/upload/medicaid.ohio.gov/PHM/unified-pdl/20251001_UPDL_v1_approved.pdf,Ohio Medicaid Preferred Drug List,Molina,Ohio_Molina_Ohio Medicaid Preferred Drug List.pdf,,,,completed
57c06ee1-f8f8-4f7b-b117-b37f8b26269c,2daf1ac0-7229-41f6-94b8-cf49449dd810,93d585d6-a604-4766-b140-2aa31784d2d6,etravirine,Ohio,Covered,Non-Preferred Agent,,No,No,No,0.95,https://dam.assets.ohio.gov/image/upload/medicaid.ohio.gov/PHM/unified-pdl/20251001_UPDL_v1_approved.pdf,Ohio Medicaid Preferred Drug List,Molina,Ohio_Molina_Ohio Medicaid Preferred Drug List.pdf,,,,completed
b7cd36a5-540e-4ef2-aa61-8dbace226549,2daf1ac0-7229-41f6-94b8-cf49449dd810,93d585d6-a604-4766-b140-2aa31784d2d6,nevirapine soln,Ohio,Covered,Preferred Agent,['AR'],No,No,No,0.95,https://dam.assets.ohio.gov/image/upload/medicaid.ohio.gov/PHM/unified-pdl/20251001_UPDL_v1_approved.pdf,Ohio Medicaid Preferred Drug List,Molina,Ohio_Molina_Ohio Medicaid Preferred Drug List.pdf,,,,completed
f52ec402-644d-4766-9e36-c48b715c622f,2daf1ac0-7229-41f6-94b8-cf49449dd810,93d585d6-a604-4766-b140-2aa31784d2d6,"nevirapine IR, ER",Ohio,Covered,Non-Preferred Agent,,No,No,No,0.95,https://dam.assets.ohio.gov/image/upload/medicaid.ohio.gov/PHM/unified-pdl/20251001_UPDL_v1_approved.pdf,Ohio Medicaid Preferred Drug List,Molina,Ohio_Molina_Ohio Medicaid Preferred Drug List.pdf,,,,completed
d3945042-232b-49d4-8d2c-52835acf662b,2daf1ac0-7229-41f6-94b8-cf49449dd810,93d585d6-a604-4766-b140-2aa31784d2d6,PIFELTRO,Ohio,Covered,Preferred Agent,,No,No,No,0.95,https://dam.assets.ohio.gov/image/upload/medicaid.ohio.gov/PHM/unified-pdl/20251001_UPDL_v1_approved.pdf,Ohio Medicaid Preferred Drug List,Molina,Ohio_Molina_Ohio Medicaid Preferred Drug List.pdf,,,,completed
fe8bfd56-b0ad-44bd-88bc-b1fcc0f77a7a,2daf1ac0-7229-41f6-94b8-cf49449dd810,93d585d6-a604-4766-b140-2aa31784d2d6,atazanavir,Ohio,Covered,Preferred Agent,,No,No,No,0.95,https://dam.assets.ohio.gov/image/upload/medicaid.ohio.gov/PHM/unified-pdl/20251001_UPDL_v1_approved.pdf,Ohio Medicaid Preferred Drug List,Molina,Ohio_Molina_Ohio Medicaid Preferred Drug List.pdf,,,,completed
70960308-bed0-4284-b6b6-31d895d07149,2daf1ac0-7229-41f6-94b8-cf49449dd810,93d585d6-a604-4766-b140-2aa31784d2d6,APTIVUS,Ohio,Covered,Non-Preferred Agent,,No,No,No,0.95,https://dam.assets.ohio.gov/image/upload/medicaid.ohio.gov/PHM/unified-pdl/20251001_UPDL_v1_approved.pdf,Ohio Medicaid Preferred Drug List,Molina,Ohio_Molina_Ohio Medicaid Preferred Drug List.pdf,,,,completed
646056c9-4aa8-49a8-8b08-21208d848f04,2daf1ac0-7229-41f6-94b8-cf49449dd810,93d585d6-a604-4766-b140-2aa31784d2d6,"darunavir 600, 800mg",Ohio,Covered,Preferred Agent,,No,No,No,0.95,https://dam.assets.ohio.gov/image/upload/medicaid.ohio.gov/PHM/unified-pdl/20251001_UPDL_v1_approved.pdf,Ohio Medicaid Preferred Drug List,Molina,Ohio_Molina_Ohio Medicaid Preferred Drug List.pdf,,,,completed
e89d4613-c154-4933-8cfd-5749ded10fce,2daf1ac0-7229-41f6-94b8-cf49449dd810,93d585d6-a604-4766-b140-2aa31784d2d6,fosamprenavir,Ohio,Covered,Non-Preferred Agent,,No,No,No,0.95,https://dam.assets.ohio.gov/image/upload/medicaid.ohio.gov/PHM/unified-pdl/20251001_UPDL_v1_approved.pdf,Ohio Medicaid Preferred Drug List,Molina,Ohio_Molina_Ohio Medicaid Preferred Drug List.pdf,,,,completed
1c10dae8-1848-48f1-a9bf-5cb91362d5f9,2daf1ac0-7229-41f6-94b8-cf49449dd810,93d585d6-a604-4766-b140-2aa31784d2d6,EVOTAZ,Ohio,Covered,Preferred Agent,,No,No,No,0.95,https://dam.assets.ohio.gov/image/upload/medicaid.ohio.gov/PHM/unified-pdl/20251001_UPDL_v1_approved.pdf,Ohio Medicaid Preferred Drug List,Molina,Ohio_Molina_Ohio Medicaid Preferred Drug List.pdf,,,,completed
dc8fbbf1-cf31-4c41-b66b-f468dfc81b94,2daf1ac0-7229-41f6-94b8-cf49449dd810,93d585d6-a604-4766-b140-2aa31784d2d6,NORVIR POWDER,Ohio,Covered,Non-Preferred Agent,,No,No,No,0.95,https://dam.assets.ohio.gov/image/upload/medicaid.ohio.gov/PHM/unified-pdl/20251001_UPDL_v1_approved.pdf,Ohio Medicaid Preferred Drug List,Molina,Ohio_Molina_Ohio Medicaid Preferred Drug List.pdf,,,,completed
4da321fe-46a2-46cb-8f3d-5276dc4b3ea7,2daf1ac0-7229-41f6-94b8-cf49449dd810,93d585d6-a604-4766-b140-2aa31784d2d6,PREZCOBIX,Ohio,Covered,Preferred Agent,,No,No,No,0.95,https://dam.assets.ohio.gov/image/upload/medicaid.ohio.gov/PHM/unified-pdl/20251001_UPDL_v1_approved.pdf,Ohio Medicaid Preferred Drug List,Molina,Ohio_Molina_Ohio Medicaid Preferred Drug List.pdf,,,,completed
66b1baec-ec3c-49f0-9638-c52e665a59fa,2daf1ac0-7229-41f6-94b8-cf49449dd810,93d585d6-a604-4766-b140-2aa31784d2d6,"PREZISTA SUSP, 75, 150mg",Ohio,Covered,Non-Preferred Agent,,No,No,No,0.95,https://dam.assets.ohio.gov/image/upload/medicaid.ohio.gov/PHM/unified-pdl/20251001_UPDL_v1_approved.pdf,Ohio Medicaid Preferred Drug List,Molina,Ohio_Molina_Ohio Medicaid Preferred Drug List.pdf,,,,completed
391eeea0-1aa1-4d19-b4e0-c6211e249cb1,2daf1ac0-7229-41f6-94b8-cf49449dd810,93d585d6-a604-4766-b140-2aa31784d2d6,REYATAZ POWDER,Ohio,Covered,Preferred Agent,,No,No,No,0.95,https://dam.assets.ohio.gov/image/upload/medicaid.ohio.gov/PHM/unified-pdl/20251001_UPDL_v1_approved.pdf,Ohio Medicaid Preferred Drug List,Molina,Ohio_Molina_Ohio Medicaid Preferred Drug List.pdf,,,,completed
141532f4-4764-43b2-aa8a-dbf3eba5a6fa,2daf1ac0-7229-41f6-94b8-cf49449dd810,93d585d6-a604-4766-b140-2aa31784d2d6,ritonavir,Ohio,Covered,Preferred Agent,,No,No,No,0.95,https://dam.assets.ohio.gov/image/upload/medicaid.ohio.gov/PHM/unified-pdl/20251001_UPDL_v1_approved.pdf,Ohio Medicaid Preferred Drug List,Molina,Ohio_Molina_Ohio Medicaid Preferred Drug List.pdf,,,,completed
0d7d638f-2fec-40d5-a24b-12622647de75,2daf1ac0-7229-41f6-94b8-cf49449dd810,93d585d6-a604-4766-b140-2aa31784d2d6,VIRACEPT,Ohio,Covered,Non-Preferred Agent,,No,No,No,0.95,https://dam.assets.ohio.gov/image/upload/medicaid.ohio.gov/PHM/unified-pdl/20251001_UPDL_v1_approved.pdf,Ohio Medicaid Preferred Drug List,Molina,Ohio_Molina_Ohio Medicaid Preferred Drug List.pdf,,,,completed
0d63884d-fbad-4402-8111-44485904cfd8,2daf1ac0-7229-41f6-94b8-cf49449dd810,93d585d6-a604-4766-b140-2aa31784d2d6,RUKOBIA,Ohio,Covered,Preferred Agent,,No,No,No,0.95,https://dam.assets.ohio.gov/image/upload/medicaid.ohio.gov/PHM/unified-pdl/20251001_UPDL_v1_approved.pdf,Ohio Medicaid Preferred Drug List,Molina,Ohio_Molina_Ohio Medicaid Preferred Drug List.pdf,,,,completed
77646938-cb3b-44a8-a9ae-7431a4de2970,2daf1ac0-7229-41f6-94b8-cf49449dd810,93d585d6-a604-4766-b140-2aa31784d2d6,FUZEON,Ohio,Covered,Non-Preferred Agent,,No,No,No,0.95,https://dam.assets.ohio.gov/image/upload/medicaid.ohio.gov/PHM/unified-pdl/20251001_UPDL_v1_approved.pdf,Ohio Medicaid Preferred Drug List,Molina,Ohio_Molina_Ohio Medicaid Preferred Drug List.pdf,,,,completed
5d4cc015-02cc-4a61-ae36-d2a73b7ed611,2daf1ac0-7229-41f6-94b8-cf49449dd810,93d585d6-a604-4766-b140-2aa31784d2d6,SELZENTRY,Ohio,Covered,Non-Preferred Agent,['BvG'],No,No,No,0.95,https://dam.assets.ohio.gov/image/upload/medicaid.ohio.gov/PHM/unified-pdl/20251001_UPDL_v1_approved.pdf,Ohio Medicaid Preferred Drug List,Molina,Ohio_Molina_Ohio Medicaid Preferred Drug List.pdf,,,,completed
51bec06e-6ac7-4710-af8a-dd92c4cd1b26,2daf1ac0-7229-41f6-94b8-cf49449dd810,93d585d6-a604-4766-b140-2aa31784d2d6,SUNLENCA,Ohio,Covered,Non-Preferred Agent,,No,No,No,0.95,https://dam.assets.ohio.gov/image/upload/medicaid.ohio.gov/PHM/unified-pdl/20251001_UPDL_v1_approved.pdf,Ohio Medicaid Preferred Drug List,Molina,Ohio_Molina_Ohio Medicaid Preferred Drug List.pdf,,,,completed
01d4813b-625d-4865-85ce-7a134b3fb2c6,2daf1ac0-7229-41f6-94b8-cf49449dd810,93d585d6-a604-4766-b140-2aa31784d2d6,TYBOST,Ohio,Covered,Non-Preferred Agent,,No,No,No,0.95,https://dam.assets.ohio.gov/image/upload/medicaid.ohio.gov/PHM/unified-pdl/20251001_UPDL_v1_approved.pdf,Ohio Medicaid Preferred Drug List,Molina,Ohio_Molina_Ohio Medicaid Preferred Drug List.pdf,,,,completed
b649d7ea-1dc6-47bb-b596-a09178725cde,2daf1ac0-7229-41f6-94b8-cf49449dd810,93d585d6-a604-4766-b140-2aa31784d2d6,ALEVAZOL,Ohio,Covered,,,No,No,No,0.95,https://dam.assets.ohio.gov/image/upload/medicaid.ohio.gov/PHM/unified-pdl/20251001_UPDL_v1_approved.pdf,Ohio Medicaid Preferred Drug List,Molina,Ohio_Molina_Ohio Medicaid Preferred Drug List.pdf,,,,completed
9a3c1973-1c09-4127-aae2-7a47e6520890,2daf1ac0-7229-41f6-94b8-cf49449dd810,93d585d6-a604-4766-b140-2aa31784d2d6,butenafine,Ohio,Covered,,,No,No,No,0.95,https://dam.assets.ohio.gov/image/upload/medicaid.ohio.gov/PHM/unified-pdl/20251001_UPDL_v1_approved.pdf,Ohio Medicaid Preferred Drug List,Molina,Ohio_Molina_Ohio Medicaid Preferred Drug List.pdf,,,,completed
bf68aa47-2e97-4473-a6ac-395b73aef12d,2daf1ac0-7229-41f6-94b8-cf49449dd810,93d585d6-a604-4766-b140-2aa31784d2d6,ciclopirox,Ohio,Covered,,,No,No,No,0.95,https://dam.assets.ohio.gov/image/upload/medicaid.ohio.gov/PHM/unified-pdl/20251001_UPDL_v1_approved.pdf,Ohio Medicaid Preferred Drug List,Molina,Ohio_Molina_Ohio Medicaid Preferred Drug List.pdf,,,,completed
bca7432b-2fe6-47f1-b5fe-31da52a38b1d,2daf1ac0-7229-41f6-94b8-cf49449dd810,93d585d6-a604-4766-b140-2aa31784d2d6,clotrimazole,Ohio,Covered,,,No,No,No,0.95,https://dam.assets.ohio.gov/image/upload/medicaid.ohio.gov/PHM/unified-pdl/20251001_UPDL_v1_approved.pdf,Ohio Medicaid Preferred Drug List,Molina,Ohio_Molina_Ohio Medicaid Preferred Drug List.pdf,,,,completed
f6cbd543-38b6-4f2d-9cda-aaabe24fa195,2daf1ac0-7229-41f6-94b8-cf49449dd810,93d585d6-a604-4766-b140-2aa31784d2d6,clotrimazole/betamethasone,Ohio,Covered,,,No,No,No,0.95,https://dam.assets.ohio.gov/image/upload/medicaid.ohio.gov/PHM/unified-pdl/20251001_UPDL_v1_approved.pdf,Ohio Medicaid Preferred Drug List,Molina,Ohio_Molina_Ohio Medicaid Preferred Drug List.pdf,,,,completed
90990aac-5a16-4d24-9b13-bdbf0d958e9d,2daf1ac0-7229-41f6-94b8-cf49449dd810,93d585d6-a604-4766-b140-2aa31784d2d6,econazole,Ohio,Covered,,,No,No,No,0.95,https://dam.assets.ohio.gov/image/upload/medicaid.ohio.gov/PHM/unified-pdl/20251001_UPDL_v1_approved.pdf,Ohio Medicaid Preferred Drug List,Molina,Ohio_Molina_Ohio Medicaid Preferred Drug List.pdf,,,,completed
b66e12b6-a02a-43e8-9390-0bb60b769ecd,2daf1ac0-7229-41f6-94b8-cf49449dd810,93d585d6-a604-4766-b140-2aa31784d2d6,ketoconazole,Ohio,Covered,,,No,No,No,0.95,https://dam.assets.ohio.gov/image/upload/medicaid.ohio.gov/PHM/unified-pdl/20251001_UPDL_v1_approved.pdf,Ohio Medicaid Preferred Drug List,Molina,Ohio_Molina_Ohio Medicaid Preferred Drug List.pdf,,,,completed
888f24d6-670b-462b-a007-79d5232fc1b6,2daf1ac0-7229-41f6-94b8-cf49449dd810,93d585d6-a604-4766-b140-2aa31784d2d6,miconazole,Ohio,Covered,,,No,No,No,0.95,https://dam.assets.ohio.gov/image/upload/medicaid.ohio.gov/PHM/unified-pdl/20251001_UPDL_v1_approved.pdf,Ohio Medicaid Preferred Drug List,Molina,Ohio_Molina_Ohio Medicaid Preferred Drug List.pdf,,,,completed
51e5fa43-6ea6-4f90-acc4-c90df2e14dd7,2daf1ac0-7229-41f6-94b8-cf49449dd810,93d585d6-a604-4766-b140-2aa31784d2d6,nystatin,Ohio,Covered,,,No,No,No,0.95,https://dam.assets.ohio.gov/image/upload/medicaid.ohio.gov/PHM/unified-pdl/20251001_UPDL_v1_approved.pdf,Ohio Medicaid Preferred Drug List,Molina,Ohio_Molina_Ohio Medicaid Preferred Drug List.pdf,,,,completed
a205ae3f-80a5-42bc-b81b-6192237fb8ef,2daf1ac0-7229-41f6-94b8-cf49449dd810,93d585d6-a604-4766-b140-2aa31784d2d6,nystatin/triamcinolone,Ohio,Covered,,,No,No,No,0.95,https://dam.assets.ohio.gov/image/upload/medicaid.ohio.gov/PHM/unified-pdl/20251001_UPDL_v1_approved.pdf,Ohio Medicaid Preferred Drug List,Molina,Ohio_Molina_Ohio Medicaid Preferred Drug List.pdf,,,,completed
e59c1212-83ff-4ba0-9861-786190b45eee,2daf1ac0-7229-41f6-94b8-cf49449dd810,93d585d6-a604-4766-b140-2aa31784d2d6,terbinafine,Ohio,Covered,,,No,No,No,0.95,https://dam.assets.ohio.gov/image/upload/medicaid.ohio.gov/PHM/unified-pdl/20251001_UPDL_v1_approved.pdf,Ohio Medicaid Preferred Drug List,Molina,Ohio_Molina_Ohio Medicaid Preferred Drug List.pdf,,,,completed
293a59f0-4776-4e5a-bcee-02137369c1c4,2daf1ac0-7229-41f6-94b8-cf49449dd810,93d585d6-a604-4766-b140-2aa31784d2d6,"tolnaftate cream, powder",Ohio,Covered,,,No,No,No,0.95,https://dam.assets.ohio.gov/image/upload/medicaid.ohio.gov/PHM/unified-pdl/20251001_UPDL_v1_approved.pdf,Ohio Medicaid Preferred Drug List,Molina,Ohio_Molina_Ohio Medicaid Preferred Drug List.pdf,,,,completed
6932ad51-7ae2-4b5a-b177-87dfc99dcb30,2daf1ac0-7229-41f6-94b8-cf49449dd810,93d585d6-a604-4766-b140-2aa31784d2d6,ciclopirox,Ohio,Covered,NON-PREFERRED,,No,No,No,0.95,https://dam.assets.ohio.gov/image/upload/medicaid.ohio.gov/PHM/unified-pdl/20251001_UPDL_v1_approved.pdf,Ohio Medicaid Preferred Drug List,Molina,Ohio_Molina_Ohio Medicaid Preferred Drug List.pdf,,,,completed
641ad71a-645e-43ee-a235-9b0dbfb18431,2daf1ac0-7229-41f6-94b8-cf49449dd810,93d585d6-a604-4766-b140-2aa31784d2d6,JUBLIA,Ohio,Covered,NON-PREFERRED,['PA'],Yes,No,No,0.95,https://dam.assets.ohio.gov/image/upload/medicaid.ohio.gov/PHM/unified-pdl/20251001_UPDL_v1_approved.pdf,Ohio Medicaid Preferred Drug List,Molina,Ohio_Molina_Ohio Medicaid Preferred Drug List.pdf,,,,completed
b98325a4-9a57-4de3-9c04-4382a8ade277,2daf1ac0-7229-41f6-94b8-cf49449dd810,93d585d6-a604-4766-b140-2aa31784d2d6,ketoconazole foam,Ohio,Covered,NON-PREFERRED,,No,No,No,0.95,https://dam.assets.ohio.gov/image/upload/medicaid.ohio.gov/PHM/unified-pdl/20251001_UPDL_v1_approved.pdf,Ohio Medicaid Preferred Drug List,Molina,Ohio_Molina_Ohio Medicaid Preferred Drug List.pdf,,,,completed
60b8553c-e6d0-4a3a-9ae6-2ffeb43b5c7d,2daf1ac0-7229-41f6-94b8-cf49449dd810,93d585d6-a604-4766-b140-2aa31784d2d6,luliconazole,Ohio,Covered,NON-PREFERRED,,No,No,No,0.95,https://dam.assets.ohio.gov/image/upload/medicaid.ohio.gov/PHM/unified-pdl/20251001_UPDL_v1_approved.pdf,Ohio Medicaid Preferred Drug List,Molina,Ohio_Molina_Ohio Medicaid Preferred Drug List.pdf,,,,completed
f22e0891-431d-4210-9259-43ff2c5df382,2daf1ac0-7229-41f6-94b8-cf49449dd810,93d585d6-a604-4766-b140-2aa31784d2d6,miconazole/zinc/white petrolatum oint,Ohio,Covered,NON-PREFERRED,,No,No,No,0.95,https://dam.assets.ohio.gov/image/upload/medicaid.ohio.gov/PHM/unified-pdl/20251001_UPDL_v1_approved.pdf,Ohio Medicaid Preferred Drug List,Molina,Ohio_Molina_Ohio Medicaid Preferred Drug List.pdf,,,,completed
ade24b56-c850-4fae-98ae-c227ff744c49,2daf1ac0-7229-41f6-94b8-cf49449dd810,93d585d6-a604-4766-b140-2aa31784d2d6,naftifine,Ohio,Covered,NON-PREFERRED,,No,No,No,0.95,https://dam.assets.ohio.gov/image/upload/medicaid.ohio.gov/PHM/unified-pdl/20251001_UPDL_v1_approved.pdf,Ohio Medicaid Preferred Drug List,Molina,Ohio_Molina_Ohio Medicaid Preferred Drug List.pdf,,,,completed
b50abcbd-8c0e-4685-8ff9-4ce28517271a,2daf1ac0-7229-41f6-94b8-cf49449dd810,93d585d6-a604-4766-b140-2aa31784d2d6,oxiconazole,Ohio,Covered,NON-PREFERRED,,No,No,No,0.95,https://dam.assets.ohio.gov/image/upload/medicaid.ohio.gov/PHM/unified-pdl/20251001_UPDL_v1_approved.pdf,Ohio Medicaid Preferred Drug List,Molina,Ohio_Molina_Ohio Medicaid Preferred Drug List.pdf,,,,completed
49cf0b30-0810-4554-ad5d-bf964c6fddd6,2daf1ac0-7229-41f6-94b8-cf49449dd810,93d585d6-a604-4766-b140-2aa31784d2d6,OXISTAT,Ohio,Covered,NON-PREFERRED,,No,No,No,0.95,https://dam.assets.ohio.gov/image/upload/medicaid.ohio.gov/PHM/unified-pdl/20251001_UPDL_v1_approved.pdf,Ohio Medicaid Preferred Drug List,Molina,Ohio_Molina_Ohio Medicaid Preferred Drug List.pdf,,,,completed
d7a8fe78-34ad-4014-9dd9-02ab3756ed08,2daf1ac0-7229-41f6-94b8-cf49449dd810,93d585d6-a604-4766-b140-2aa31784d2d6,tavaborole,Ohio,Covered,NON-PREFERRED,,No,No,No,0.95,https://dam.assets.ohio.gov/image/upload/medicaid.ohio.gov/PHM/unified-pdl/20251001_UPDL_v1_approved.pdf,Ohio Medicaid Preferred Drug List,Molina,Ohio_Molina_Ohio Medicaid Preferred Drug List.pdf,,,,completed
69c6d296-5653-4fde-8520-dba50954fd4f,2daf1ac0-7229-41f6-94b8-cf49449dd810,93d585d6-a604-4766-b140-2aa31784d2d6,tolnaftate soln,Ohio,Covered,NON-PREFERRED,,No,No,No,0.95,https://dam.assets.ohio.gov/image/upload/medicaid.ohio.gov/PHM/unified-pdl/20251001_UPDL_v1_approved.pdf,Ohio Medicaid Preferred Drug List,Molina,Ohio_Molina_Ohio Medicaid Preferred Drug List.pdf,,,,completed
d774a45c-da54-4a5d-b218-087a69030c99,2daf1ac0-7229-41f6-94b8-cf49449dd810,93d585d6-a604-4766-b140-2aa31784d2d6,ANORO ELLIPTA,Ohio,Covered,Tier 1,,No,No,No,0.95,https://dam.assets.ohio.gov/image/upload/medicaid.ohio.gov/PHM/unified-pdl/20251001_UPDL_v1_approved.pdf,Ohio Medicaid Preferred Drug List,Molina,Ohio_Molina_Ohio Medicaid Preferred Drug List.pdf,,,,completed
3c306bdf-642e-456b-838f-a0b45a3d7ef8,2daf1ac0-7229-41f6-94b8-cf49449dd810,93d585d6-a604-4766-b140-2aa31784d2d6,ATROVENT,Ohio,Covered,Tier 1,,No,No,No,0.95,https://dam.assets.ohio.gov/image/upload/medicaid.ohio.gov/PHM/unified-pdl/20251001_UPDL_v1_approved.pdf,Ohio Medicaid Preferred Drug List,Molina,Ohio_Molina_Ohio Medicaid Preferred Drug List.pdf,,,,completed
e390fed3-0e9b-40a6-9cf6-2c6b1a33d708,2daf1ac0-7229-41f6-94b8-cf49449dd810,93d585d6-a604-4766-b140-2aa31784d2d6,COMBIVENT RESPIMAT,Ohio,Covered,Tier 1,,No,No,No,0.95,https://dam.assets.ohio.gov/image/upload/medicaid.ohio.gov/PHM/unified-pdl/20251001_UPDL_v1_approved.pdf,Ohio Medicaid Preferred Drug List,Molina,Ohio_Molina_Ohio Medicaid Preferred Drug List.pdf,,,,completed
7498384a-94fa-4cce-b4a4-0ccf2622cda5,2daf1ac0-7229-41f6-94b8-cf49449dd810,93d585d6-a604-4766-b140-2aa31784d2d6,INCRUSE ELLIPTA,Ohio,Covered,Tier 1,,No,No,No,0.95,https://dam.assets.ohio.gov/image/upload/medicaid.ohio.gov/PHM/unified-pdl/20251001_UPDL_v1_approved.pdf,Ohio Medicaid Preferred Drug List,Molina,Ohio_Molina_Ohio Medicaid Preferred Drug List.pdf,,,,completed
9bc907fb-060a-4046-a3a3-5c655ffabc5d,2daf1ac0-7229-41f6-94b8-cf49449dd810,93d585d6-a604-4766-b140-2aa31784d2d6,ipratropium,Ohio,Covered,Tier 1,,No,No,No,0.95,https://dam.assets.ohio.gov/image/upload/medicaid.ohio.gov/PHM/unified-pdl/20251001_UPDL_v1_approved.pdf,Ohio Medicaid Preferred Drug List,Molina,Ohio_Molina_Ohio Medicaid Preferred Drug List.pdf,,,,completed
b39f548f-2bf9-4259-a770-46ffef6dbd91,2daf1ac0-7229-41f6-94b8-cf49449dd810,93d585d6-a604-4766-b140-2aa31784d2d6,ipratropium/albuterol neb soln,Ohio,Covered,Tier 1,,No,No,No,0.95,https://dam.assets.ohio.gov/image/upload/medicaid.ohio.gov/PHM/unified-pdl/20251001_UPDL_v1_approved.pdf,Ohio Medicaid Preferred Drug List,Molina,Ohio_Molina_Ohio Medicaid Preferred Drug List.pdf,,,,completed
ab616f02-8760-42af-b4c5-df5a342916d9,2daf1ac0-7229-41f6-94b8-cf49449dd810,93d585d6-a604-4766-b140-2aa31784d2d6,SPIRIVA,Ohio,Covered,Tier 1,,No,No,No,0.95,https://dam.assets.ohio.gov/image/upload/medicaid.ohio.gov/PHM/unified-pdl/20251001_UPDL_v1_approved.pdf,Ohio Medicaid Preferred Drug List,Molina,Ohio_Molina_Ohio Medicaid Preferred Drug List.pdf,,,,completed
643a8f25-3204-4acc-a356-ed6314a43018,2daf1ac0-7229-41f6-94b8-cf49449dd810,93d585d6-a604-4766-b140-2aa31784d2d6,STIOLTO,Ohio,Covered,Tier 1,,No,No,No,0.95,https://dam.assets.ohio.gov/image/upload/medicaid.ohio.gov/PHM/unified-pdl/20251001_UPDL_v1_approved.pdf,Ohio Medicaid Preferred Drug List,Molina,Ohio_Molina_Ohio Medicaid Preferred Drug List.pdf,,,,completed
c4fa65fd-19ed-4da2-83e6-fdd2260ec7d8,2daf1ac0-7229-41f6-94b8-cf49449dd810,93d585d6-a604-4766-b140-2aa31784d2d6,albuterol,Ohio,Covered,Tier 1,,No,No,No,0.95,https://dam.assets.ohio.gov/image/upload/medicaid.ohio.gov/PHM/unified-pdl/20251001_UPDL_v1_approved.pdf,Ohio Medicaid Preferred Drug List,Molina,Ohio_Molina_Ohio Medicaid Preferred Drug List.pdf,,,,completed
b5f62485-0b8d-4bee-a7d8-bb66b3b3dced,2daf1ac0-7229-41f6-94b8-cf49449dd810,93d585d6-a604-4766-b140-2aa31784d2d6,"albuterol neb 0.021% (0.63mg/3mL), 0.042% (1.25mg/3mL)",Ohio,Covered,Tier 1,['PA'],Yes,No,No,0.95,https://dam.assets.ohio.gov/image/upload/medicaid.ohio.gov/PHM/unified-pdl/20251001_UPDL_v1_approved.pdf,Ohio Medicaid Preferred Drug List,Molina,Ohio_Molina_Ohio Medicaid Preferred Drug List.pdf,,,,completed
1017a5e2-9844-48b1-a242-d6d8e839d006,2daf1ac0-7229-41f6-94b8-cf49449dd810,93d585d6-a604-4766-b140-2aa31784d2d6,albuterol neb 0.083% (2.5mg/3mL),Ohio,Covered,Tier 1,,No,No,No,0.95,https://dam.assets.ohio.gov/image/upload/medicaid.ohio.gov/PHM/unified-pdl/20251001_UPDL_v1_approved.pdf,Ohio Medicaid Preferred Drug List,Molina,Ohio_Molina_Ohio Medicaid Preferred Drug List.pdf,,,,completed
c8c5c39d-b352-466f-86fd-7fac54fcf0ab,2daf1ac0-7229-41f6-94b8-cf49449dd810,93d585d6-a604-4766-b140-2aa31784d2d6,albuterol neb 0.5% (5mg/mL) conc,Ohio,Covered,Tier 1,,No,No,No,0.95,https://dam.assets.ohio.gov/image/upload/medicaid.ohio.gov/PHM/unified-pdl/20251001_UPDL_v1_approved.pdf,Ohio Medicaid Preferred Drug List,Molina,Ohio_Molina_Ohio Medicaid Preferred Drug List.pdf,,,,completed
4a5b0256-2607-44d9-a45f-ae16859a7031,2daf1ac0-7229-41f6-94b8-cf49449dd810,93d585d6-a604-4766-b140-2aa31784d2d6,arformoterol,Ohio,Covered,Tier 1,,No,No,No,0.95,https://dam.assets.ohio.gov/image/upload/medicaid.ohio.gov/PHM/unified-pdl/20251001_UPDL_v1_approved.pdf,Ohio Medicaid Preferred Drug List,Molina,Ohio_Molina_Ohio Medicaid Preferred Drug List.pdf,,,,completed
db959d54-27ad-45cf-ae91-96867f6c61db,2daf1ac0-7229-41f6-94b8-cf49449dd810,93d585d6-a604-4766-b140-2aa31784d2d6,SEREVENT DISKUS,Ohio,Covered,Tier 1,,No,No,No,0.95,https://dam.assets.ohio.gov/image/upload/medicaid.ohio.gov/PHM/unified-pdl/20251001_UPDL_v1_approved.pdf,Ohio Medicaid Preferred Drug List,Molina,Ohio_Molina_Ohio Medicaid Preferred Drug List.pdf,,,,completed
ce2d16c2-d9a4-4075-832a-a873104b9465,2daf1ac0-7229-41f6-94b8-cf49449dd810,93d585d6-a604-4766-b140-2aa31784d2d6,STRIVERDI RESPIMAT,Ohio,Covered,Tier 1,,No,No,No,0.95,https://dam.assets.ohio.gov/image/upload/medicaid.ohio.gov/PHM/unified-pdl/20251001_UPDL_v1_approved.pdf,Ohio Medicaid Preferred Drug List,Molina,Ohio_Molina_Ohio Medicaid Preferred Drug List.pdf,,,,completed
ef3291ad-c20f-46b1-b4de-c61f2116c4d0,2daf1ac0-7229-41f6-94b8-cf49449dd810,93d585d6-a604-4766-b140-2aa31784d2d6,VENTOLIN,Ohio,Covered,Tier 1,,No,No,No,0.95,https://dam.assets.ohio.gov/image/upload/medicaid.ohio.gov/PHM/unified-pdl/20251001_UPDL_v1_approved.pdf,Ohio Medicaid Preferred Drug List,Molina,Ohio_Molina_Ohio Medicaid Preferred Drug List.pdf,,,,completed
eba8afbf-62ab-4f42-824c-0076411ecdbd,2daf1ac0-7229-41f6-94b8-cf49449dd810,93d585d6-a604-4766-b140-2aa31784d2d6,XOPENEX,Ohio,Covered,Tier 1,,No,No,No,0.95,https://dam.assets.ohio.gov/image/upload/medicaid.ohio.gov/PHM/unified-pdl/20251001_UPDL_v1_approved.pdf,Ohio Medicaid Preferred Drug List,Molina,Ohio_Molina_Ohio Medicaid Preferred Drug List.pdf,,,,completed
141c947a-907d-4d05-b12f-bc215dfb7e45,2daf1ac0-7229-41f6-94b8-cf49449dd810,93d585d6-a604-4766-b140-2aa31784d2d6,ADVAIR DISKUS,Ohio,Covered,Tier 1,,No,No,No,0.95,https://dam.assets.ohio.gov/image/upload/medicaid.ohio.gov/PHM/unified-pdl/20251001_UPDL_v1_approved.pdf,Ohio Medicaid Preferred Drug List,Molina,Ohio_Molina_Ohio Medicaid Preferred Drug List.pdf,,,,completed
79a23e77-87b4-4912-8c06-750e2f871aa3,2daf1ac0-7229-41f6-94b8-cf49449dd810,93d585d6-a604-4766-b140-2aa31784d2d6,ADVAIR,Ohio,Covered,Tier 1,,No,No,No,0.95,https://dam.assets.ohio.gov/image/upload/medicaid.ohio.gov/PHM/unified-pdl/20251001_UPDL_v1_approved.pdf,Ohio Medicaid Preferred Drug List,Molina,Ohio_Molina_Ohio Medicaid Preferred Drug List.pdf,,,,completed
9256ea2a-e412-4213-9d4a-94aca500a138,2daf1ac0-7229-41f6-94b8-cf49449dd810,93d585d6-a604-4766-b140-2aa31784d2d6,DULERA,Ohio,Covered,Tier 1,,No,No,No,0.95,https://dam.assets.ohio.gov/image/upload/medicaid.ohio.gov/PHM/unified-pdl/20251001_UPDL_v1_approved.pdf,Ohio Medicaid Preferred Drug List,Molina,Ohio_Molina_Ohio Medicaid Preferred Drug List.pdf,,,,completed
551d376c-a275-40ed-9618-d9bdf8edece1,2daf1ac0-7229-41f6-94b8-cf49449dd810,93d585d6-a604-4766-b140-2aa31784d2d6,SYMBICORT,Ohio,Covered,Tier 1,,No,No,No,0.95,https://dam.assets.ohio.gov/image/upload/medicaid.ohio.gov/PHM/unified-pdl/20251001_UPDL_v1_approved.pdf,Ohio Medicaid Preferred Drug List,Molina,Ohio_Molina_Ohio Medicaid Preferred Drug List.pdf,,,,completed
5403688f-41ef-4fee-a92b-28ad820b5ba2,2daf1ac0-7229-41f6-94b8-cf49449dd810,93d585d6-a604-4766-b140-2aa31784d2d6,AIRSUPRA,Ohio,Covered,Non-Preferred,['PA'],Yes,No,No,0.95,https://dam.assets.ohio.gov/image/upload/medicaid.ohio.gov/PHM/unified-pdl/20251001_UPDL_v1_approved.pdf,Ohio Medicaid Preferred Drug List,Molina,Ohio_Molina_Ohio Medicaid Preferred Drug List.pdf,,,,completed
096ca14c-9db2-4131-9cb4-10fdc61cd29c,2daf1ac0-7229-41f6-94b8-cf49449dd810,93d585d6-a604-4766-b140-2aa31784d2d6,BEVESPI AEROSPHERE,Ohio,Covered,Non-Preferred,['PA'],Yes,No,No,0.95,https://dam.assets.ohio.gov/image/upload/medicaid.ohio.gov/PHM/unified-pdl/20251001_UPDL_v1_approved.pdf,Ohio Medicaid Preferred Drug List,Molina,Ohio_Molina_Ohio Medicaid Preferred Drug List.pdf,,,,completed
a121c841-aab8-456f-a573-4c7b1af0c664,2daf1ac0-7229-41f6-94b8-cf49449dd810,93d585d6-a604-4766-b140-2aa31784d2d6,DUAKLIR PRESSAIR,Ohio,Covered,Non-Preferred,['PA'],Yes,No,No,0.95,https://dam.assets.ohio.gov/image/upload/medicaid.ohio.gov/PHM/unified-pdl/20251001_UPDL_v1_approved.pdf,Ohio Medicaid Preferred Drug List,Molina,Ohio_Molina_Ohio Medicaid Preferred Drug List.pdf,,,,completed
e60c19e4-3a79-443a-b44a-d2315539daf5,2daf1ac0-7229-41f6-94b8-cf49449dd810,93d585d6-a604-4766-b140-2aa31784d2d6,tiotropium inhaled caps,Ohio,Covered,Non-Preferred,['PA'],Yes,No,No,0.95,https://dam.assets.ohio.gov/image/upload/medicaid.ohio.gov/PHM/unified-pdl/20251001_UPDL_v1_approved.pdf,Ohio Medicaid Preferred Drug List,Molina,Ohio_Molina_Ohio Medicaid Preferred Drug List.pdf,,,,completed
4713bb4b-ff45-4f45-9da7-fcc648bc73b7,2daf1ac0-7229-41f6-94b8-cf49449dd810,93d585d6-a604-4766-b140-2aa31784d2d6,TUDORZA,Ohio,Covered,Non-Preferred,['PA'],Yes,No,No,0.95,https://dam.assets.ohio.gov/image/upload/medicaid.ohio.gov/PHM/unified-pdl/20251001_UPDL_v1_approved.pdf,Ohio Medicaid Preferred Drug List,Molina,Ohio_Molina_Ohio Medicaid Preferred Drug List.pdf,,,,completed
627050bb-c7f3-478a-a3e7-4e622ffa4c03,2daf1ac0-7229-41f6-94b8-cf49449dd810,93d585d6-a604-4766-b140-2aa31784d2d6,umeclidinium/vilanterol,Ohio,Covered,Non-Preferred,['PA'],Yes,No,No,0.95,https://dam.assets.ohio.gov/image/upload/medicaid.ohio.gov/PHM/unified-pdl/20251001_UPDL_v1_approved.pdf,Ohio Medicaid Preferred Drug List,Molina,Ohio_Molina_Ohio Medicaid Preferred Drug List.pdf,,,,completed
10b51634-dd9c-432d-86ab-020dd7822ddc,2daf1ac0-7229-41f6-94b8-cf49449dd810,93d585d6-a604-4766-b140-2aa31784d2d6,YUPELRI,Ohio,Covered,Non-Preferred,['PA'],Yes,No,No,0.95,https://dam.assets.ohio.gov/image/upload/medicaid.ohio.gov/PHM/unified-pdl/20251001_UPDL_v1_approved.pdf,Ohio Medicaid Preferred Drug List,Molina,Ohio_Molina_Ohio Medicaid Preferred Drug List.pdf,,,,completed
0c42992e-601e-4099-b250-9a460a906262,2daf1ac0-7229-41f6-94b8-cf49449dd810,93d585d6-a604-4766-b140-2aa31784d2d6,formoterol fumarate,Ohio,Covered,Non-Preferred,['PA'],Yes,No,No,0.95,https://dam.assets.ohio.gov/image/upload/medicaid.ohio.gov/PHM/unified-pdl/20251001_UPDL_v1_approved.pdf,Ohio Medicaid Preferred Drug List,Molina,Ohio_Molina_Ohio Medicaid Preferred Drug List.pdf,,,,completed
d641b5c0-74ef-4136-a263-a979fea50b67,2daf1ac0-7229-41f6-94b8-cf49449dd810,93d585d6-a604-4766-b140-2aa31784d2d6,levalbuterol,Ohio,Covered,Non-Preferred,['PA'],Yes,No,No,0.95,https://dam.assets.ohio.gov/image/upload/medicaid.ohio.gov/PHM/unified-pdl/20251001_UPDL_v1_approved.pdf,Ohio Medicaid Preferred Drug List,Molina,Ohio_Molina_Ohio Medicaid Preferred Drug List.pdf,,,,completed
80c06894-2883-484a-aa21-58912da1fcbc,2daf1ac0-7229-41f6-94b8-cf49449dd810,93d585d6-a604-4766-b140-2aa31784d2d6,"PROAIR DIGIHALER, RESPICLICK",Ohio,Covered,Non-Preferred,['PA'],Yes,No,No,0.95,https://dam.assets.ohio.gov/image/upload/medicaid.ohio.gov/PHM/unified-pdl/20251001_UPDL_v1_approved.pdf,Ohio Medicaid Preferred Drug List,Molina,Ohio_Molina_Ohio Medicaid Preferred Drug List.pdf,,,,completed
5efce84b-4caf-4d74-9f54-429b8e7277ef,2daf1ac0-7229-41f6-94b8-cf49449dd810,93d585d6-a604-4766-b140-2aa31784d2d6,BREO ELLIPTA,Ohio,Covered,Non-Preferred,['PA'],Yes,No,No,0.95,https://dam.assets.ohio.gov/image/upload/medicaid.ohio.gov/PHM/unified-pdl/20251001_UPDL_v1_approved.pdf,Ohio Medicaid Preferred Drug List,Molina,Ohio_Molina_Ohio Medicaid Preferred Drug List.pdf,,,,completed
6736da7f-4b3c-42ce-b761-4df048380417,2daf1ac0-7229-41f6-94b8-cf49449dd810,93d585d6-a604-4766-b140-2aa31784d2d6,BREYNA,Ohio,Covered,Non-Preferred,['PA'],Yes,No,No,0.95,https://dam.assets.ohio.gov/image/upload/medicaid.ohio.gov/PHM/unified-pdl/20251001_UPDL_v1_approved.pdf,Ohio Medicaid Preferred Drug List,Molina,Ohio_Molina_Ohio Medicaid Preferred Drug List.pdf,,,,completed
efd2a9c0-2eed-4606-8b59-c94651c9d8dc,2daf1ac0-7229-41f6-94b8-cf49449dd810,93d585d6-a604-4766-b140-2aa31784d2d6,BREZTRI AEROSPHERE,Ohio,Covered,Non-Preferred,['PA'],Yes,No,No,0.95,https://dam.assets.ohio.gov/image/upload/medicaid.ohio.gov/PHM/unified-pdl/20251001_UPDL_v1_approved.pdf,Ohio Medicaid Preferred Drug List,Molina,Ohio_Molina_Ohio Medicaid Preferred Drug List.pdf,,,,completed
92fbbf3c-40fc-4dea-8a21-9c36762ab966,2daf1ac0-7229-41f6-94b8-cf49449dd810,93d585d6-a604-4766-b140-2aa31784d2d6,budesonide/formoterol,Ohio,Covered,Non-Preferred,['PA'],Yes,No,No,0.95,https://dam.assets.ohio.gov/image/upload/medicaid.ohio.gov/PHM/unified-pdl/20251001_UPDL_v1_approved.pdf,Ohio Medicaid Preferred Drug List,Molina,Ohio_Molina_Ohio Medicaid Preferred Drug List.pdf,,,,completed
7c8e1c81-91fa-4d53-af8d-f1e5098f6e3c,2daf1ac0-7229-41f6-94b8-cf49449dd810,93d585d6-a604-4766-b140-2aa31784d2d6,fluticasone/salmeterol,Ohio,Covered,Non-Preferred,['PA'],Yes,No,No,0.95,https://dam.assets.ohio.gov/image/upload/medicaid.ohio.gov/PHM/unified-pdl/20251001_UPDL_v1_approved.pdf,Ohio Medicaid Preferred Drug List,Molina,Ohio_Molina_Ohio Medicaid Preferred Drug List.pdf,,,,completed
c81fdfee-964c-4ee5-8eb8-e8a944d8293a,2daf1ac0-7229-41f6-94b8-cf49449dd810,93d585d6-a604-4766-b140-2aa31784d2d6,TRELEGY ELLIPTA,Ohio,Covered,Non-Preferred,['PA'],Yes,No,No,0.95,https://dam.assets.ohio.gov/image/upload/medicaid.ohio.gov/PHM/unified-pdl/20251001_UPDL_v1_approved.pdf,Ohio Medicaid Preferred Drug List,Molina,Ohio_Molina_Ohio Medicaid Preferred Drug List.pdf,,,,completed
35e78371-4e0c-4ec2-aa13-dc429adc4e19,2daf1ac0-7229-41f6-94b8-cf49449dd810,93d585d6-a604-4766-b140-2aa31784d2d6,WIXELA INHUB,Ohio,Covered,Non-Preferred,['PA'],Yes,No,No,0.95,https://dam.assets.ohio.gov/image/upload/medicaid.ohio.gov/PHM/unified-pdl/20251001_UPDL_v1_approved.pdf,Ohio Medicaid Preferred Drug List,Molina,Ohio_Molina_Ohio Medicaid Preferred Drug List.pdf,,,,completed
b7e1a3b6-db6a-4eca-aa16-0cce1e5ab27a,2daf1ac0-7229-41f6-94b8-cf49449dd810,93d585d6-a604-4766-b140-2aa31784d2d6,ALVESCO,Ohio,Covered,Non-Preferred,['PA'],Yes,No,No,0.95,https://dam.assets.ohio.gov/image/upload/medicaid.ohio.gov/PHM/unified-pdl/20251001_UPDL_v1_approved.pdf,Ohio Medicaid Preferred Drug List,Molina,Ohio_Molina_Ohio Medicaid Preferred Drug List.pdf,,,,completed
9d50d55b-0818-4796-a9b7-283ef22d59b5,2daf1ac0-7229-41f6-94b8-cf49449dd810,93d585d6-a604-4766-b140-2aa31784d2d6,ARNUITY ELLIPTA,Ohio,Covered,Tier 1,,No,No,No,0.95,https://dam.assets.ohio.gov/image/upload/medicaid.ohio.gov/PHM/unified-pdl/20251001_UPDL_v1_approved.pdf,Ohio Medicaid Preferred Drug List,Molina,Ohio_Molina_Ohio Medicaid Preferred Drug List.pdf,,,,completed
7d87d4f5-e39f-4f99-8f47-7b5bd182b6e3,2daf1ac0-7229-41f6-94b8-cf49449dd810,93d585d6-a604-4766-b140-2aa31784d2d6,"desonide cream, oint",Ohio,Covered,LOW POTENCY,,No,No,No,0.95,https://dam.assets.ohio.gov/image/upload/medicaid.ohio.gov/PHM/unified-pdl/20251001_UPDL_v1_approved.pdf,Ohio Medicaid Preferred Drug List,Molina,Ohio_Molina_Ohio Medicaid Preferred Drug List.pdf,,,,completed
30cc2660-4029-474d-a5af-2eef2e84c1e0,2daf1ac0-7229-41f6-94b8-cf49449dd810,93d585d6-a604-4766-b140-2aa31784d2d6,fluocinolone acetonide 0.01%,Ohio,Covered,LOW POTENCY,,No,No,No,0.95,https://dam.assets.ohio.gov/image/upload/medicaid.ohio.gov/PHM/unified-pdl/20251001_UPDL_v1_approved.pdf,Ohio Medicaid Preferred Drug List,Molina,Ohio_Molina_Ohio Medicaid Preferred Drug List.pdf,,,,completed
8897a2b2-d81c-4a4d-b67d-891bb622a6b7,2daf1ac0-7229-41f6-94b8-cf49449dd810,93d585d6-a604-4766-b140-2aa31784d2d6,hydrocortisone,Ohio,Covered,LOW POTENCY,,No,No,No,0.95,https://dam.assets.ohio.gov/image/upload/medicaid.ohio.gov/PHM/unified-pdl/20251001_UPDL_v1_approved.pdf,Ohio Medicaid Preferred Drug List,Molina,Ohio_Molina_Ohio Medicaid Preferred Drug List.pdf,,,,completed
11ef7134-3a06-49a6-adf8-d0373cb263d3,2daf1ac0-7229-41f6-94b8-cf49449dd810,93d585d6-a604-4766-b140-2aa31784d2d6,alclometasone,Ohio,Covered,NON-PREFERRED AGENTS,,No,No,No,0.95,https://dam.assets.ohio.gov/image/upload/medicaid.ohio.gov/PHM/unified-pdl/20251001_UPDL_v1_approved.pdf,Ohio Medicaid Preferred Drug List,Molina,Ohio_Molina_Ohio Medicaid Preferred Drug List.pdf,,,,completed
a98f71f9-77a5-4b64-8930-d1384c70e552,2daf1ac0-7229-41f6-94b8-cf49449dd810,93d585d6-a604-4766-b140-2aa31784d2d6,desonide lotion,Ohio,Covered,NON-PREFERRED AGENTS,,No,No,No,0.95,https://dam.assets.ohio.gov/image/upload/medicaid.ohio.gov/PHM/unified-pdl/20251001_UPDL_v1_approved.pdf,Ohio Medicaid Preferred Drug List,Molina,Ohio_Molina_Ohio Medicaid Preferred Drug List.pdf,,,,completed
274d5b86-d319-4323-b69c-8a7a23dbe37b,2daf1ac0-7229-41f6-94b8-cf49449dd810,93d585d6-a604-4766-b140-2aa31784d2d6,TEXACORT,Ohio,Covered,NON-PREFERRED AGENTS,,No,No,No,0.95,https://dam.assets.ohio.gov/image/upload/medicaid.ohio.gov/PHM/unified-pdl/20251001_UPDL_v1_approved.pdf,Ohio Medicaid Preferred Drug List,Molina,Ohio_Molina_Ohio Medicaid Preferred Drug List.pdf,,,,completed
0de69331-be96-4bc4-a5f3-e8566e79d112,2daf1ac0-7229-41f6-94b8-cf49449dd810,93d585d6-a604-4766-b140-2aa31784d2d6,betamethasone valerate,Ohio,Covered,MEDIUM POTENCY,,No,No,No,0.95,https://dam.assets.ohio.gov/image/upload/medicaid.ohio.gov/PHM/unified-pdl/20251001_UPDL_v1_approved.pdf,Ohio Medicaid Preferred Drug List,Molina,Ohio_Molina_Ohio Medicaid Preferred Drug List.pdf,,,,completed
4936db56-990b-4599-ad2d-e9093e4f6fa5,2daf1ac0-7229-41f6-94b8-cf49449dd810,93d585d6-a604-4766-b140-2aa31784d2d6,flurandrenolide,Ohio,Covered,MEDIUM POTENCY,,No,No,No,0.95,https://dam.assets.ohio.gov/image/upload/medicaid.ohio.gov/PHM/unified-pdl/20251001_UPDL_v1_approved.pdf,Ohio Medicaid Preferred Drug List,Molina,Ohio_Molina_Ohio Medicaid Preferred Drug List.pdf,,,,completed
6fd83f3e-3003-4c96-879a-6aa5c24db45d,2daf1ac0-7229-41f6-94b8-cf49449dd810,93d585d6-a604-4766-b140-2aa31784d2d6,"fluticasone propionate cream, oint",Ohio,Covered,MEDIUM POTENCY,,No,No,No,0.95,https://dam.assets.ohio.gov/image/upload/medicaid.ohio.gov/PHM/unified-pdl/20251001_UPDL_v1_approved.pdf,Ohio Medicaid Preferred Drug List,Molina,Ohio_Molina_Ohio Medicaid Preferred Drug List.pdf,,,,completed
2d75ca73-fee9-4cdb-b6a1-ffb676d56340,2daf1ac0-7229-41f6-94b8-cf49449dd810,93d585d6-a604-4766-b140-2aa31784d2d6,"triamcinolone cream, lotion, oint",Ohio,Covered,MEDIUM POTENCY,,No,No,No,0.95,https://dam.assets.ohio.gov/image/upload/medicaid.ohio.gov/PHM/unified-pdl/20251001_UPDL_v1_approved.pdf,Ohio Medicaid Preferred Drug List,Molina,Ohio_Molina_Ohio Medicaid Preferred Drug List.pdf,,,,completed
6f7a2ad6-24ab-4926-b0be-d738a48640de,2daf1ac0-7229-41f6-94b8-cf49449dd810,93d585d6-a604-4766-b140-2aa31784d2d6,betamethasone val aerosol foam,Ohio,Covered,NON-PREFERRED AGENTS,,No,No,No,0.95,https://dam.assets.ohio.gov/image/upload/medicaid.ohio.gov/PHM/unified-pdl/20251001_UPDL_v1_approved.pdf,Ohio Medicaid Preferred Drug List,Molina,Ohio_Molina_Ohio Medicaid Preferred Drug List.pdf,,,,completed
b2dcb7b2-b62c-474e-9c65-b1dbfbd8573e,2daf1ac0-7229-41f6-94b8-cf49449dd810,93d585d6-a604-4766-b140-2aa31784d2d6,clocortolone pivalate,Ohio,Covered,NON-PREFERRED AGENTS,,No,No,No,0.95,https://dam.assets.ohio.gov/image/upload/medicaid.ohio.gov/PHM/unified-pdl/20251001_UPDL_v1_approved.pdf,Ohio Medicaid Preferred Drug List,Molina,Ohio_Molina_Ohio Medicaid Preferred Drug List.pdf,,,,completed
8241fa83-40a6-4fec-9696-b0334c9bafa3,2daf1ac0-7229-41f6-94b8-cf49449dd810,93d585d6-a604-4766-b140-2aa31784d2d6,fluocinolone acetonide 0.025%,Ohio,Covered,NON-PREFERRED AGENTS,,No,No,No,0.95,https://dam.assets.ohio.gov/image/upload/medicaid.ohio.gov/PHM/unified-pdl/20251001_UPDL_v1_approved.pdf,Ohio Medicaid Preferred Drug List,Molina,Ohio_Molina_Ohio Medicaid Preferred Drug List.pdf,,,,completed
a1424036-ad9c-4b12-8d4c-9526f49eafb1,2daf1ac0-7229-41f6-94b8-cf49449dd810,93d585d6-a604-4766-b140-2aa31784d2d6,fluticasone propionate lotion,Ohio,Covered,NON-PREFERRED AGENTS,,No,No,No,0.95,https://dam.assets.ohio.gov/image/upload/medicaid.ohio.gov/PHM/unified-pdl/20251001_UPDL_v1_approved.pdf,Ohio Medicaid Preferred Drug List,Molina,Ohio_Molina_Ohio Medicaid Preferred Drug List.pdf,,,,completed
051ae657-3108-4a08-952d-593621d4d4c5,2daf1ac0-7229-41f6-94b8-cf49449dd810,93d585d6-a604-4766-b140-2aa31784d2d6,"hydrocortisone butyrate, valerate",Ohio,Covered,NON-PREFERRED AGENTS,,No,No,No,0.95,https://dam.assets.ohio.gov/image/upload/medicaid.ohio.gov/PHM/unified-pdl/20251001_UPDL_v1_approved.pdf,Ohio Medicaid Preferred Drug List,Molina,Ohio_Molina_Ohio Medicaid Preferred Drug List.pdf,,,,completed
0ea5f358-34b9-405d-a3a0-07a7dab759a9,2daf1ac0-7229-41f6-94b8-cf49449dd810,93d585d6-a604-4766-b140-2aa31784d2d6,PANDEL,Ohio,Covered,NON-PREFERRED AGENTS,,No,No,No,0.95,https://dam.assets.ohio.gov/image/upload/medicaid.ohio.gov/PHM/unified-pdl/20251001_UPDL_v1_approved.pdf,Ohio Medicaid Preferred Drug List,Molina,Ohio_Molina_Ohio Medicaid Preferred Drug List.pdf,,,,completed
8d35b5e5-4869-4098-8767-89ac587983a3,2daf1ac0-7229-41f6-94b8-cf49449dd810,93d585d6-a604-4766-b140-2aa31784d2d6,triamcinolone spray,Ohio,Covered,NON-PREFERRED AGENTS,,No,No,No,0.95,https://dam.assets.ohio.gov/image/upload/medicaid.ohio.gov/PHM/unified-pdl/20251001_UPDL_v1_approved.pdf,Ohio Medicaid Preferred Drug List,Molina,Ohio_Molina_Ohio Medicaid Preferred Drug List.pdf,,,,completed
00171343-ab32-45a1-9b2e-881dcff0e816,2daf1ac0-7229-41f6-94b8-cf49449dd810,93d585d6-a604-4766-b140-2aa31784d2d6,betamethasone dip/calcipotriene oint,Ohio,Covered,HIGH POTENCY,,No,No,No,0.95,https://dam.assets.ohio.gov/image/upload/medicaid.ohio.gov/PHM/unified-pdl/20251001_UPDL_v1_approved.pdf,Ohio Medicaid Preferred Drug List,Molina,Ohio_Molina_Ohio Medicaid Preferred Drug List.pdf,,,,completed
296429ca-fcce-4582-a327-8e24029e062b,2daf1ac0-7229-41f6-94b8-cf49449dd810,93d585d6-a604-4766-b140-2aa31784d2d6,fluocinonide 0.05%,Ohio,Covered,HIGH POTENCY,,No,No,No,0.95,https://dam.assets.ohio.gov/image/upload/medicaid.ohio.gov/PHM/unified-pdl/20251001_UPDL_v1_approved.pdf,Ohio Medicaid Preferred Drug List,Molina,Ohio_Molina_Ohio Medicaid Preferred Drug List.pdf,,,,completed
f0815fb2-b987-4841-be7a-653318c23bb6,2daf1ac0-7229-41f6-94b8-cf49449dd810,93d585d6-a604-4766-b140-2aa31784d2d6,mometasone furoate,Ohio,Covered,HIGH POTENCY,,No,No,No,0.95,https://dam.assets.ohio.gov/image/upload/medicaid.ohio.gov/PHM/unified-pdl/20251001_UPDL_v1_approved.pdf,Ohio Medicaid Preferred Drug List,Molina,Ohio_Molina_Ohio Medicaid Preferred Drug List.pdf,,,,completed
be16808c-0e5b-4003-8c4a-5ec7b81e5e95,2daf1ac0-7229-41f6-94b8-cf49449dd810,93d585d6-a604-4766-b140-2aa31784d2d6,betamethasone,Ohio,Covered,NON-PREFERRED AGENTS,,No,No,No,0.95,https://dam.assets.ohio.gov/image/upload/medicaid.ohio.gov/PHM/unified-pdl/20251001_UPDL_v1_approved.pdf,Ohio Medicaid Preferred Drug List,Molina,Ohio_Molina_Ohio Medicaid Preferred Drug List.pdf,,,,completed
d56a600e-4838-4a74-975e-923a9fa68a8f,2daf1ac0-7229-41f6-94b8-cf49449dd810,93d585d6-a604-4766-b140-2aa31784d2d6,betamethasone dip/calcipotriene susp,Ohio,Covered,NON-PREFERRED AGENTS,,No,No,No,0.95,https://dam.assets.ohio.gov/image/upload/medicaid.ohio.gov/PHM/unified-pdl/20251001_UPDL_v1_approved.pdf,Ohio Medicaid Preferred Drug List,Molina,Ohio_Molina_Ohio Medicaid Preferred Drug List.pdf,,,,completed
720f6f02-bb42-4dbf-b821-2c9a6c1acf22,2daf1ac0-7229-41f6-94b8-cf49449dd810,93d585d6-a604-4766-b140-2aa31784d2d6,desoximetasone,Ohio,Covered,NON-PREFERRED AGENTS,,No,No,No,0.95,https://dam.assets.ohio.gov/image/upload/medicaid.ohio.gov/PHM/unified-pdl/20251001_UPDL_v1_approved.pdf,Ohio Medicaid Preferred Drug List,Molina,Ohio_Molina_Ohio Medicaid Preferred Drug List.pdf,,,,completed
844237b9-499c-4647-9474-743fb2d44550,2daf1ac0-7229-41f6-94b8-cf49449dd810,93d585d6-a604-4766-b140-2aa31784d2d6,diflorasone diacetate,Ohio,Covered,NON-PREFERRED AGENTS,,No,No,No,0.95,https://dam.assets.ohio.gov/image/upload/medicaid.ohio.gov/PHM/unified-pdl/20251001_UPDL_v1_approved.pdf,Ohio Medicaid Preferred Drug List,Molina,Ohio_Molina_Ohio Medicaid Preferred Drug List.pdf,,,,completed
8982065b-95f5-41c1-8c24-cc41d99714b0,2daf1ac0-7229-41f6-94b8-cf49449dd810,93d585d6-a604-4766-b140-2aa31784d2d6,ENSTILAR,Ohio,Covered,NON-PREFERRED AGENTS,,No,No,No,0.95,https://dam.assets.ohio.gov/image/upload/medicaid.ohio.gov/PHM/unified-pdl/20251001_UPDL_v1_approved.pdf,Ohio Medicaid Preferred Drug List,Molina,Ohio_Molina_Ohio Medicaid Preferred Drug List.pdf,,,,completed
03a65b9b-7831-42c3-9f5f-f19967f44286,2daf1ac0-7229-41f6-94b8-cf49449dd810,93d585d6-a604-4766-b140-2aa31784d2d6,halcinonide,Ohio,Covered,NON-PREFERRED AGENTS,,No,No,No,0.95,https://dam.assets.ohio.gov/image/upload/medicaid.ohio.gov/PHM/unified-pdl/20251001_UPDL_v1_approved.pdf,Ohio Medicaid Preferred Drug List,Molina,Ohio_Molina_Ohio Medicaid Preferred Drug List.pdf,,,,completed
10d2dcc1-259f-4711-a873-83325bf15236,2daf1ac0-7229-41f6-94b8-cf49449dd810,93d585d6-a604-4766-b140-2aa31784d2d6,clobetasol propionate,Ohio,Covered,ULTRA HIGH POTENCY,,No,No,No,0.95,https://dam.assets.ohio.gov/image/upload/medicaid.ohio.gov/PHM/unified-pdl/20251001_UPDL_v1_approved.pdf,Ohio Medicaid Preferred Drug List,Molina,Ohio_Molina_Ohio Medicaid Preferred Drug List.pdf,,,,completed
1ae1f114-1a55-456f-86ff-b3b24221e0db,2daf1ac0-7229-41f6-94b8-cf49449dd810,93d585d6-a604-4766-b140-2aa31784d2d6,APEXICON E,Ohio,Covered,NON-PREFERRED AGENTS,,No,No,No,0.95,https://dam.assets.ohio.gov/image/upload/medicaid.ohio.gov/PHM/unified-pdl/20251001_UPDL_v1_approved.pdf,Ohio Medicaid Preferred Drug List,Molina,Ohio_Molina_Ohio Medicaid Preferred Drug List.pdf,,,,completed
feedcc76-a886-4088-b2e2-1b9b214bac2d,2daf1ac0-7229-41f6-94b8-cf49449dd810,93d585d6-a604-4766-b140-2aa31784d2d6,BRYHALI,Ohio,Covered,NON-PREFERRED AGENTS,,No,No,No,0.95,https://dam.assets.ohio.gov/image/upload/medicaid.ohio.gov/PHM/unified-pdl/20251001_UPDL_v1_approved.pdf,Ohio Medicaid Preferred Drug List,Molina,Ohio_Molina_Ohio Medicaid Preferred Drug List.pdf,,,,completed
4bffc5b7-a6e6-4138-8621-5cbdf39a8ab4,2daf1ac0-7229-41f6-94b8-cf49449dd810,93d585d6-a604-4766-b140-2aa31784d2d6,fluocinonide 0.1%,Ohio,Covered,NON-PREFERRED AGENTS,,No,No,No,0.95,https://dam.assets.ohio.gov/image/upload/medicaid.ohio.gov/PHM/unified-pdl/20251001_UPDL_v1_approved.pdf,Ohio Medicaid Preferred Drug List,Molina,Ohio_Molina_Ohio Medicaid Preferred Drug List.pdf,,,,completed
907835e7-e55b-43c1-9a9e-638c153642d8,2daf1ac0-7229-41f6-94b8-cf49449dd810,93d585d6-a604-4766-b140-2aa31784d2d6,halobetasol propionate,Ohio,Covered,NON-PREFERRED AGENTS,,No,No,No,0.95,https://dam.assets.ohio.gov/image/upload/medicaid.ohio.gov/PHM/unified-pdl/20251001_UPDL_v1_approved.pdf,Ohio Medicaid Preferred Drug List,Molina,Ohio_Molina_Ohio Medicaid Preferred Drug List.pdf,,,,completed
55bc212c-df4f-4f69-b0e0-d2b4db4e9590,2daf1ac0-7229-41f6-94b8-cf49449dd810,93d585d6-a604-4766-b140-2aa31784d2d6,ULTRAVATE,Ohio,Covered,NON-PREFERRED AGENTS,,No,No,No,0.95,https://dam.assets.ohio.gov/image/upload/medicaid.ohio.gov/PHM/unified-pdl/20251001_UPDL_v1_approved.pdf,Ohio Medicaid Preferred Drug List,Molina,Ohio_Molina_Ohio Medicaid Preferred Drug List.pdf,,,,completed
