2026-03-06 12:17:57,627 [INFO] Transaction 0eb8b0b3-3875-4e1e-ae55-a67ce5647e15 created.
2026-03-06 12:17:57,627 [INFO] Ensuring database schema exists...
2026-03-06 12:17:57,931 [INFO] Created/ensured processed_file_cache table
2026-03-06 12:17:57,941 [INFO] Created/ensured transaction table
2026-03-06 12:17:57,949 [INFO] Created/ensured audit table
2026-03-06 12:17:57,951 [INFO] Created partitioned drug_formulary_details table
2026-03-06 12:17:57,953 [INFO] Created/ensured pp_formulary_names table
2026-03-06 12:17:57,979 [INFO] Ensured coverage_status column exists in pp_formulary_names.
2026-03-06 12:17:57,989 [INFO] Updated confidence_score column type to DECIMAL(5,2).
2026-03-06 12:17:58,002 [INFO] Ensured product mapping columns exist in drug_formulary_details.
2026-03-06 12:17:58,008 [INFO] Added preferred_agent column to drug_formulary_details.
2026-03-06 12:17:58,010 [INFO] Added non_preferred_agent column to drug_formulary_details.
2026-03-06 12:17:58,066 [INFO] Database schema ensured successfully with partitioning and comprehensive indexing
2026-03-06 12:17:58,339 [INFO] Cache MISS for hash: 7c27a8dfbc35f156941160caf112a4f9e54273eb63e4eb96e33e452ba1f7625b
2026-03-06 12:17:58,516 [INFO] Cache MISS by URL: https://ebv-formulary-repository.s3.us-east-1.amazonaws.com/Testing/pdf/7c27a8df...
2026-03-06 12:17:58,644 [INFO] Cache MISS for hash: 7c27a8dfbc35f156941160caf112a4f9e54273eb63e4eb96e33e452ba1f7625b
2026-03-06 12:17:58,745 [INFO] Cache MISS by URL: https://ebv-formulary-repository.s3.us-east-1.amazonaws.com/Testing/pdf/7c27a8df...
2026-03-06 12:17:58,847 [INFO] Cache MISS for hash: 92ec3982fa008e2fec3ee690996fc9ac3305c25fa6075d3d4c5cf113a3f7ccc8
2026-03-06 12:17:58,939 [INFO] Cache MISS by URL: https://ebv-formulary-repository.s3.us-east-1.amazonaws.com/Testing/pdf/92ec3982...
2026-03-06 12:17:59,073 [INFO] Transaction 45d5d6df-2a1b-443b-995e-bfef806a25a9 created.
2026-03-06 12:17:59,102 [INFO] Transaction 86a7a99b-6f5b-4917-8168-1ae067a28d37 created.
2026-03-06 12:17:59,130 [INFO] Transaction 4c8885b5-8d69-4af1-96ec-5fbe741083dd created.
2026-03-06 12:17:59,222 [INFO] Loaded 15 acronyms into memory cache for Delaware First Health (Delaware)
2026-03-06 12:17:59,222 [INFO] Loaded 15 acronyms into memory cache for Delaware First Health (Delaware)
2026-03-06 12:17:59,230 [INFO] Loaded 15 acronyms into memory cache for Delaware First Health (Delaware)
2026-03-06 12:17:59,335 [INFO] Cache MISS by URL: https://ebv-formulary-repository.s3.us-east-1.amazonaws.com/Testing/pdf/7c27a8df...
2026-03-06 12:17:59,350 [INFO] Cache MISS by URL: https://ebv-formulary-repository.s3.us-east-1.amazonaws.com/Testing/pdf/92ec3982...
2026-03-06 12:18:06,240 [INFO] Cache MISS for hash: 92ec3982fa008e2fec3ee690996fc9ac3305c25fa6075d3d4c5cf113a3f7ccc8
2026-03-06 12:18:06,273 [INFO] Cache MISS for hash: 7c27a8dfbc35f156941160caf112a4f9e54273eb63e4eb96e33e452ba1f7625b
2026-03-06 12:18:22,639 [INFO] Preparing to delete all existing drug records for plan_id: f8b2d526-0af6-41dd-bc48-1985821b6389
2026-03-06 12:18:22,726 [INFO] Successfully deleted 0 records for plan_id: f8b2d526-0af6-41dd-bc48-1985821b6389
2026-03-06 12:18:23,839 [INFO] Preparing to insert 54 records into the database.
2026-03-06 12:18:23,964 [INFO] Successfully inserted or updated 54 records.
2026-03-06 12:18:23,964 [INFO] db.insert drug_formulary_details count=54
2026-03-06 12:18:24,202 [INFO] Successfully inserted or updated 15 records into pp_formulary_names.
2026-03-06 12:18:24,477 [INFO] Successfully cached result for hash: 92ec3982fa008e2fec3ee690996fc9ac3305c25fa6075d3d4c5cf113a3f7ccc8 (URL: https://ebv-formulary-repository.s3.us-east-1.amazonaws.com/Testing/pdf/92ec3982...)
2026-03-06 12:18:24,478 [INFO] cache.store hash=92ec3982fa008e2fec3ee690996fc9ac3305c25fa6075d3d4c5cf113a3f7ccc8 url=https://ebv-formulary-repository.s3.us-east-1.amazonaws.com/Testing/pdf/92ec3982fa008e2fec3ee690996fc9ac3305c25fa6075d3d4c5cf113a3f7ccc8.pdf size_drugs=54 size_acronyms=15
2026-03-06 12:18:24,569 [INFO] Updated file_hash for plan_id: f8b2d526-0af6-41dd-bc48-1985821b6389
2026-03-06 12:19:13,581 [INFO] Preparing to delete all existing drug records for plan_id: 353c6952-cf8b-4f6e-bede-3f047ff2e7c7
2026-03-06 12:19:13,708 [INFO] Successfully deleted 0 records for plan_id: 353c6952-cf8b-4f6e-bede-3f047ff2e7c7
2026-03-06 12:19:18,752 [INFO] Preparing to insert 472 records into the database.
2026-03-06 12:19:19,006 [INFO] Successfully inserted or updated 472 records.
2026-03-06 12:19:19,006 [INFO] db.insert drug_formulary_details count=472
2026-03-06 12:19:19,301 [INFO] Successfully inserted or updated 17 records into pp_formulary_names.
2026-03-06 12:19:19,625 [INFO] Successfully cached result for hash: 7c27a8dfbc35f156941160caf112a4f9e54273eb63e4eb96e33e452ba1f7625b (URL: https://ebv-formulary-repository.s3.us-east-1.amazonaws.com/Testing/pdf/7c27a8df...)
2026-03-06 12:19:19,625 [INFO] cache.store hash=7c27a8dfbc35f156941160caf112a4f9e54273eb63e4eb96e33e452ba1f7625b url=https://ebv-formulary-repository.s3.us-east-1.amazonaws.com/Testing/pdf/7c27a8dfbc35f156941160caf112a4f9e54273eb63e4eb96e33e452ba1f7625b.pdf size_drugs=474 size_acronyms=17
2026-03-06 12:19:19,712 [INFO] Updated file_hash for plan_id: 353c6952-cf8b-4f6e-bede-3f047ff2e7c7
2026-03-06 12:19:19,885 [INFO] ✅ Cache HIT by URL: https://ebv-formulary-repository.s3.us-east-1.amazonaws.com/Testing/pdf/7c27a8df... (hash: 7c27a8dfbc35f156941160caf112a4f9e54273eb63e4eb96e33e452ba1f7625b)
2026-03-06 12:19:20,005 [INFO] Preparing to delete all existing drug records for plan_id: be535001-2498-4804-89c3-7dc1dde4f381
2026-03-06 12:19:20,150 [INFO] Successfully deleted 0 records for plan_id: be535001-2498-4804-89c3-7dc1dde4f381
2026-03-06 12:19:20,374 [INFO] [REUSE] Found 472 drugs and 17 acronyms for hash 7c27a8dfbc35f156941160caf112a4f9e54273eb63e4eb96e33e452ba1f7625b
2026-03-06 12:19:20,616 [INFO] Preparing to insert 472 records into the database.
2026-03-06 12:19:20,868 [INFO] Successfully inserted or updated 472 records.
2026-03-06 12:19:20,868 [INFO] db.insert drug_formulary_details count=472
2026-03-06 12:19:21,045 [INFO] Successfully inserted or updated 17 records into pp_formulary_names.
2026-03-06 12:19:21,134 [INFO] Updated file_hash for plan_id: be535001-2498-4804-89c3-7dc1dde4f381
2026-03-06 12:19:21,134 [INFO] Updating status to 'completed' for drugs in 1 plans.
2026-03-06 12:19:21,314 [INFO] Successfully updated status for 472 drug formulary records.
2026-03-06 12:19:21,314 [INFO] db.update drug_formulary_details set=status='completed' plans=1 rows=472
2026-03-06 12:19:21,314 [INFO] Updating final status for all payers and plans...
2026-03-06 12:19:21,396 [INFO] Set 1 plans to 'active'.
2026-03-06 12:19:21,396 [INFO] db.update plan_details set=status='active' rows=1
2026-03-06 12:19:21,400 [INFO] Set 1 payers to 'active'.
2026-03-06 12:19:21,400 [INFO] db.update payer_details set=status='active' rows=1
2026-03-06 12:19:21,402 [INFO] Set 0 payers to 'inactive'.
2026-03-06 12:19:21,402 [INFO] db.update payer_details set=status='inactive' rows=0
2026-03-06 12:19:21,402 [INFO] Successfully updated all plan and payer statuses.
2026-03-06 12:19:21,402 [INFO] db.update statuses committed
2026-03-06 12:19:21,489 [INFO] Updating status to 'completed' for drugs in 3 plans.
2026-03-06 12:19:21,802 [INFO] Successfully updated status for 998 drug formulary records.
2026-03-06 12:19:21,802 [INFO] db.update drug_formulary_details set=status='completed' plans=3 rows=998
2026-03-06 12:19:21,803 [INFO] Updating final status for all payers and plans...
2026-03-06 12:19:21,933 [INFO] Set 3 plans to 'active'.
2026-03-06 12:19:21,934 [INFO] db.update plan_details set=status='active' rows=3
2026-03-06 12:19:21,934 [INFO] Set 0 failed or unprocessed plans to 'inactive'.
2026-03-06 12:19:21,934 [INFO] db.update plan_details set=status='inactive' rows=0
2026-03-06 12:19:21,936 [INFO] Set 1 payers to 'active'.
2026-03-06 12:19:21,936 [INFO] db.update payer_details set=status='active' rows=1
2026-03-06 12:19:21,937 [INFO] Set 0 payers to 'inactive'.
2026-03-06 12:19:21,937 [INFO] db.update payer_details set=status='inactive' rows=0
2026-03-06 12:19:21,939 [INFO] Successfully updated all plan and payer statuses.
2026-03-06 12:19:21,939 [INFO] db.update statuses committed
2026-03-09 12:06:00,687 [INFO] Transaction cac7927f-8d30-4e55-81a3-8cd3f55ae8fc created.
2026-03-09 12:06:00,687 [INFO] Ensuring database schema exists...
2026-03-09 12:06:00,926 [INFO] Created/ensured processed_file_cache table
2026-03-09 12:06:00,930 [INFO] Created/ensured transaction table
2026-03-09 12:06:00,933 [INFO] Created/ensured audit table
2026-03-09 12:06:00,934 [INFO] Created partitioned drug_formulary_details table
2026-03-09 12:06:00,934 [INFO] Created/ensured pp_formulary_names table
2026-03-09 12:06:00,949 [INFO] Ensured coverage_status column exists in pp_formulary_names.
2026-03-09 12:06:00,957 [INFO] Updated confidence_score column type to DECIMAL(5,2).
2026-03-09 12:06:00,964 [INFO] Ensured product mapping columns exist in drug_formulary_details.
2026-03-09 12:06:00,967 [INFO] Added preferred_agent column to drug_formulary_details.
2026-03-09 12:06:00,967 [INFO] Added non_preferred_agent column to drug_formulary_details.
2026-03-09 12:06:00,980 [INFO] Database schema ensured successfully with partitioning and comprehensive indexing
2026-03-09 12:07:37,295 [INFO] Transaction 2867154d-a719-4c12-8515-1a50fe9d8ef3 created.
2026-03-09 12:07:37,295 [INFO] Ensuring database schema exists...
2026-03-09 12:07:37,360 [INFO] Created/ensured processed_file_cache table
2026-03-09 12:07:37,362 [INFO] Created/ensured transaction table
2026-03-09 12:07:37,362 [INFO] Created/ensured audit table
2026-03-09 12:07:37,362 [INFO] Created partitioned drug_formulary_details table
2026-03-09 12:07:37,362 [INFO] Created/ensured pp_formulary_names table
2026-03-09 12:07:37,365 [INFO] Ensured coverage_status column exists in pp_formulary_names.
2026-03-09 12:07:37,367 [INFO] Updated confidence_score column type to DECIMAL(5,2).
2026-03-09 12:07:37,368 [INFO] Ensured product mapping columns exist in drug_formulary_details.
2026-03-09 12:07:37,369 [INFO] Added preferred_agent column to drug_formulary_details.
2026-03-09 12:07:37,369 [INFO] Added non_preferred_agent column to drug_formulary_details.
2026-03-09 12:07:37,372 [INFO] Database schema ensured successfully with partitioning and comprehensive indexing
2026-03-09 12:29:45,242 [INFO] Transaction 2c9b4d72-9144-4933-83fe-91cd7c2f870b created.
2026-03-09 12:29:45,244 [INFO] Ensuring database schema exists...
2026-03-09 12:29:45,310 [INFO] Created/ensured processed_file_cache table
2026-03-09 12:29:45,311 [INFO] Created/ensured transaction table
2026-03-09 12:29:45,313 [INFO] Created/ensured audit table
2026-03-09 12:29:45,313 [INFO] Created partitioned drug_formulary_details table
2026-03-09 12:29:45,314 [INFO] Created/ensured pp_formulary_names table
2026-03-09 12:29:45,319 [INFO] Ensured coverage_status column exists in pp_formulary_names.
2026-03-09 12:29:45,322 [INFO] Updated confidence_score column type to DECIMAL(5,2).
2026-03-09 12:29:45,322 [INFO] Ensured product mapping columns exist in drug_formulary_details.
2026-03-09 12:29:45,324 [INFO] Added preferred_agent column to drug_formulary_details.
2026-03-09 12:29:45,324 [INFO] Added non_preferred_agent column to drug_formulary_details.
2026-03-09 12:29:45,330 [INFO] Database schema ensured successfully with partitioning and comprehensive indexing
2026-03-09 13:17:14,157 [INFO] Transaction 7699add0-8a06-451a-b015-3a7641bc9884 created.
2026-03-09 13:17:14,158 [INFO] Ensuring database schema exists...
2026-03-09 13:17:14,220 [INFO] Created/ensured processed_file_cache table
2026-03-09 13:17:14,222 [INFO] Created/ensured transaction table
2026-03-09 13:17:14,223 [INFO] Created/ensured audit table
2026-03-09 13:17:14,223 [INFO] Created partitioned drug_formulary_details table
2026-03-09 13:17:14,223 [INFO] Created/ensured pp_formulary_names table
2026-03-09 13:17:14,227 [INFO] Ensured coverage_status column exists in pp_formulary_names.
2026-03-09 13:17:14,230 [INFO] Updated confidence_score column type to DECIMAL(5,2).
2026-03-09 13:17:14,231 [INFO] Ensured product mapping columns exist in drug_formulary_details.
2026-03-09 13:17:14,232 [INFO] Added preferred_agent column to drug_formulary_details.
2026-03-09 13:17:14,232 [INFO] Added non_preferred_agent column to drug_formulary_details.
2026-03-09 13:17:14,240 [INFO] Database schema ensured successfully with partitioning and comprehensive indexing
2026-03-09 13:17:14,366 [INFO] Cache MISS for hash: 92ec3982fa008e2fec3ee690996fc9ac3305c25fa6075d3d4c5cf113a3f7ccc8
2026-03-09 13:17:14,424 [INFO] Cache MISS by URL: https://ebv-formulary-repository.s3.us-east-1.amazonaws.com/Testing/pdf/92ec3982...
2026-03-09 13:17:14,484 [INFO] Cache MISS for hash: 7c27a8dfbc35f156941160caf112a4f9e54273eb63e4eb96e33e452ba1f7625b
2026-03-09 13:17:14,544 [INFO] Cache MISS by URL: https://ebv-formulary-repository.s3.us-east-1.amazonaws.com/Testing/pdf/7c27a8df...
2026-03-09 13:17:14,604 [INFO] Cache MISS for hash: 7c27a8dfbc35f156941160caf112a4f9e54273eb63e4eb96e33e452ba1f7625b
2026-03-09 13:17:14,664 [INFO] Cache MISS by URL: https://ebv-formulary-repository.s3.us-east-1.amazonaws.com/Testing/pdf/7c27a8df...
2026-03-09 13:17:14,742 [INFO] Transaction 85364e86-0236-4575-88da-4f9caa9554b9 created.
2026-03-09 13:17:14,748 [INFO] Transaction b8ec975e-bed1-4792-a2c8-5755d80e733b created.
2026-03-09 13:17:14,812 [INFO] Transaction a599228b-a8e7-46fd-8f4d-579d64668dfe created.
2026-03-09 13:17:14,833 [INFO] Loaded 0 acronyms into memory cache for Delaware First Health (Delaware)
2026-03-09 13:17:14,840 [INFO] Loaded 0 acronyms into memory cache for Delaware First Health (Delaware)
2026-03-09 13:17:14,895 [INFO] Loaded 0 acronyms into memory cache for Delaware First Health (Delaware)
2026-03-09 13:17:14,930 [INFO] Cache MISS by URL: https://ebv-formulary-repository.s3.us-east-1.amazonaws.com/Testing/pdf/92ec3982...
2026-03-09 13:17:14,930 [INFO] Cache MISS by URL: https://ebv-formulary-repository.s3.us-east-1.amazonaws.com/Testing/pdf/7c27a8df...
2026-03-09 13:17:21,726 [INFO] Cache MISS for hash: 7c27a8dfbc35f156941160caf112a4f9e54273eb63e4eb96e33e452ba1f7625b
2026-03-09 13:17:22,309 [INFO] Cache MISS for hash: 92ec3982fa008e2fec3ee690996fc9ac3305c25fa6075d3d4c5cf113a3f7ccc8
2026-03-09 13:17:26,974 [INFO] Preparing to delete all existing drug records for plan_id: 5f0c5404-9dac-41e0-8ab5-a88797597032
2026-03-09 13:17:27,040 [INFO] Successfully deleted 0 records for plan_id: 5f0c5404-9dac-41e0-8ab5-a88797597032
2026-03-09 13:17:27,228 [INFO] Successfully cached result for hash: 7c27a8dfbc35f156941160caf112a4f9e54273eb63e4eb96e33e452ba1f7625b (URL: https://ebv-formulary-repository.s3.us-east-1.amazonaws.com/Testing/pdf/7c27a8df...)
2026-03-09 13:17:27,228 [INFO] cache.store hash=7c27a8dfbc35f156941160caf112a4f9e54273eb63e4eb96e33e452ba1f7625b url=https://ebv-formulary-repository.s3.us-east-1.amazonaws.com/Testing/pdf/7c27a8dfbc35f156941160caf112a4f9e54273eb63e4eb96e33e452ba1f7625b.pdf size_drugs=0 size_acronyms=0
2026-03-09 13:17:27,292 [INFO] Updated file_hash for plan_id: 5f0c5404-9dac-41e0-8ab5-a88797597032
2026-03-09 13:17:27,426 [INFO] ✅ Cache HIT by URL: https://ebv-formulary-repository.s3.us-east-1.amazonaws.com/Testing/pdf/7c27a8df... (hash: 7c27a8dfbc35f156941160caf112a4f9e54273eb63e4eb96e33e452ba1f7625b)
2026-03-09 13:17:27,496 [INFO] Preparing to delete all existing drug records for plan_id: 7bf0678d-927d-4cc0-89bb-941fd6a1cdf9
2026-03-09 13:17:27,562 [INFO] Successfully deleted 0 records for plan_id: 7bf0678d-927d-4cc0-89bb-941fd6a1cdf9
2026-03-09 13:17:27,777 [INFO] Updated file_hash for plan_id: 7bf0678d-927d-4cc0-89bb-941fd6a1cdf9
2026-03-09 13:17:27,778 [INFO] Updating status to 'completed' for drugs in 1 plans.
2026-03-09 13:17:27,844 [INFO] Successfully updated status for 0 drug formulary records.
2026-03-09 13:17:27,844 [INFO] db.update drug_formulary_details set=status='completed' plans=1 rows=0
2026-03-09 13:17:27,844 [INFO] Updating final status for all payers and plans...
2026-03-09 13:17:27,909 [INFO] Set 1 plans to 'active'.
2026-03-09 13:17:27,909 [INFO] db.update plan_details set=status='active' rows=1
2026-03-09 13:17:27,912 [INFO] Set 1 payers to 'active'.
2026-03-09 13:17:27,912 [INFO] db.update payer_details set=status='active' rows=1
2026-03-09 13:17:27,912 [INFO] Set 0 payers to 'inactive'.
2026-03-09 13:17:27,912 [INFO] db.update payer_details set=status='inactive' rows=0
2026-03-09 13:17:27,913 [INFO] Successfully updated all plan and payer statuses.
2026-03-09 13:17:27,913 [INFO] db.update statuses committed
2026-03-09 13:17:51,982 [INFO] Preparing to delete all existing drug records for plan_id: a2c2e0af-0236-4281-a673-010c6c3cffb4
2026-03-09 13:17:52,047 [INFO] Successfully deleted 0 records for plan_id: a2c2e0af-0236-4281-a673-010c6c3cffb4
2026-03-09 13:17:52,228 [INFO] Successfully cached result for hash: 92ec3982fa008e2fec3ee690996fc9ac3305c25fa6075d3d4c5cf113a3f7ccc8 (URL: https://ebv-formulary-repository.s3.us-east-1.amazonaws.com/Testing/pdf/92ec3982...)
2026-03-09 13:17:52,228 [INFO] cache.store hash=92ec3982fa008e2fec3ee690996fc9ac3305c25fa6075d3d4c5cf113a3f7ccc8 url=https://ebv-formulary-repository.s3.us-east-1.amazonaws.com/Testing/pdf/92ec3982fa008e2fec3ee690996fc9ac3305c25fa6075d3d4c5cf113a3f7ccc8.pdf size_drugs=0 size_acronyms=0
2026-03-09 13:17:52,290 [INFO] Updated file_hash for plan_id: a2c2e0af-0236-4281-a673-010c6c3cffb4
2026-03-09 13:18:04,712 [INFO] Transaction 3f706035-44f4-4f36-881c-818661333f74 created.
2026-03-09 13:18:04,712 [INFO] Ensuring database schema exists...
2026-03-09 13:18:04,774 [INFO] Created/ensured processed_file_cache table
2026-03-09 13:18:04,775 [INFO] Created/ensured transaction table
2026-03-09 13:18:04,776 [INFO] Created/ensured audit table
2026-03-09 13:18:04,776 [INFO] Created partitioned drug_formulary_details table
2026-03-09 13:18:04,776 [INFO] Created/ensured pp_formulary_names table
2026-03-09 13:18:04,779 [INFO] Ensured coverage_status column exists in pp_formulary_names.
2026-03-09 13:18:04,781 [INFO] Updated confidence_score column type to DECIMAL(5,2).
2026-03-09 13:18:04,782 [INFO] Ensured product mapping columns exist in drug_formulary_details.
2026-03-09 13:18:04,783 [INFO] Added preferred_agent column to drug_formulary_details.
2026-03-09 13:18:04,783 [INFO] Added non_preferred_agent column to drug_formulary_details.
2026-03-09 13:18:04,788 [INFO] Database schema ensured successfully with partitioning and comprehensive indexing
2026-03-09 13:18:04,913 [INFO] Cache HIT for hash: 7c27a8dfbc35f156941160caf112a4f9e54273eb63e4eb96e33e452ba1f7625b
2026-03-09 13:18:04,976 [INFO] Transaction 9806b068-4b4a-4e57-90d4-fefb92e11cbe created.
2026-03-09 13:18:05,035 [INFO] Preparing to delete all existing drug records for plan_id: 5f0c5404-9dac-41e0-8ab5-a88797597032
2026-03-09 13:18:05,107 [INFO] Successfully deleted 0 records for plan_id: 5f0c5404-9dac-41e0-8ab5-a88797597032
2026-03-09 13:18:05,357 [INFO] Updated file_hash for plan_id: 5f0c5404-9dac-41e0-8ab5-a88797597032
2026-03-09 13:18:05,358 [INFO] Updating status to 'completed' for drugs in 1 plans.
2026-03-09 13:18:05,419 [INFO] Successfully updated status for 0 drug formulary records.
2026-03-09 13:18:05,419 [INFO] db.update drug_formulary_details set=status='completed' plans=1 rows=0
2026-03-09 13:18:05,419 [INFO] Updating final status for all payers and plans...
2026-03-09 13:18:05,478 [INFO] Set 1 plans to 'active'.
2026-03-09 13:18:05,478 [INFO] db.update plan_details set=status='active' rows=1
2026-03-09 13:18:05,480 [INFO] Set 1 payers to 'active'.
2026-03-09 13:18:05,480 [INFO] db.update payer_details set=status='active' rows=1
2026-03-09 13:18:05,480 [INFO] Set 0 payers to 'inactive'.
2026-03-09 13:18:05,480 [INFO] db.update payer_details set=status='inactive' rows=0
2026-03-09 13:18:05,481 [INFO] Successfully updated all plan and payer statuses.
2026-03-09 13:18:05,481 [INFO] db.update statuses committed
2026-03-09 13:18:05,613 [INFO] Cache HIT for hash: 7c27a8dfbc35f156941160caf112a4f9e54273eb63e4eb96e33e452ba1f7625b
2026-03-09 13:18:05,675 [INFO] Transaction b3aa683b-5e25-4096-958c-dd0ec697dd5c created.
2026-03-09 13:18:05,736 [INFO] Preparing to delete all existing drug records for plan_id: 7bf0678d-927d-4cc0-89bb-941fd6a1cdf9
2026-03-09 13:18:05,800 [INFO] Successfully deleted 0 records for plan_id: 7bf0678d-927d-4cc0-89bb-941fd6a1cdf9
2026-03-09 13:18:05,996 [INFO] Updated file_hash for plan_id: 7bf0678d-927d-4cc0-89bb-941fd6a1cdf9
2026-03-09 13:18:05,996 [INFO] Updating status to 'completed' for drugs in 1 plans.
2026-03-09 13:18:06,057 [INFO] Successfully updated status for 0 drug formulary records.
2026-03-09 13:18:06,057 [INFO] db.update drug_formulary_details set=status='completed' plans=1 rows=0
2026-03-09 13:18:06,057 [INFO] Updating final status for all payers and plans...
2026-03-09 13:18:06,118 [INFO] Set 1 plans to 'active'.
2026-03-09 13:18:06,118 [INFO] db.update plan_details set=status='active' rows=1
2026-03-09 13:18:06,119 [INFO] Set 1 payers to 'active'.
2026-03-09 13:18:06,119 [INFO] db.update payer_details set=status='active' rows=1
2026-03-09 13:18:06,119 [INFO] Set 0 payers to 'inactive'.
2026-03-09 13:18:06,119 [INFO] db.update payer_details set=status='inactive' rows=0
2026-03-09 13:18:06,120 [INFO] Successfully updated all plan and payer statuses.
2026-03-09 13:18:06,120 [INFO] db.update statuses committed
2026-03-09 13:18:06,243 [INFO] Cache HIT for hash: 92ec3982fa008e2fec3ee690996fc9ac3305c25fa6075d3d4c5cf113a3f7ccc8
2026-03-09 13:18:06,306 [INFO] Transaction 5c31067f-31e2-4fd6-8d81-17952e23856a created.
2026-03-09 13:18:06,369 [INFO] Preparing to delete all existing drug records for plan_id: a2c2e0af-0236-4281-a673-010c6c3cffb4
2026-03-09 13:18:06,432 [INFO] Successfully deleted 0 records for plan_id: a2c2e0af-0236-4281-a673-010c6c3cffb4
2026-03-09 13:18:06,632 [INFO] Updated file_hash for plan_id: a2c2e0af-0236-4281-a673-010c6c3cffb4
2026-03-09 13:18:06,632 [INFO] Updating status to 'completed' for drugs in 1 plans.
2026-03-09 13:18:06,694 [INFO] Successfully updated status for 0 drug formulary records.
2026-03-09 13:18:06,694 [INFO] db.update drug_formulary_details set=status='completed' plans=1 rows=0
2026-03-09 13:18:06,694 [INFO] Updating final status for all payers and plans...
2026-03-09 13:18:06,758 [INFO] Set 1 plans to 'active'.
2026-03-09 13:18:06,758 [INFO] db.update plan_details set=status='active' rows=1
2026-03-09 13:18:06,759 [INFO] Set 1 payers to 'active'.
2026-03-09 13:18:06,759 [INFO] db.update payer_details set=status='active' rows=1
2026-03-09 13:18:06,760 [INFO] Set 0 payers to 'inactive'.
2026-03-09 13:18:06,760 [INFO] db.update payer_details set=status='inactive' rows=0
2026-03-09 13:18:06,761 [INFO] Successfully updated all plan and payer statuses.
2026-03-09 13:18:06,761 [INFO] db.update statuses committed
2026-03-09 13:18:06,827 [INFO] Updating status to 'completed' for drugs in 3 plans.
2026-03-09 13:18:06,892 [INFO] Successfully updated status for 0 drug formulary records.
2026-03-09 13:18:06,892 [INFO] db.update drug_formulary_details set=status='completed' plans=3 rows=0
2026-03-09 13:18:06,893 [INFO] Updating final status for all payers and plans...
2026-03-09 13:18:06,953 [INFO] Set 3 plans to 'active'.
2026-03-09 13:18:06,953 [INFO] db.update plan_details set=status='active' rows=3
2026-03-09 13:18:06,953 [INFO] Set 0 failed or unprocessed plans to 'inactive'.
2026-03-09 13:18:06,956 [INFO] db.update plan_details set=status='inactive' rows=0
2026-03-09 13:18:06,956 [INFO] Set 1 payers to 'active'.
2026-03-09 13:18:06,956 [INFO] db.update payer_details set=status='active' rows=1
2026-03-09 13:18:06,956 [INFO] Set 0 payers to 'inactive'.
2026-03-09 13:18:06,956 [INFO] db.update payer_details set=status='inactive' rows=0
2026-03-09 13:18:06,956 [INFO] Successfully updated all plan and payer statuses.
2026-03-09 13:18:06,956 [INFO] db.update statuses committed
2026-03-09 13:46:31,207 [INFO] Transaction 6f5b084c-94b4-4185-884a-aa8902e1ce80 created.
2026-03-09 13:46:31,208 [INFO] Ensuring database schema exists...
2026-03-09 13:46:31,343 [INFO] Created/ensured processed_file_cache table
2026-03-09 13:46:31,346 [INFO] Created/ensured transaction table
2026-03-09 13:46:31,347 [INFO] Created/ensured audit table
2026-03-09 13:46:31,347 [INFO] Created partitioned drug_formulary_details table
2026-03-09 13:46:31,347 [INFO] Created/ensured pp_formulary_names table
2026-03-09 13:46:31,350 [INFO] Ensured coverage_status column exists in pp_formulary_names.
2026-03-09 13:46:31,350 [INFO] Updated confidence_score column type to DECIMAL(5,2).
2026-03-09 13:46:31,353 [INFO] Ensured product mapping columns exist in drug_formulary_details.
2026-03-09 13:46:31,353 [INFO] Added preferred_agent column to drug_formulary_details.
2026-03-09 13:46:31,353 [INFO] Added non_preferred_agent column to drug_formulary_details.
2026-03-09 13:46:31,361 [INFO] Database schema ensured successfully with partitioning and comprehensive indexing
2026-03-09 13:48:01,174 [INFO] Transaction 610f7888-e8af-45e7-8ccd-4522e418a5e3 created.
2026-03-09 13:48:01,174 [INFO] Ensuring database schema exists...
2026-03-09 13:48:01,237 [INFO] Created/ensured processed_file_cache table
2026-03-09 13:48:01,238 [INFO] Created/ensured transaction table
2026-03-09 13:48:01,238 [INFO] Created/ensured audit table
2026-03-09 13:48:01,238 [INFO] Created partitioned drug_formulary_details table
2026-03-09 13:48:01,238 [INFO] Created/ensured pp_formulary_names table
2026-03-09 13:48:01,241 [INFO] Ensured coverage_status column exists in pp_formulary_names.
2026-03-09 13:48:01,243 [INFO] Updated confidence_score column type to DECIMAL(5,2).
2026-03-09 13:48:01,245 [INFO] Ensured product mapping columns exist in drug_formulary_details.
2026-03-09 13:48:01,246 [INFO] Added preferred_agent column to drug_formulary_details.
2026-03-09 13:48:01,246 [INFO] Added non_preferred_agent column to drug_formulary_details.
2026-03-09 13:48:01,252 [INFO] Database schema ensured successfully with partitioning and comprehensive indexing
2026-03-09 13:48:16,681 [INFO] Updated file_hash for plan_id: 7bf0678d-927d-4cc0-89bb-941fd6a1cdf9
2026-03-09 13:48:16,745 [INFO] Cache MISS for hash: 7c27a8dfbc35f156941160caf112a4f9e54273eb63e4eb96e33e452ba1f7625b
2026-03-09 13:48:18,347 [INFO] Updated file_hash for plan_id: 5f0c5404-9dac-41e0-8ab5-a88797597032
2026-03-09 13:48:18,410 [INFO] Cache MISS for hash: 7c27a8dfbc35f156941160caf112a4f9e54273eb63e4eb96e33e452ba1f7625b
2026-03-09 13:48:22,451 [INFO] Updated file_hash for plan_id: a2c2e0af-0236-4281-a673-010c6c3cffb4
2026-03-09 13:48:22,512 [INFO] Cache MISS for hash: 92ec3982fa008e2fec3ee690996fc9ac3305c25fa6075d3d4c5cf113a3f7ccc8
2026-03-09 13:55:35,369 [INFO] Transaction 4f909913-224f-47e7-a738-1279103e91f0 created.
2026-03-09 13:55:35,369 [INFO] Ensuring database schema exists...
2026-03-09 13:55:35,434 [INFO] Created/ensured processed_file_cache table
2026-03-09 13:55:35,435 [INFO] Created/ensured transaction table
2026-03-09 13:55:35,436 [INFO] Created/ensured audit table
2026-03-09 13:55:35,436 [INFO] Created partitioned drug_formulary_details table
2026-03-09 13:55:35,436 [INFO] Created/ensured pp_formulary_names table
2026-03-09 13:55:35,440 [INFO] Ensured coverage_status column exists in pp_formulary_names.
2026-03-09 13:55:35,441 [INFO] Updated confidence_score column type to DECIMAL(5,2).
2026-03-09 13:55:35,443 [INFO] Ensured product mapping columns exist in drug_formulary_details.
2026-03-09 13:55:35,444 [INFO] Added preferred_agent column to drug_formulary_details.
2026-03-09 13:55:35,444 [INFO] Added non_preferred_agent column to drug_formulary_details.
2026-03-09 13:55:35,450 [INFO] Database schema ensured successfully with partitioning and comprehensive indexing
2026-03-09 13:55:41,086 [INFO] Updated file_hash for plan_id: a2c2e0af-0236-4281-a673-010c6c3cffb4
2026-03-09 13:55:41,149 [INFO] Cache MISS for hash: 92ec3982fa008e2fec3ee690996fc9ac3305c25fa6075d3d4c5cf113a3f7ccc8
2026-03-09 13:55:41,812 [INFO] Updated file_hash for plan_id: 7bf0678d-927d-4cc0-89bb-941fd6a1cdf9
2026-03-09 13:55:41,882 [INFO] Cache MISS for hash: 7c27a8dfbc35f156941160caf112a4f9e54273eb63e4eb96e33e452ba1f7625b
2026-03-09 13:55:45,915 [INFO] Updated file_hash for plan_id: 5f0c5404-9dac-41e0-8ab5-a88797597032
2026-03-09 13:55:45,993 [INFO] Cache MISS for hash: 7c27a8dfbc35f156941160caf112a4f9e54273eb63e4eb96e33e452ba1f7625b
2026-03-09 13:57:33,473 [INFO] Transaction 98b03e98-e22b-4f88-a626-bed7846e46e3 created.
2026-03-09 13:57:33,473 [INFO] Ensuring database schema exists...
2026-03-09 13:57:33,618 [INFO] Created/ensured processed_file_cache table
2026-03-09 13:57:33,620 [INFO] Created/ensured transaction table
2026-03-09 13:57:33,621 [INFO] Created/ensured audit table
2026-03-09 13:57:33,621 [INFO] Created partitioned drug_formulary_details table
2026-03-09 13:57:33,622 [INFO] Created/ensured pp_formulary_names table
2026-03-09 13:57:33,623 [INFO] Ensured coverage_status column exists in pp_formulary_names.
2026-03-09 13:57:33,625 [INFO] Updated confidence_score column type to DECIMAL(5,2).
2026-03-09 13:57:33,626 [INFO] Ensured product mapping columns exist in drug_formulary_details.
2026-03-09 13:57:33,627 [INFO] Added preferred_agent column to drug_formulary_details.
2026-03-09 13:57:33,627 [INFO] Added non_preferred_agent column to drug_formulary_details.
2026-03-09 13:57:33,636 [INFO] Database schema ensured successfully with partitioning and comprehensive indexing
2026-03-09 13:57:39,973 [INFO] Updated file_hash for plan_id: 7bf0678d-927d-4cc0-89bb-941fd6a1cdf9
2026-03-09 13:57:40,035 [INFO] Cache MISS for hash: 7c27a8dfbc35f156941160caf112a4f9e54273eb63e4eb96e33e452ba1f7625b
2026-03-09 13:57:42,062 [INFO] Updated file_hash for plan_id: 5f0c5404-9dac-41e0-8ab5-a88797597032
2026-03-09 13:57:42,127 [INFO] Cache MISS for hash: 7c27a8dfbc35f156941160caf112a4f9e54273eb63e4eb96e33e452ba1f7625b
2026-03-09 13:57:45,562 [INFO] Updated file_hash for plan_id: a2c2e0af-0236-4281-a673-010c6c3cffb4
2026-03-09 13:57:45,623 [INFO] Cache MISS for hash: 92ec3982fa008e2fec3ee690996fc9ac3305c25fa6075d3d4c5cf113a3f7ccc8
2026-03-09 13:59:10,067 [INFO] Transaction d2624fab-da29-416b-a199-16e1000f3b3f created.
2026-03-09 13:59:10,068 [INFO] Ensuring database schema exists...
2026-03-09 13:59:10,135 [INFO] Created/ensured processed_file_cache table
2026-03-09 13:59:10,136 [INFO] Created/ensured transaction table
2026-03-09 13:59:10,136 [INFO] Created/ensured audit table
2026-03-09 13:59:10,136 [INFO] Created partitioned drug_formulary_details table
2026-03-09 13:59:10,136 [INFO] Created/ensured pp_formulary_names table
2026-03-09 13:59:10,139 [INFO] Ensured coverage_status column exists in pp_formulary_names.
2026-03-09 13:59:10,141 [INFO] Updated confidence_score column type to DECIMAL(5,2).
2026-03-09 13:59:10,142 [INFO] Ensured product mapping columns exist in drug_formulary_details.
2026-03-09 13:59:10,143 [INFO] Added preferred_agent column to drug_formulary_details.
2026-03-09 13:59:10,143 [INFO] Added non_preferred_agent column to drug_formulary_details.
2026-03-09 13:59:10,151 [INFO] Database schema ensured successfully with partitioning and comprehensive indexing
2026-03-09 13:59:15,272 [INFO] Updated file_hash for plan_id: 7bf0678d-927d-4cc0-89bb-941fd6a1cdf9
2026-03-09 13:59:15,336 [INFO] Cache MISS for hash: 7c27a8dfbc35f156941160caf112a4f9e54273eb63e4eb96e33e452ba1f7625b
2026-03-09 13:59:19,443 [INFO] Updated file_hash for plan_id: 5f0c5404-9dac-41e0-8ab5-a88797597032
2026-03-09 13:59:19,504 [INFO] Cache MISS for hash: 7c27a8dfbc35f156941160caf112a4f9e54273eb63e4eb96e33e452ba1f7625b
2026-03-09 13:59:29,903 [INFO] Updated file_hash for plan_id: a2c2e0af-0236-4281-a673-010c6c3cffb4
2026-03-09 13:59:29,962 [INFO] Cache MISS for hash: 92ec3982fa008e2fec3ee690996fc9ac3305c25fa6075d3d4c5cf113a3f7ccc8
2026-03-09 14:01:52,389 [INFO] Transaction 24d05632-e118-4dce-8496-b974fb6078d2 created.
2026-03-09 14:01:52,389 [INFO] Ensuring database schema exists...
2026-03-09 14:01:52,452 [INFO] Created/ensured processed_file_cache table
2026-03-09 14:01:52,454 [INFO] Created/ensured transaction table
2026-03-09 14:01:52,455 [INFO] Created/ensured audit table
2026-03-09 14:01:52,455 [INFO] Created partitioned drug_formulary_details table
2026-03-09 14:01:52,455 [INFO] Created/ensured pp_formulary_names table
2026-03-09 14:01:52,458 [INFO] Ensured coverage_status column exists in pp_formulary_names.
2026-03-09 14:01:52,458 [INFO] Updated confidence_score column type to DECIMAL(5,2).
2026-03-09 14:01:52,459 [INFO] Ensured product mapping columns exist in drug_formulary_details.
2026-03-09 14:01:52,462 [INFO] Added preferred_agent column to drug_formulary_details.
2026-03-09 14:01:52,463 [INFO] Added non_preferred_agent column to drug_formulary_details.
2026-03-09 14:01:52,469 [INFO] Database schema ensured successfully with partitioning and comprehensive indexing
2026-03-09 14:02:04,280 [INFO] Updated file_hash for plan_id: 5f0c5404-9dac-41e0-8ab5-a88797597032
2026-03-09 14:02:04,343 [INFO] Cache MISS for hash: 7c27a8dfbc35f156941160caf112a4f9e54273eb63e4eb96e33e452ba1f7625b
2026-03-09 14:02:18,682 [INFO] Updated file_hash for plan_id: 7bf0678d-927d-4cc0-89bb-941fd6a1cdf9
2026-03-09 14:02:18,743 [INFO] Cache MISS for hash: 7c27a8dfbc35f156941160caf112a4f9e54273eb63e4eb96e33e452ba1f7625b
2026-03-09 14:02:18,820 [INFO] Updated file_hash for plan_id: a2c2e0af-0236-4281-a673-010c6c3cffb4
2026-03-09 14:02:18,896 [INFO] Cache MISS for hash: 92ec3982fa008e2fec3ee690996fc9ac3305c25fa6075d3d4c5cf113a3f7ccc8
2026-03-09 14:09:38,860 [INFO] Transaction 6bab2870-07ed-4dbc-be16-2dd73465cf5a created.
2026-03-09 14:09:38,861 [INFO] Ensuring database schema exists...
2026-03-09 14:09:39,210 [INFO] Created/ensured processed_file_cache table
2026-03-09 14:09:39,212 [INFO] Created/ensured transaction table
2026-03-09 14:09:39,213 [INFO] Created/ensured audit table
2026-03-09 14:09:39,213 [INFO] Created partitioned drug_formulary_details table
2026-03-09 14:09:39,213 [INFO] Created/ensured pp_formulary_names table
2026-03-09 14:09:39,216 [INFO] Ensured coverage_status column exists in pp_formulary_names.
2026-03-09 14:09:39,218 [INFO] Updated confidence_score column type to DECIMAL(5,2).
2026-03-09 14:09:39,220 [INFO] Ensured product mapping columns exist in drug_formulary_details.
2026-03-09 14:09:39,220 [INFO] Added preferred_agent column to drug_formulary_details.
2026-03-09 14:09:39,220 [INFO] Added non_preferred_agent column to drug_formulary_details.
2026-03-09 14:09:39,228 [INFO] Database schema ensured successfully with partitioning and comprehensive indexing
2026-03-09 14:09:48,673 [INFO] Updated file_hash for plan_id: 7bf0678d-927d-4cc0-89bb-941fd6a1cdf9
2026-03-09 14:09:48,738 [INFO] Cache MISS for hash: 7c27a8dfbc35f156941160caf112a4f9e54273eb63e4eb96e33e452ba1f7625b
2026-03-09 14:09:49,012 [INFO] Updated file_hash for plan_id: a2c2e0af-0236-4281-a673-010c6c3cffb4
2026-03-09 14:09:49,037 [INFO] Updated file_hash for plan_id: 5f0c5404-9dac-41e0-8ab5-a88797597032
2026-03-09 14:09:49,081 [INFO] Cache MISS for hash: 92ec3982fa008e2fec3ee690996fc9ac3305c25fa6075d3d4c5cf113a3f7ccc8
2026-03-09 14:09:49,108 [INFO] Cache MISS for hash: 7c27a8dfbc35f156941160caf112a4f9e54273eb63e4eb96e33e452ba1f7625b
2026-03-09 14:59:29,063 [INFO] Transaction 0739c47f-ca7b-4236-850e-50be08545e49 created.
2026-03-09 14:59:29,063 [INFO] Ensuring database schema exists...
2026-03-09 14:59:29,346 [INFO] Created/ensured processed_file_cache table
2026-03-09 14:59:29,348 [INFO] Created/ensured transaction table
2026-03-09 14:59:29,350 [INFO] Created/ensured audit table
2026-03-09 14:59:29,350 [INFO] Created partitioned drug_formulary_details table
2026-03-09 14:59:29,351 [INFO] Created/ensured pp_formulary_names table
2026-03-09 14:59:29,353 [INFO] Ensured coverage_status column exists in pp_formulary_names.
2026-03-09 14:59:29,353 [INFO] Updated confidence_score column type to DECIMAL(5,2).
2026-03-09 14:59:29,355 [INFO] Ensured product mapping columns exist in drug_formulary_details.
2026-03-09 14:59:29,357 [INFO] Added preferred_agent column to drug_formulary_details.
2026-03-09 14:59:29,357 [INFO] Added non_preferred_agent column to drug_formulary_details.
2026-03-09 14:59:29,364 [INFO] Database schema ensured successfully with partitioning and comprehensive indexing
2026-03-09 14:59:58,924 [INFO] Updated file_hash for plan_id: a2c2e0af-0236-4281-a673-010c6c3cffb4
2026-03-09 14:59:58,987 [INFO] Cache MISS for hash: 92ec3982fa008e2fec3ee690996fc9ac3305c25fa6075d3d4c5cf113a3f7ccc8
2026-03-09 15:00:06,640 [INFO] Updated file_hash for plan_id: 5f0c5404-9dac-41e0-8ab5-a88797597032
2026-03-09 15:00:06,701 [INFO] Cache MISS for hash: 7c27a8dfbc35f156941160caf112a4f9e54273eb63e4eb96e33e452ba1f7625b
2026-03-09 15:00:44,487 [INFO] Updated file_hash for plan_id: 7bf0678d-927d-4cc0-89bb-941fd6a1cdf9
2026-03-09 15:00:44,549 [INFO] Cache MISS for hash: 7c27a8dfbc35f156941160caf112a4f9e54273eb63e4eb96e33e452ba1f7625b
2026-03-09 15:21:39,511 [INFO] Transaction 379afd5f-4bfc-4f72-a3b6-d81df1eb359d created.
2026-03-09 15:21:39,511 [INFO] Ensuring database schema exists...
2026-03-09 15:21:39,800 [INFO] Created/ensured processed_file_cache table
2026-03-09 15:21:39,801 [INFO] Created/ensured transaction table
2026-03-09 15:21:39,802 [INFO] Created/ensured audit table
2026-03-09 15:21:39,802 [INFO] Created partitioned drug_formulary_details table
2026-03-09 15:21:39,802 [INFO] Created/ensured pp_formulary_names table
2026-03-09 15:21:39,806 [INFO] Ensured coverage_status column exists in pp_formulary_names.
2026-03-09 15:21:39,807 [INFO] Updated confidence_score column type to DECIMAL(5,2).
2026-03-09 15:21:39,808 [INFO] Ensured product mapping columns exist in drug_formulary_details.
2026-03-09 15:21:39,808 [INFO] Added preferred_agent column to drug_formulary_details.
2026-03-09 15:21:39,808 [INFO] Added non_preferred_agent column to drug_formulary_details.
2026-03-09 15:21:39,815 [INFO] Database schema ensured successfully with partitioning and comprehensive indexing
2026-03-09 15:23:25,438 [INFO] Updated file_hash for plan_id: a2c2e0af-0236-4281-a673-010c6c3cffb4
2026-03-09 15:23:25,506 [INFO] Cache MISS for hash: 92ec3982fa008e2fec3ee690996fc9ac3305c25fa6075d3d4c5cf113a3f7ccc8
2026-03-09 15:23:31,682 [INFO] Updated file_hash for plan_id: 5f0c5404-9dac-41e0-8ab5-a88797597032
2026-03-09 15:23:31,747 [INFO] Cache MISS for hash: 7c27a8dfbc35f156941160caf112a4f9e54273eb63e4eb96e33e452ba1f7625b
2026-03-09 15:23:43,286 [INFO] Updated file_hash for plan_id: 7bf0678d-927d-4cc0-89bb-941fd6a1cdf9
2026-03-09 15:23:43,350 [INFO] Cache MISS for hash: 7c27a8dfbc35f156941160caf112a4f9e54273eb63e4eb96e33e452ba1f7625b
2026-03-09 15:55:26,752 [INFO] Transaction ef6cdd0c-4ea5-41cf-843b-783b54583e0f created.
2026-03-09 15:55:26,753 [INFO] Ensuring database schema exists...
2026-03-09 15:55:27,048 [INFO] Created/ensured processed_file_cache table
2026-03-09 15:55:27,055 [INFO] Created/ensured transaction table
2026-03-09 15:55:27,060 [INFO] Created/ensured audit table
2026-03-09 15:55:27,063 [INFO] Created partitioned drug_formulary_details table
2026-03-09 15:55:27,065 [INFO] Created/ensured pp_formulary_names table
2026-03-09 15:55:27,076 [INFO] Ensured coverage_status column exists in pp_formulary_names.
2026-03-09 15:55:27,081 [INFO] Updated confidence_score column type to DECIMAL(5,2).
2026-03-09 15:55:27,089 [INFO] Ensured product mapping columns exist in drug_formulary_details.
2026-03-09 15:55:27,094 [INFO] Added preferred_agent column to drug_formulary_details.
2026-03-09 15:55:27,096 [INFO] Added non_preferred_agent column to drug_formulary_details.
2026-03-09 15:55:27,137 [INFO] Database schema ensured successfully with partitioning and comprehensive indexing
2026-03-09 15:55:36,599 [INFO] Updated file_hash for plan_id: 7bf0678d-927d-4cc0-89bb-941fd6a1cdf9
2026-03-09 15:55:36,702 [INFO] Cache MISS for hash: 7c27a8dfbc35f156941160caf112a4f9e54273eb63e4eb96e33e452ba1f7625b
2026-03-09 15:55:37,184 [INFO] Updated file_hash for plan_id: 5f0c5404-9dac-41e0-8ab5-a88797597032
2026-03-09 15:55:37,275 [INFO] Updated file_hash for plan_id: a2c2e0af-0236-4281-a673-010c6c3cffb4
2026-03-09 15:55:37,290 [INFO] Cache MISS for hash: 7c27a8dfbc35f156941160caf112a4f9e54273eb63e4eb96e33e452ba1f7625b
2026-03-09 15:55:37,428 [INFO] Cache MISS for hash: 92ec3982fa008e2fec3ee690996fc9ac3305c25fa6075d3d4c5cf113a3f7ccc8
2026-03-09 16:07:40,727 [INFO] Transaction 93795691-5f81-49e5-a8ff-766ed34c4ea7 created.
2026-03-09 16:07:40,729 [INFO] Ensuring database schema exists...
2026-03-09 16:07:41,042 [INFO] Created/ensured processed_file_cache table
2026-03-09 16:07:41,045 [INFO] Created/ensured transaction table
2026-03-09 16:07:41,047 [INFO] Created/ensured audit table
2026-03-09 16:07:41,048 [INFO] Created partitioned drug_formulary_details table
2026-03-09 16:07:41,048 [INFO] Created/ensured pp_formulary_names table
2026-03-09 16:07:41,054 [INFO] Ensured coverage_status column exists in pp_formulary_names.
2026-03-09 16:07:41,056 [INFO] Updated confidence_score column type to DECIMAL(5,2).
2026-03-09 16:07:41,059 [INFO] Ensured product mapping columns exist in drug_formulary_details.
2026-03-09 16:07:41,063 [INFO] Added preferred_agent column to drug_formulary_details.
2026-03-09 16:07:41,064 [INFO] Added non_preferred_agent column to drug_formulary_details.
2026-03-09 16:07:41,087 [INFO] Database schema ensured successfully with partitioning and comprehensive indexing
2026-03-09 16:17:00,806 [INFO] Updated file_hash for plan_id: a2c2e0af-0236-4281-a673-010c6c3cffb4
2026-03-09 16:17:00,889 [INFO] Cache MISS for hash: 92ec3982fa008e2fec3ee690996fc9ac3305c25fa6075d3d4c5cf113a3f7ccc8
2026-03-09 16:21:37,814 [INFO] Updated file_hash for plan_id: 5f0c5404-9dac-41e0-8ab5-a88797597032
2026-03-09 16:21:37,894 [INFO] Cache MISS for hash: 7c27a8dfbc35f156941160caf112a4f9e54273eb63e4eb96e33e452ba1f7625b
2026-03-09 16:25:27,508 [INFO] Updated file_hash for plan_id: 7bf0678d-927d-4cc0-89bb-941fd6a1cdf9
2026-03-09 16:25:27,601 [INFO] Cache MISS for hash: 7c27a8dfbc35f156941160caf112a4f9e54273eb63e4eb96e33e452ba1f7625b
2026-03-09 16:26:45,486 [INFO] Transaction 80b6d875-470f-4ac4-ba14-f75218f4e123 created.
2026-03-09 16:26:45,494 [INFO] Transaction 7e2280de-90b5-42c2-a28d-95e84110935c created.
2026-03-09 16:26:45,531 [INFO] Transaction cf8df201-21e6-4c51-9f1a-9a56f18b4399 created.
2026-03-09 16:26:45,766 [INFO] Loaded 0 acronyms into memory cache for Delaware First Health (Delaware)
2026-03-09 16:26:45,785 [INFO] Loaded 0 acronyms into memory cache for Delaware First Health (Delaware)
2026-03-09 16:26:45,801 [INFO] Loaded 0 acronyms into memory cache for Delaware First Health (Delaware)
2026-03-09 16:26:45,896 [INFO] Preparing to delete all existing drug records for plan_id: 5f0c5404-9dac-41e0-8ab5-a88797597032
2026-03-09 16:26:45,935 [INFO] Preparing to delete all existing drug records for plan_id: 7bf0678d-927d-4cc0-89bb-941fd6a1cdf9
2026-03-09 16:26:45,942 [INFO] Preparing to delete all existing drug records for plan_id: a2c2e0af-0236-4281-a673-010c6c3cffb4
2026-03-09 16:26:46,028 [INFO] Successfully deleted 0 records for plan_id: 5f0c5404-9dac-41e0-8ab5-a88797597032
2026-03-09 16:26:46,099 [INFO] Successfully deleted 0 records for plan_id: a2c2e0af-0236-4281-a673-010c6c3cffb4
2026-03-09 16:26:46,099 [INFO] Successfully deleted 0 records for plan_id: 7bf0678d-927d-4cc0-89bb-941fd6a1cdf9
2026-03-09 16:26:46,451 [INFO] Preparing to insert 54 records into the database.
2026-03-09 16:26:46,568 [ERROR] An unexpected error occurred during data insertion: there is no unique or exclusion constraint matching the ON CONFLICT specification

2026-03-09 16:26:46,569 [ERROR] db.insert_error table=drug_formulary_details error=there is no unique or exclusion constraint matching the ON CONFLICT specification

2026-03-09 16:26:46,569 [ERROR] Database connection error: there is no unique or exclusion constraint matching the ON CONFLICT specification

2026-03-09 16:26:47,002 [INFO] Preparing to insert 473 records into the database.
2026-03-09 16:26:47,027 [INFO] Preparing to insert 474 records into the database.
2026-03-09 16:26:47,389 [ERROR] An unexpected error occurred during data insertion: there is no unique or exclusion constraint matching the ON CONFLICT specification

2026-03-09 16:26:47,391 [ERROR] db.insert_error table=drug_formulary_details error=there is no unique or exclusion constraint matching the ON CONFLICT specification

2026-03-09 16:26:47,391 [ERROR] Database connection error: there is no unique or exclusion constraint matching the ON CONFLICT specification

2026-03-09 16:26:47,400 [ERROR] An unexpected error occurred during data insertion: there is no unique or exclusion constraint matching the ON CONFLICT specification

2026-03-09 16:26:47,400 [ERROR] db.insert_error table=drug_formulary_details error=there is no unique or exclusion constraint matching the ON CONFLICT specification

2026-03-09 16:26:47,400 [ERROR] Database connection error: there is no unique or exclusion constraint matching the ON CONFLICT specification

2026-03-09 16:28:48,854 [INFO] Transaction 2b4d4d40-6ba4-4609-83b2-e250161bb1b9 created.
2026-03-09 16:28:48,855 [INFO] Ensuring database schema exists...
2026-03-09 16:28:49,203 [INFO] Created/ensured processed_file_cache table
2026-03-09 16:28:49,207 [INFO] Created/ensured transaction table
2026-03-09 16:28:49,209 [INFO] Created/ensured audit table
2026-03-09 16:28:49,212 [INFO] Created partitioned drug_formulary_details table
2026-03-09 16:28:49,212 [INFO] Created/ensured pp_formulary_names table
2026-03-09 16:28:49,219 [INFO] Ensured coverage_status column exists in pp_formulary_names.
2026-03-09 16:28:49,225 [INFO] Updated confidence_score column type to DECIMAL(5,2).
2026-03-09 16:28:49,229 [INFO] Ensured product mapping columns exist in drug_formulary_details.
2026-03-09 16:28:49,230 [INFO] Added preferred_agent column to drug_formulary_details.
2026-03-09 16:28:49,231 [INFO] Added non_preferred_agent column to drug_formulary_details.
2026-03-09 16:28:49,241 [INFO] Database schema ensured successfully with partitioning and comprehensive indexing
2026-03-09 16:28:57,665 [INFO] Updated file_hash for plan_id: a2c2e0af-0236-4281-a673-010c6c3cffb4
2026-03-09 16:28:57,747 [INFO] Cache MISS for hash: 92ec3982fa008e2fec3ee690996fc9ac3305c25fa6075d3d4c5cf113a3f7ccc8
2026-03-09 16:30:27,781 [INFO] Updated file_hash for plan_id: 5f0c5404-9dac-41e0-8ab5-a88797597032
2026-03-09 16:30:27,868 [INFO] Cache MISS for hash: 7c27a8dfbc35f156941160caf112a4f9e54273eb63e4eb96e33e452ba1f7625b
2026-03-09 16:30:41,772 [INFO] Updated file_hash for plan_id: 7bf0678d-927d-4cc0-89bb-941fd6a1cdf9
2026-03-09 16:30:41,841 [INFO] Cache MISS for hash: 7c27a8dfbc35f156941160caf112a4f9e54273eb63e4eb96e33e452ba1f7625b
2026-03-09 16:32:25,356 [INFO] Transaction a6baf522-d328-4faa-87db-61c6eb864bed created.
2026-03-09 16:32:25,356 [INFO] Transaction c16796bb-0f19-4197-9a0c-4b1d4cbdd7d9 created.
2026-03-09 16:32:25,356 [INFO] Transaction 238adc9b-9741-4ea3-a6e0-e236dc7e27d8 created.
2026-03-09 16:32:25,550 [INFO] Loaded 0 acronyms into memory cache for Delaware First Health (Delaware)
2026-03-09 16:32:25,552 [INFO] Loaded 0 acronyms into memory cache for Delaware First Health (Delaware)
2026-03-09 16:32:25,581 [INFO] Loaded 0 acronyms into memory cache for Delaware First Health (Delaware)
2026-03-09 16:32:25,652 [INFO] Preparing to delete all existing drug records for plan_id: 5f0c5404-9dac-41e0-8ab5-a88797597032
2026-03-09 16:32:25,672 [INFO] Preparing to delete all existing drug records for plan_id: 7bf0678d-927d-4cc0-89bb-941fd6a1cdf9
2026-03-09 16:32:25,680 [INFO] Preparing to delete all existing drug records for plan_id: a2c2e0af-0236-4281-a673-010c6c3cffb4
2026-03-09 16:32:25,744 [INFO] Successfully deleted 0 records for plan_id: 5f0c5404-9dac-41e0-8ab5-a88797597032
2026-03-09 16:32:25,776 [INFO] Successfully deleted 0 records for plan_id: 7bf0678d-927d-4cc0-89bb-941fd6a1cdf9
2026-03-09 16:32:25,792 [INFO] Successfully deleted 0 records for plan_id: a2c2e0af-0236-4281-a673-010c6c3cffb4
2026-03-09 16:32:26,177 [INFO] Preparing to insert 54 records into the database.
2026-03-09 16:32:26,341 [ERROR] An unexpected error occurred during data insertion: there is no unique or exclusion constraint matching the ON CONFLICT specification

2026-03-09 16:32:26,341 [ERROR] db.insert_error table=drug_formulary_details error=there is no unique or exclusion constraint matching the ON CONFLICT specification

2026-03-09 16:32:26,342 [ERROR] Database connection error: there is no unique or exclusion constraint matching the ON CONFLICT specification

2026-03-09 16:32:26,722 [INFO] Preparing to insert 474 records into the database.
2026-03-09 16:32:26,739 [INFO] Preparing to insert 474 records into the database.
2026-03-09 16:32:26,913 [ERROR] An unexpected error occurred during data insertion: there is no unique or exclusion constraint matching the ON CONFLICT specification

2026-03-09 16:32:26,913 [ERROR] db.insert_error table=drug_formulary_details error=there is no unique or exclusion constraint matching the ON CONFLICT specification

2026-03-09 16:32:26,913 [ERROR] Database connection error: there is no unique or exclusion constraint matching the ON CONFLICT specification

2026-03-09 16:32:26,921 [ERROR] An unexpected error occurred during data insertion: there is no unique or exclusion constraint matching the ON CONFLICT specification

2026-03-09 16:32:26,921 [ERROR] db.insert_error table=drug_formulary_details error=there is no unique or exclusion constraint matching the ON CONFLICT specification

2026-03-09 16:32:26,921 [ERROR] Database connection error: there is no unique or exclusion constraint matching the ON CONFLICT specification

2026-03-09 17:37:36,937 [INFO] Transaction afd64faf-2386-4a5a-a2ca-b5d2b9895eaa created.
2026-03-09 17:37:36,937 [INFO] Ensuring database schema exists...
2026-03-09 17:37:37,190 [INFO] Created/ensured processed_file_cache table
2026-03-09 17:37:37,192 [INFO] Created/ensured transaction table
2026-03-09 17:37:37,192 [INFO] Created/ensured audit table
2026-03-09 17:37:37,194 [INFO] Created partitioned drug_formulary_details table
2026-03-09 17:37:37,194 [INFO] Created/ensured pp_formulary_names table
2026-03-09 17:37:37,198 [INFO] Ensured coverage_status column exists in pp_formulary_names.
2026-03-09 17:37:37,198 [INFO] Updated confidence_score column type to DECIMAL(5,2).
2026-03-09 17:37:37,201 [INFO] Ensured product mapping columns exist in drug_formulary_details.
2026-03-09 17:37:37,201 [INFO] Added preferred_agent column to drug_formulary_details.
2026-03-09 17:37:37,202 [INFO] Added non_preferred_agent column to drug_formulary_details.
2026-03-09 17:37:37,209 [INFO] Database schema ensured successfully with partitioning and comprehensive indexing
2026-03-09 17:37:45,332 [INFO] Updated file_hash for plan_id: 7bf0678d-927d-4cc0-89bb-941fd6a1cdf9
2026-03-09 17:37:45,398 [INFO] Cache MISS for hash: 7c27a8dfbc35f156941160caf112a4f9e54273eb63e4eb96e33e452ba1f7625b
2026-03-09 17:37:46,605 [INFO] Updated file_hash for plan_id: a2c2e0af-0236-4281-a673-010c6c3cffb4
2026-03-09 17:37:46,680 [INFO] Cache MISS for hash: 92ec3982fa008e2fec3ee690996fc9ac3305c25fa6075d3d4c5cf113a3f7ccc8
2026-03-09 17:37:47,738 [INFO] Updated file_hash for plan_id: 5f0c5404-9dac-41e0-8ab5-a88797597032
2026-03-09 17:37:47,850 [INFO] Cache MISS for hash: 7c27a8dfbc35f156941160caf112a4f9e54273eb63e4eb96e33e452ba1f7625b
2026-03-09 17:43:18,819 [INFO] Transaction 4e9de770-2bb5-43ee-adac-8e75eca5ae12 created.
2026-03-09 17:43:18,831 [INFO] Transaction c8b6f389-aa66-4725-b675-4bbecf9f054c created.
2026-03-09 17:43:18,832 [INFO] Transaction 4f3daf56-1281-4ad7-96ff-f798d992ba8f created.
2026-03-09 17:43:18,990 [INFO] Loaded 0 acronyms into memory cache for Delaware First Health (Delaware)
2026-03-09 17:43:19,000 [INFO] Loaded 0 acronyms into memory cache for Delaware First Health (Delaware)
2026-03-09 17:43:19,026 [INFO] Loaded 0 acronyms into memory cache for Delaware First Health (Delaware)
2026-03-09 17:43:19,175 [INFO] Preparing to delete all existing drug records for plan_id: 7bf0678d-927d-4cc0-89bb-941fd6a1cdf9
2026-03-09 17:43:19,353 [INFO] Successfully deleted 0 records for plan_id: 7bf0678d-927d-4cc0-89bb-941fd6a1cdf9
2026-03-09 17:43:19,354 [INFO] Preparing to delete all existing drug records for plan_id: 5f0c5404-9dac-41e0-8ab5-a88797597032
2026-03-09 17:43:19,366 [INFO] Preparing to delete all existing drug records for plan_id: a2c2e0af-0236-4281-a673-010c6c3cffb4
2026-03-09 17:43:19,461 [INFO] Successfully deleted 0 records for plan_id: 5f0c5404-9dac-41e0-8ab5-a88797597032
2026-03-09 17:43:19,509 [INFO] Successfully deleted 0 records for plan_id: a2c2e0af-0236-4281-a673-010c6c3cffb4
2026-03-09 17:43:22,770 [INFO] Preparing to insert 2243 records into the database.
2026-03-09 17:43:22,864 [INFO] Preparing to insert 2227 records into the database.
2026-03-09 17:43:23,418 [INFO] Successfully inserted or updated 2243 records.
2026-03-09 17:43:23,418 [INFO] db.insert drug_formulary_details count=2243
2026-03-09 17:43:23,567 [INFO] Successfully inserted or updated 2227 records.
2026-03-09 17:43:23,567 [INFO] db.insert drug_formulary_details count=2227
2026-03-09 17:43:23,722 [ERROR] Failed to insert acronyms into pp_formulary_names: ON CONFLICT DO UPDATE command cannot affect row a second time
HINT:  Ensure that no rows proposed for insertion within the same command have duplicate constrained values.

2026-03-09 17:43:23,722 [ERROR] Database connection error: ON CONFLICT DO UPDATE command cannot affect row a second time
HINT:  Ensure that no rows proposed for insertion within the same command have duplicate constrained values.

2026-03-09 17:43:23,883 [ERROR] Failed to insert acronyms into pp_formulary_names: ON CONFLICT DO UPDATE command cannot affect row a second time
HINT:  Ensure that no rows proposed for insertion within the same command have duplicate constrained values.

2026-03-09 17:43:23,883 [ERROR] Database connection error: ON CONFLICT DO UPDATE command cannot affect row a second time
HINT:  Ensure that no rows proposed for insertion within the same command have duplicate constrained values.

2026-03-09 17:43:34,422 [INFO] Preparing to insert 6249 records into the database.
2026-03-09 17:43:35,835 [INFO] Successfully inserted or updated 6249 records.
2026-03-09 17:43:35,835 [INFO] db.insert drug_formulary_details count=6249
2026-03-09 17:43:36,017 [ERROR] Failed to insert acronyms into pp_formulary_names: ON CONFLICT DO UPDATE command cannot affect row a second time
HINT:  Ensure that no rows proposed for insertion within the same command have duplicate constrained values.

2026-03-09 17:43:36,017 [ERROR] Database connection error: ON CONFLICT DO UPDATE command cannot affect row a second time
HINT:  Ensure that no rows proposed for insertion within the same command have duplicate constrained values.

2026-03-09 17:46:51,473 [INFO] Transaction db55a34f-ed08-45c1-a0b8-a830bd0fa75b created.
2026-03-09 17:46:51,476 [INFO] Ensuring database schema exists...
2026-03-09 17:46:51,543 [INFO] Created/ensured processed_file_cache table
2026-03-09 17:46:51,545 [INFO] Created/ensured transaction table
2026-03-09 17:46:51,545 [INFO] Created/ensured audit table
2026-03-09 17:46:51,545 [INFO] Created partitioned drug_formulary_details table
2026-03-09 17:46:51,547 [INFO] Created/ensured pp_formulary_names table
2026-03-09 17:46:51,551 [INFO] Ensured coverage_status column exists in pp_formulary_names.
2026-03-09 17:46:51,554 [INFO] Updated confidence_score column type to DECIMAL(5,2).
2026-03-09 17:46:51,555 [INFO] Ensured product mapping columns exist in drug_formulary_details.
2026-03-09 17:46:51,555 [INFO] Added preferred_agent column to drug_formulary_details.
2026-03-09 17:46:51,555 [INFO] Added non_preferred_agent column to drug_formulary_details.
2026-03-09 17:46:51,562 [INFO] Database schema ensured successfully with partitioning and comprehensive indexing
2026-03-09 17:47:04,349 [INFO] Updated file_hash for plan_id: 7bf0678d-927d-4cc0-89bb-941fd6a1cdf9
2026-03-09 17:47:04,401 [INFO] Updated file_hash for plan_id: a2c2e0af-0236-4281-a673-010c6c3cffb4
2026-03-09 17:47:04,436 [INFO] Cache MISS for hash: 7c27a8dfbc35f156941160caf112a4f9e54273eb63e4eb96e33e452ba1f7625b
2026-03-09 17:47:04,499 [INFO] Cache MISS for hash: 92ec3982fa008e2fec3ee690996fc9ac3305c25fa6075d3d4c5cf113a3f7ccc8
2026-03-09 17:47:08,882 [INFO] Updated file_hash for plan_id: 5f0c5404-9dac-41e0-8ab5-a88797597032
2026-03-09 17:47:08,945 [INFO] Cache MISS for hash: 7c27a8dfbc35f156941160caf112a4f9e54273eb63e4eb96e33e452ba1f7625b
2026-03-09 18:03:38,647 [INFO] Transaction 828dbbf8-dd4d-41dd-9e5d-47c7f8b48a56 created.
2026-03-09 18:03:38,648 [INFO] Ensuring database schema exists...
2026-03-09 18:03:38,895 [INFO] Created/ensured processed_file_cache table
2026-03-09 18:03:38,895 [INFO] Created/ensured transaction table
2026-03-09 18:03:38,898 [INFO] Created/ensured audit table
2026-03-09 18:03:38,898 [INFO] Created partitioned drug_formulary_details table
2026-03-09 18:03:38,898 [INFO] Created/ensured pp_formulary_names table
2026-03-09 18:03:38,901 [INFO] Ensured coverage_status column exists in pp_formulary_names.
2026-03-09 18:03:38,903 [INFO] Updated confidence_score column type to DECIMAL(5,2).
2026-03-09 18:03:38,905 [INFO] Ensured product mapping columns exist in drug_formulary_details.
2026-03-09 18:03:38,905 [INFO] Added preferred_agent column to drug_formulary_details.
2026-03-09 18:03:38,905 [INFO] Added non_preferred_agent column to drug_formulary_details.
2026-03-09 18:03:38,911 [INFO] Database schema ensured successfully with partitioning and comprehensive indexing
2026-03-09 18:04:10,071 [INFO] Updated file_hash for plan_id: a2c2e0af-0236-4281-a673-010c6c3cffb4
2026-03-09 18:04:10,140 [INFO] Cache MISS for hash: 92ec3982fa008e2fec3ee690996fc9ac3305c25fa6075d3d4c5cf113a3f7ccc8
2026-03-09 18:04:12,278 [INFO] Updated file_hash for plan_id: 5f0c5404-9dac-41e0-8ab5-a88797597032
2026-03-09 18:04:12,443 [INFO] Cache MISS for hash: 7c27a8dfbc35f156941160caf112a4f9e54273eb63e4eb96e33e452ba1f7625b
2026-03-09 18:04:14,606 [INFO] Updated file_hash for plan_id: 7bf0678d-927d-4cc0-89bb-941fd6a1cdf9
2026-03-09 18:04:14,675 [INFO] Cache MISS for hash: 7c27a8dfbc35f156941160caf112a4f9e54273eb63e4eb96e33e452ba1f7625b
2026-03-09 18:10:15,572 [INFO] Transaction 286d066e-58eb-4514-b640-b5c07c20b2f5 created.
2026-03-09 18:10:15,583 [INFO] Transaction a284a6ca-a7a5-4429-a1bb-53510c54122f created.
2026-03-09 18:10:15,588 [INFO] Transaction c3a641a8-e0a5-4b05-acd4-14413c677505 created.
2026-03-09 18:10:15,735 [INFO] Loaded 0 acronyms into memory cache for Delaware First Health (Delaware)
2026-03-09 18:10:15,747 [INFO] Loaded 0 acronyms into memory cache for Delaware First Health (Delaware)
2026-03-09 18:10:15,770 [INFO] Loaded 0 acronyms into memory cache for Delaware First Health (Delaware)
2026-03-09 18:10:15,881 [INFO] Preparing to delete all existing drug records for plan_id: 5f0c5404-9dac-41e0-8ab5-a88797597032
2026-03-09 18:10:15,931 [INFO] Preparing to delete all existing drug records for plan_id: 7bf0678d-927d-4cc0-89bb-941fd6a1cdf9
2026-03-09 18:10:15,988 [INFO] Successfully deleted 0 records for plan_id: 5f0c5404-9dac-41e0-8ab5-a88797597032
2026-03-09 18:10:16,056 [INFO] Successfully deleted 0 records for plan_id: 7bf0678d-927d-4cc0-89bb-941fd6a1cdf9
2026-03-09 18:10:16,056 [INFO] Preparing to delete all existing drug records for plan_id: a2c2e0af-0236-4281-a673-010c6c3cffb4
2026-03-09 18:10:16,163 [INFO] Successfully deleted 0 records for plan_id: a2c2e0af-0236-4281-a673-010c6c3cffb4
2026-03-09 18:10:16,521 [ERROR] Failed to insert acronyms into pp_formulary_names: ON CONFLICT DO UPDATE command cannot affect row a second time
HINT:  Ensure that no rows proposed for insertion within the same command have duplicate constrained values.

2026-03-09 18:10:16,521 [ERROR] Database connection error: ON CONFLICT DO UPDATE command cannot affect row a second time
HINT:  Ensure that no rows proposed for insertion within the same command have duplicate constrained values.

2026-03-09 18:10:18,615 [INFO] Preparing to insert 2243 records into the database.
2026-03-09 18:10:18,629 [INFO] Preparing to insert 2221 records into the database.
2026-03-09 18:10:18,980 [INFO] Successfully inserted or updated 2243 records.
2026-03-09 18:10:18,980 [INFO] db.insert drug_formulary_details count=2243
2026-03-09 18:10:19,016 [INFO] Successfully inserted or updated 2221 records.
2026-03-09 18:10:19,016 [INFO] db.insert drug_formulary_details count=2221
2026-03-09 18:10:19,165 [ERROR] Failed to insert acronyms into pp_formulary_names: ON CONFLICT DO UPDATE command cannot affect row a second time
HINT:  Ensure that no rows proposed for insertion within the same command have duplicate constrained values.

2026-03-09 18:10:19,165 [ERROR] Database connection error: ON CONFLICT DO UPDATE command cannot affect row a second time
HINT:  Ensure that no rows proposed for insertion within the same command have duplicate constrained values.

2026-03-09 18:10:19,198 [ERROR] Failed to insert acronyms into pp_formulary_names: ON CONFLICT DO UPDATE command cannot affect row a second time
HINT:  Ensure that no rows proposed for insertion within the same command have duplicate constrained values.

2026-03-09 18:10:19,198 [ERROR] Database connection error: ON CONFLICT DO UPDATE command cannot affect row a second time
HINT:  Ensure that no rows proposed for insertion within the same command have duplicate constrained values.

2026-03-10 10:13:35,327 [INFO] Transaction 17bb9685-5698-47fb-8c6a-a1d788b20be8 created.
2026-03-10 10:13:35,327 [INFO] Ensuring database schema exists...
2026-03-10 10:13:35,586 [INFO] Created/ensured processed_file_cache table
2026-03-10 10:13:35,589 [INFO] Created/ensured transaction table
2026-03-10 10:13:35,592 [INFO] Created/ensured audit table
2026-03-10 10:13:35,592 [INFO] Created partitioned drug_formulary_details table
2026-03-10 10:13:35,593 [INFO] Created/ensured pp_formulary_names table
2026-03-10 10:13:35,603 [INFO] Ensured coverage_status column exists in pp_formulary_names.
2026-03-10 10:13:35,603 [INFO] Updated confidence_score column type to DECIMAL(5,2).
2026-03-10 10:13:35,603 [INFO] Ensured product mapping columns exist in drug_formulary_details.
2026-03-10 10:13:35,603 [INFO] Added preferred_agent column to drug_formulary_details.
2026-03-10 10:13:35,603 [INFO] Added non_preferred_agent column to drug_formulary_details.
2026-03-10 10:13:35,614 [INFO] Database schema ensured successfully with partitioning and comprehensive indexing
2026-03-10 10:13:46,707 [INFO] Updated file_hash for plan_id: a2c2e0af-0236-4281-a673-010c6c3cffb4
2026-03-10 10:13:46,789 [INFO] Cache MISS for hash: 92ec3982fa008e2fec3ee690996fc9ac3305c25fa6075d3d4c5cf113a3f7ccc8
2026-03-10 10:13:50,207 [INFO] Updated file_hash for plan_id: 5f0c5404-9dac-41e0-8ab5-a88797597032
2026-03-10 10:13:50,269 [INFO] Cache MISS for hash: 7c27a8dfbc35f156941160caf112a4f9e54273eb63e4eb96e33e452ba1f7625b
2026-03-10 10:13:51,664 [INFO] Updated file_hash for plan_id: 7bf0678d-927d-4cc0-89bb-941fd6a1cdf9
2026-03-10 10:13:51,741 [INFO] Cache MISS for hash: 7c27a8dfbc35f156941160caf112a4f9e54273eb63e4eb96e33e452ba1f7625b
2026-03-10 10:24:31,270 [INFO] Transaction f8c03123-ce3e-4114-a5e0-5b0ca620a7ba created.
2026-03-10 10:24:31,270 [INFO] Transaction 488ad2dd-7b7a-4b61-9a51-802718a0ef33 created.
2026-03-10 10:24:31,306 [INFO] Transaction 9ce44632-3c4a-48fe-96c4-07918b03b3e7 created.
2026-03-10 10:24:31,460 [INFO] Loaded 0 acronyms into memory cache for Delaware First Health (Delaware)
2026-03-10 10:24:31,489 [INFO] Loaded 0 acronyms into memory cache for Delaware First Health (Delaware)
2026-03-10 10:24:31,514 [INFO] Loaded 0 acronyms into memory cache for Delaware First Health (Delaware)
2026-03-10 10:24:31,635 [INFO] Preparing to delete all existing drug records for plan_id: 7bf0678d-927d-4cc0-89bb-941fd6a1cdf9
2026-03-10 10:24:31,670 [INFO] Preparing to delete all existing drug records for plan_id: 5f0c5404-9dac-41e0-8ab5-a88797597032
2026-03-10 10:24:31,754 [INFO] Successfully deleted 2221 records for plan_id: 7bf0678d-927d-4cc0-89bb-941fd6a1cdf9
2026-03-10 10:24:31,762 [INFO] Preparing to delete all existing drug records for plan_id: a2c2e0af-0236-4281-a673-010c6c3cffb4
2026-03-10 10:24:31,776 [INFO] Successfully deleted 2243 records for plan_id: 5f0c5404-9dac-41e0-8ab5-a88797597032
2026-03-10 10:24:31,877 [INFO] Successfully deleted 0 records for plan_id: a2c2e0af-0236-4281-a673-010c6c3cffb4
2026-03-10 10:24:32,161 [INFO] Successfully inserted or updated 27 records into pp_formulary_names.
2026-03-10 10:24:32,345 [INFO] Successfully cached result for hash: 92ec3982fa008e2fec3ee690996fc9ac3305c25fa6075d3d4c5cf113a3f7ccc8 (URL: https://ebv-formulary-repository.s3.us-east-1.amazonaws.com/Testing/pdf/92ec3982...)
2026-03-10 10:24:32,345 [INFO] cache.store hash=92ec3982fa008e2fec3ee690996fc9ac3305c25fa6075d3d4c5cf113a3f7ccc8 url=https://ebv-formulary-repository.s3.us-east-1.amazonaws.com/Testing/pdf/92ec3982fa008e2fec3ee690996fc9ac3305c25fa6075d3d4c5cf113a3f7ccc8.pdf size_drugs=0 size_acronyms=207
2026-03-10 10:24:32,346 [INFO] Updating status to 'completed' for drugs in 1 plans.
2026-03-10 10:24:32,466 [INFO] Successfully updated status for 0 drug formulary records.
2026-03-10 10:24:32,466 [INFO] db.update drug_formulary_details set=status='completed' plans=1 rows=0
2026-03-10 10:24:32,467 [INFO] Updating final status for all payers and plans...
2026-03-10 10:24:32,577 [INFO] Set 1 plans to 'active'.
2026-03-10 10:24:32,577 [INFO] db.update plan_details set=status='active' rows=1
2026-03-10 10:24:32,581 [INFO] Set 1 payers to 'active'.
2026-03-10 10:24:32,581 [INFO] db.update payer_details set=status='active' rows=1
2026-03-10 10:24:32,582 [INFO] Set 0 payers to 'inactive'.
2026-03-10 10:24:32,582 [INFO] db.update payer_details set=status='inactive' rows=0
2026-03-10 10:24:32,583 [INFO] Successfully updated all plan and payer statuses.
2026-03-10 10:24:32,584 [INFO] db.update statuses committed
2026-03-10 10:24:34,482 [INFO] Preparing to insert 2224 records into the database.
2026-03-10 10:24:34,526 [INFO] Preparing to insert 2228 records into the database.
2026-03-10 10:24:34,891 [INFO] Successfully inserted or updated 2224 records.
2026-03-10 10:24:34,891 [INFO] db.insert drug_formulary_details count=2224
2026-03-10 10:24:34,919 [INFO] Successfully inserted or updated 2228 records.
2026-03-10 10:24:34,919 [INFO] db.insert drug_formulary_details count=2228
2026-03-10 10:24:35,039 [INFO] Successfully inserted or updated 25 records into pp_formulary_names.
2026-03-10 10:24:35,093 [INFO] Successfully inserted or updated 21 records into pp_formulary_names.
2026-03-10 10:24:35,226 [INFO] Successfully cached result for hash: 7c27a8dfbc35f156941160caf112a4f9e54273eb63e4eb96e33e452ba1f7625b (URL: https://ebv-formulary-repository.s3.us-east-1.amazonaws.com/Testing/pdf/7c27a8df...)
2026-03-10 10:24:35,226 [INFO] cache.store hash=7c27a8dfbc35f156941160caf112a4f9e54273eb63e4eb96e33e452ba1f7625b url=https://ebv-formulary-repository.s3.us-east-1.amazonaws.com/Testing/pdf/7c27a8dfbc35f156941160caf112a4f9e54273eb63e4eb96e33e452ba1f7625b.pdf size_drugs=2230 size_acronyms=168
2026-03-10 10:24:35,227 [INFO] Updating status to 'completed' for drugs in 1 plans.
2026-03-10 10:24:35,271 [INFO] Successfully cached result for hash: 7c27a8dfbc35f156941160caf112a4f9e54273eb63e4eb96e33e452ba1f7625b (URL: https://ebv-formulary-repository.s3.us-east-1.amazonaws.com/Testing/pdf/7c27a8df...)
2026-03-10 10:24:35,271 [INFO] cache.store hash=7c27a8dfbc35f156941160caf112a4f9e54273eb63e4eb96e33e452ba1f7625b url=https://ebv-formulary-repository.s3.us-east-1.amazonaws.com/Testing/pdf/7c27a8dfbc35f156941160caf112a4f9e54273eb63e4eb96e33e452ba1f7625b.pdf size_drugs=2233 size_acronyms=97
2026-03-10 10:24:35,276 [INFO] Updating status to 'completed' for drugs in 1 plans.
2026-03-10 10:24:35,628 [INFO] Successfully updated status for 2224 drug formulary records.
2026-03-10 10:24:35,628 [INFO] db.update drug_formulary_details set=status='completed' plans=1 rows=2224
2026-03-10 10:24:35,628 [INFO] Updating final status for all payers and plans...
2026-03-10 10:24:35,688 [INFO] Successfully updated status for 2228 drug formulary records.
2026-03-10 10:24:35,689 [INFO] db.update drug_formulary_details set=status='completed' plans=1 rows=2228
2026-03-10 10:24:35,689 [INFO] Updating final status for all payers and plans...
2026-03-10 10:24:35,704 [INFO] Set 1 plans to 'active'.
2026-03-10 10:24:35,704 [INFO] db.update plan_details set=status='active' rows=1
2026-03-10 10:24:35,705 [INFO] Set 1 payers to 'active'.
2026-03-10 10:24:35,705 [INFO] db.update payer_details set=status='active' rows=1
2026-03-10 10:24:35,705 [INFO] Set 0 payers to 'inactive'.
2026-03-10 10:24:35,705 [INFO] db.update payer_details set=status='inactive' rows=0
2026-03-10 10:24:35,705 [INFO] Successfully updated all plan and payer statuses.
2026-03-10 10:24:35,705 [INFO] db.update statuses committed
2026-03-10 10:24:35,767 [INFO] Set 1 plans to 'active'.
2026-03-10 10:24:35,767 [INFO] db.update plan_details set=status='active' rows=1
2026-03-10 10:24:35,769 [INFO] Set 1 payers to 'active'.
2026-03-10 10:24:35,770 [INFO] db.update payer_details set=status='active' rows=1
2026-03-10 10:24:35,770 [INFO] Set 0 payers to 'inactive'.
2026-03-10 10:24:35,770 [INFO] db.update payer_details set=status='inactive' rows=0
2026-03-10 10:24:35,770 [INFO] Successfully updated all plan and payer statuses.
2026-03-10 10:24:35,771 [INFO] db.update statuses committed
2026-03-10 10:39:53,609 [INFO] Transaction 9ce6ba51-1617-4b08-8d36-47a88ad16fce created.
2026-03-10 10:39:53,609 [INFO] Transaction bb1d7eef-6eb7-4bc5-8741-6060d5e393c5 created.
2026-03-10 10:39:53,609 [INFO] Transaction 8854439d-1d27-4d04-9663-48b6f15fe8f3 created.
2026-03-10 10:39:54,053 [INFO] Loaded 40 acronyms into memory cache for Delaware First Health (Delaware)
2026-03-10 10:39:54,058 [INFO] Loaded 40 acronyms into memory cache for Delaware First Health (Delaware)
2026-03-10 10:39:54,083 [INFO] Loaded 40 acronyms into memory cache for Delaware First Health (Delaware)
2026-03-10 10:39:54,165 [INFO] Preparing to delete all existing drug records for plan_id: 7bf0678d-927d-4cc0-89bb-941fd6a1cdf9
2026-03-10 10:39:54,217 [INFO] Preparing to delete all existing drug records for plan_id: 5f0c5404-9dac-41e0-8ab5-a88797597032
2026-03-10 10:39:54,292 [INFO] Successfully deleted 2224 records for plan_id: 7bf0678d-927d-4cc0-89bb-941fd6a1cdf9
2026-03-10 10:39:54,313 [INFO] Preparing to delete all existing drug records for plan_id: a2c2e0af-0236-4281-a673-010c6c3cffb4
2026-03-10 10:39:54,315 [INFO] Successfully deleted 2228 records for plan_id: 5f0c5404-9dac-41e0-8ab5-a88797597032
2026-03-10 10:39:54,394 [INFO] Successfully deleted 0 records for plan_id: a2c2e0af-0236-4281-a673-010c6c3cffb4
2026-03-10 10:39:56,697 [INFO] Preparing to insert 2228 records into the database.
2026-03-10 10:39:56,713 [INFO] Preparing to insert 2224 records into the database.
2026-03-10 10:39:57,242 [INFO] Successfully inserted or updated 2224 records.
2026-03-10 10:39:57,242 [INFO] db.insert drug_formulary_details count=2224
2026-03-10 10:39:57,282 [INFO] Successfully inserted or updated 2228 records.
2026-03-10 10:39:57,282 [INFO] db.insert drug_formulary_details count=2228
2026-03-10 10:39:57,492 [INFO] Successfully inserted or updated 25 records into pp_formulary_names.
2026-03-10 10:39:57,522 [INFO] Successfully inserted or updated 21 records into pp_formulary_names.
2026-03-10 10:39:57,712 [INFO] Successfully cached result for hash: 7c27a8dfbc35f156941160caf112a4f9e54273eb63e4eb96e33e452ba1f7625b (URL: https://ebv-formulary-repository.s3.us-east-1.amazonaws.com/Testing/pdf/7c27a8df...)
2026-03-10 10:39:57,712 [INFO] cache.store hash=7c27a8dfbc35f156941160caf112a4f9e54273eb63e4eb96e33e452ba1f7625b url=https://ebv-formulary-repository.s3.us-east-1.amazonaws.com/Testing/pdf/7c27a8dfbc35f156941160caf112a4f9e54273eb63e4eb96e33e452ba1f7625b.pdf size_drugs=2230 size_acronyms=168
2026-03-10 10:39:57,713 [INFO] Updating status to 'completed' for drugs in 1 plans.
2026-03-10 10:39:57,722 [INFO] Successfully cached result for hash: 7c27a8dfbc35f156941160caf112a4f9e54273eb63e4eb96e33e452ba1f7625b (URL: https://ebv-formulary-repository.s3.us-east-1.amazonaws.com/Testing/pdf/7c27a8df...)
2026-03-10 10:39:57,723 [INFO] cache.store hash=7c27a8dfbc35f156941160caf112a4f9e54273eb63e4eb96e33e452ba1f7625b url=https://ebv-formulary-repository.s3.us-east-1.amazonaws.com/Testing/pdf/7c27a8dfbc35f156941160caf112a4f9e54273eb63e4eb96e33e452ba1f7625b.pdf size_drugs=2233 size_acronyms=97
2026-03-10 10:39:57,723 [INFO] Updating status to 'completed' for drugs in 1 plans.
2026-03-10 10:39:58,127 [INFO] Successfully updated status for 2224 drug formulary records.
2026-03-10 10:39:58,127 [INFO] db.update drug_formulary_details set=status='completed' plans=1 rows=2224
2026-03-10 10:39:58,127 [INFO] Updating final status for all payers and plans...
2026-03-10 10:39:58,147 [INFO] Successfully updated status for 2228 drug formulary records.
2026-03-10 10:39:58,147 [INFO] db.update drug_formulary_details set=status='completed' plans=1 rows=2228
2026-03-10 10:39:58,147 [INFO] Updating final status for all payers and plans...
2026-03-10 10:39:58,204 [INFO] Set 1 plans to 'active'.
2026-03-10 10:39:58,204 [INFO] db.update plan_details set=status='active' rows=1
2026-03-10 10:39:58,206 [INFO] Set 1 payers to 'active'.
2026-03-10 10:39:58,206 [INFO] db.update payer_details set=status='active' rows=1
2026-03-10 10:39:58,206 [INFO] Set 0 payers to 'inactive'.
2026-03-10 10:39:58,206 [INFO] db.update payer_details set=status='inactive' rows=0
2026-03-10 10:39:58,206 [INFO] Successfully updated all plan and payer statuses.
2026-03-10 10:39:58,206 [INFO] db.update statuses committed
2026-03-10 10:39:58,260 [INFO] Set 1 plans to 'active'.
2026-03-10 10:39:58,260 [INFO] db.update plan_details set=status='active' rows=1
2026-03-10 10:39:58,260 [INFO] Set 1 payers to 'active'.
2026-03-10 10:39:58,260 [INFO] db.update payer_details set=status='active' rows=1
2026-03-10 10:39:58,262 [INFO] Set 0 payers to 'inactive'.
2026-03-10 10:39:58,262 [INFO] db.update payer_details set=status='inactive' rows=0
2026-03-10 10:39:58,262 [INFO] Successfully updated all plan and payer statuses.
2026-03-10 10:39:58,262 [INFO] db.update statuses committed
2026-03-10 10:40:03,734 [INFO] Preparing to insert 6251 records into the database.
2026-03-10 10:40:04,695 [INFO] Successfully inserted or updated 6251 records.
2026-03-10 10:40:04,695 [INFO] db.insert drug_formulary_details count=6251
2026-03-10 10:40:04,836 [INFO] Successfully inserted or updated 27 records into pp_formulary_names.
2026-03-10 10:40:05,012 [INFO] Successfully cached result for hash: 92ec3982fa008e2fec3ee690996fc9ac3305c25fa6075d3d4c5cf113a3f7ccc8 (URL: https://ebv-formulary-repository.s3.us-east-1.amazonaws.com/Testing/pdf/92ec3982...)
2026-03-10 10:40:05,012 [INFO] cache.store hash=92ec3982fa008e2fec3ee690996fc9ac3305c25fa6075d3d4c5cf113a3f7ccc8 url=https://ebv-formulary-repository.s3.us-east-1.amazonaws.com/Testing/pdf/92ec3982fa008e2fec3ee690996fc9ac3305c25fa6075d3d4c5cf113a3f7ccc8.pdf size_drugs=6337 size_acronyms=207
2026-03-10 10:40:05,012 [INFO] Updating status to 'completed' for drugs in 1 plans.
2026-03-10 10:40:05,731 [INFO] Successfully updated status for 6251 drug formulary records.
2026-03-10 10:40:05,731 [INFO] db.update drug_formulary_details set=status='completed' plans=1 rows=6251
2026-03-10 10:40:05,732 [INFO] Updating final status for all payers and plans...
2026-03-10 10:40:05,796 [INFO] Set 1 plans to 'active'.
2026-03-10 10:40:05,796 [INFO] db.update plan_details set=status='active' rows=1
2026-03-10 10:40:05,797 [INFO] Set 1 payers to 'active'.
2026-03-10 10:40:05,797 [INFO] db.update payer_details set=status='active' rows=1
2026-03-10 10:40:05,797 [INFO] Set 0 payers to 'inactive'.
2026-03-10 10:40:05,797 [INFO] db.update payer_details set=status='inactive' rows=0
2026-03-10 10:40:05,798 [INFO] Successfully updated all plan and payer statuses.
2026-03-10 10:40:05,798 [INFO] db.update statuses committed
2026-03-10 11:29:27,282 [INFO] Transaction ba5eea70-b6f3-4239-9792-9e0a8ef63318 created.
2026-03-10 11:29:27,284 [INFO] Ensuring database schema exists...
2026-03-10 11:29:27,567 [INFO] Created/ensured processed_file_cache table
2026-03-10 11:29:27,569 [INFO] Created/ensured transaction table
2026-03-10 11:29:27,571 [INFO] Created/ensured audit table
2026-03-10 11:29:27,571 [INFO] Created partitioned drug_formulary_details table
2026-03-10 11:29:27,571 [INFO] Created/ensured pp_formulary_names table
2026-03-10 11:29:27,579 [INFO] Ensured coverage_status column exists in pp_formulary_names.
2026-03-10 11:29:27,581 [INFO] Updated confidence_score column type to DECIMAL(5,2).
2026-03-10 11:29:27,586 [INFO] Ensured product mapping columns exist in drug_formulary_details.
2026-03-10 11:29:27,589 [INFO] Added preferred_agent column to drug_formulary_details.
2026-03-10 11:29:27,590 [INFO] Added non_preferred_agent column to drug_formulary_details.
2026-03-10 11:29:27,597 [INFO] Database schema ensured successfully with partitioning and comprehensive indexing
2026-03-10 11:33:13,918 [INFO] Transaction bb9482c9-5ef8-447b-90a9-9451911303fa created.
2026-03-10 11:33:13,918 [INFO] Ensuring database schema exists...
2026-03-10 11:33:13,984 [INFO] Created/ensured processed_file_cache table
2026-03-10 11:33:13,985 [INFO] Created/ensured transaction table
2026-03-10 11:33:13,987 [INFO] Created/ensured audit table
2026-03-10 11:33:13,990 [INFO] Created partitioned drug_formulary_details table
2026-03-10 11:33:13,991 [INFO] Created/ensured pp_formulary_names table
2026-03-10 11:33:13,993 [INFO] Ensured coverage_status column exists in pp_formulary_names.
2026-03-10 11:33:13,993 [INFO] Updated confidence_score column type to DECIMAL(5,2).
2026-03-10 11:33:14,001 [INFO] Ensured product mapping columns exist in drug_formulary_details.
2026-03-10 11:33:14,002 [INFO] Added preferred_agent column to drug_formulary_details.
2026-03-10 11:33:14,004 [INFO] Added non_preferred_agent column to drug_formulary_details.
2026-03-10 11:33:14,015 [INFO] Database schema ensured successfully with partitioning and comprehensive indexing
2026-03-10 11:33:18,952 [INFO] Updated file_hash for plan_id: b9c12772-a7f2-4d59-aebb-e8234e625dae
2026-03-10 11:33:19,019 [INFO] Cache MISS for hash: 9840b612c9636e68639143814368a89df30d14d24459e361cb3aadef22fd05ce
2026-03-10 11:34:52,736 [INFO] Transaction 5757f7aa-e4c0-4f06-8d19-09653c31c297 created.
2026-03-10 11:34:52,896 [INFO] Loaded 0 acronyms into memory cache for US Health Group (Indiana)
2026-03-10 11:34:53,065 [INFO] Preparing to delete all existing drug records for plan_id: b9c12772-a7f2-4d59-aebb-e8234e625dae
2026-03-10 11:34:53,151 [INFO] Successfully deleted 0 records for plan_id: b9c12772-a7f2-4d59-aebb-e8234e625dae
2026-03-10 11:35:00,844 [INFO] Preparing to insert 3250 records into the database.
2026-03-10 11:35:01,278 [INFO] Successfully inserted or updated 3250 records.
2026-03-10 11:35:01,278 [INFO] db.insert drug_formulary_details count=3250
2026-03-10 11:35:01,511 [INFO] Successfully inserted or updated 13 records into pp_formulary_names.
2026-03-10 11:35:01,674 [INFO] Successfully cached result for hash: 9840b612c9636e68639143814368a89df30d14d24459e361cb3aadef22fd05ce (URL: https://ebv-formulary-repository.s3.us-east-1.amazonaws.com/Testing/pdf/9840b612...)
2026-03-10 11:35:01,675 [INFO] cache.store hash=9840b612c9636e68639143814368a89df30d14d24459e361cb3aadef22fd05ce url=https://ebv-formulary-repository.s3.us-east-1.amazonaws.com/Testing/pdf/9840b612c9636e68639143814368a89df30d14d24459e361cb3aadef22fd05ce.pdf size_drugs=3250 size_acronyms=128
2026-03-10 11:35:01,675 [INFO] Updating status to 'completed' for drugs in 1 plans.
2026-03-10 11:35:02,018 [INFO] Successfully updated status for 3250 drug formulary records.
2026-03-10 11:35:02,019 [INFO] db.update drug_formulary_details set=status='completed' plans=1 rows=3250
2026-03-10 11:35:02,019 [INFO] Updating final status for all payers and plans...
2026-03-10 11:35:02,082 [INFO] Set 1 plans to 'active'.
2026-03-10 11:35:02,084 [INFO] db.update plan_details set=status='active' rows=1
2026-03-10 11:35:02,084 [INFO] Set 1 payers to 'active'.
2026-03-10 11:35:02,087 [INFO] db.update payer_details set=status='active' rows=1
2026-03-10 11:35:02,087 [INFO] Set 1 payers to 'inactive'.
2026-03-10 11:35:02,087 [INFO] db.update payer_details set=status='inactive' rows=1
2026-03-10 11:35:02,089 [INFO] Successfully updated all plan and payer statuses.
2026-03-10 11:35:02,090 [INFO] db.update statuses committed
2026-03-10 13:39:16,532 [INFO] Transaction 9574bc1c-86a7-4add-a88b-59dc948cc497 created.
2026-03-10 13:39:16,533 [INFO] Ensuring database schema exists...
2026-03-10 13:39:16,670 [INFO] Created/ensured processed_file_cache table
2026-03-10 13:39:16,673 [INFO] Created/ensured transaction table
2026-03-10 13:39:16,681 [INFO] Created/ensured audit table
2026-03-10 13:39:16,683 [INFO] Created partitioned drug_formulary_details table
2026-03-10 13:39:16,685 [INFO] Created/ensured pp_formulary_names table
2026-03-10 13:39:16,691 [INFO] Ensured coverage_status column exists in pp_formulary_names.
2026-03-10 13:39:16,698 [INFO] Updated confidence_score column type to DECIMAL(5,2).
2026-03-10 13:39:16,701 [INFO] Ensured product mapping columns exist in drug_formulary_details.
2026-03-10 13:39:16,703 [INFO] Added preferred_agent column to drug_formulary_details.
2026-03-10 13:39:16,704 [INFO] Added non_preferred_agent column to drug_formulary_details.
2026-03-10 13:39:16,716 [INFO] Database schema ensured successfully with partitioning and comprehensive indexing
2026-03-10 13:41:10,521 [INFO] Transaction d0238184-cef5-4c0f-bd23-381d23bbacf9 created.
2026-03-10 13:41:10,521 [INFO] Ensuring database schema exists...
2026-03-10 13:41:10,591 [INFO] Created/ensured processed_file_cache table
2026-03-10 13:41:10,593 [INFO] Created/ensured transaction table
2026-03-10 13:41:10,594 [INFO] Created/ensured audit table
2026-03-10 13:41:10,597 [INFO] Created partitioned drug_formulary_details table
2026-03-10 13:41:10,598 [INFO] Created/ensured pp_formulary_names table
2026-03-10 13:41:10,602 [INFO] Ensured coverage_status column exists in pp_formulary_names.
2026-03-10 13:41:10,604 [INFO] Updated confidence_score column type to DECIMAL(5,2).
2026-03-10 13:41:10,607 [INFO] Ensured product mapping columns exist in drug_formulary_details.
2026-03-10 13:41:10,610 [INFO] Added preferred_agent column to drug_formulary_details.
2026-03-10 13:41:10,611 [INFO] Added non_preferred_agent column to drug_formulary_details.
2026-03-10 13:41:10,619 [INFO] Database schema ensured successfully with partitioning and comprehensive indexing
2026-03-10 13:41:15,509 [INFO] Updated file_hash for plan_id: 3fb8a4aa-1e4f-4c74-badc-5fb871c886a5
2026-03-10 13:41:15,573 [INFO] Cache MISS for hash: c2f760fe015aae0ea1edb3835230f84d8a6cb001b1c1cb4e6d6510958e6beb5e
2026-03-10 13:42:49,401 [INFO] Transaction 650ebd8e-5dc8-4fe9-8c2e-aa66f589beaa created.
2026-03-10 13:42:49,535 [INFO] Loaded 0 acronyms into memory cache for Wellpoint (Arizona)
2026-03-10 13:42:49,634 [INFO] Preparing to delete all existing drug records for plan_id: 3fb8a4aa-1e4f-4c74-badc-5fb871c886a5
2026-03-10 13:42:49,704 [INFO] Successfully deleted 0 records for plan_id: 3fb8a4aa-1e4f-4c74-badc-5fb871c886a5
2026-03-10 13:42:58,475 [INFO] Preparing to insert 2340 records into the database.
2026-03-10 13:42:58,544 [ERROR] An unexpected error occurred during data insertion: the query contains more than one '%s' placeholder
2026-03-10 13:42:58,544 [ERROR] db.insert_error table=drug_formulary_details error=the query contains more than one '%s' placeholder
2026-03-10 13:42:58,544 [ERROR] Database connection error: the query contains more than one '%s' placeholder
2026-03-10 13:43:53,777 [INFO] Transaction 7dc7014c-7842-4f6b-b26e-cd573b25240c created.
2026-03-10 13:43:53,778 [INFO] Ensuring database schema exists...
2026-03-10 13:43:53,838 [INFO] Created/ensured processed_file_cache table
2026-03-10 13:43:53,845 [INFO] Created/ensured transaction table
2026-03-10 13:43:53,848 [INFO] Created/ensured audit table
2026-03-10 13:43:53,849 [INFO] Created partitioned drug_formulary_details table
2026-03-10 13:43:53,849 [INFO] Created/ensured pp_formulary_names table
2026-03-10 13:43:53,853 [INFO] Ensured coverage_status column exists in pp_formulary_names.
2026-03-10 13:43:53,855 [INFO] Updated confidence_score column type to DECIMAL(5,2).
2026-03-10 13:43:53,857 [INFO] Ensured product mapping columns exist in drug_formulary_details.
2026-03-10 13:43:53,859 [INFO] Added preferred_agent column to drug_formulary_details.
2026-03-10 13:43:53,860 [INFO] Added non_preferred_agent column to drug_formulary_details.
2026-03-10 13:43:53,868 [INFO] Database schema ensured successfully with partitioning and comprehensive indexing
2026-03-10 13:43:59,232 [INFO] Updated file_hash for plan_id: 3fb8a4aa-1e4f-4c74-badc-5fb871c886a5
2026-03-10 13:43:59,297 [INFO] Cache MISS for hash: c2f760fe015aae0ea1edb3835230f84d8a6cb001b1c1cb4e6d6510958e6beb5e
2026-03-10 13:45:32,771 [INFO] Transaction fe4f1442-4f1f-425e-a96e-5c5f391919d0 created.
2026-03-10 13:45:32,914 [INFO] Loaded 0 acronyms into memory cache for Wellpoint (Arizona)
2026-03-10 13:45:33,030 [INFO] Preparing to delete all existing drug records for plan_id: 3fb8a4aa-1e4f-4c74-badc-5fb871c886a5
2026-03-10 13:45:33,103 [INFO] Successfully deleted 0 records for plan_id: 3fb8a4aa-1e4f-4c74-badc-5fb871c886a5
2026-03-10 13:45:42,787 [INFO] Preparing to insert 2346 records into the database.
2026-03-10 13:45:42,884 [ERROR] An unexpected error occurred during data insertion: there is no unique or exclusion constraint matching the ON CONFLICT specification

2026-03-10 13:45:42,884 [ERROR] db.insert_error table=drug_formulary_details error=there is no unique or exclusion constraint matching the ON CONFLICT specification

2026-03-10 13:45:42,886 [ERROR] Database connection error: there is no unique or exclusion constraint matching the ON CONFLICT specification

2026-03-10 13:47:52,452 [INFO] Transaction 9692c558-0e37-49af-9a7e-5540540cdecb created.
2026-03-10 13:47:52,452 [INFO] Ensuring database schema exists...
2026-03-10 13:47:52,520 [INFO] Created/ensured processed_file_cache table
2026-03-10 13:47:52,521 [INFO] Created/ensured transaction table
2026-03-10 13:47:52,524 [INFO] Created/ensured audit table
2026-03-10 13:47:52,525 [INFO] Created partitioned drug_formulary_details table
2026-03-10 13:47:52,527 [INFO] Created/ensured pp_formulary_names table
2026-03-10 13:47:52,533 [INFO] Ensured coverage_status column exists in pp_formulary_names.
2026-03-10 13:47:52,536 [INFO] Updated confidence_score column type to DECIMAL(5,2).
2026-03-10 13:47:52,538 [INFO] Ensured product mapping columns exist in drug_formulary_details.
2026-03-10 13:47:52,540 [INFO] Added preferred_agent column to drug_formulary_details.
2026-03-10 13:47:52,542 [INFO] Added non_preferred_agent column to drug_formulary_details.
2026-03-10 13:47:52,551 [INFO] Database schema ensured successfully with partitioning and comprehensive indexing
2026-03-10 13:48:08,850 [INFO] Updated file_hash for plan_id: 3fb8a4aa-1e4f-4c74-badc-5fb871c886a5
2026-03-10 13:48:08,925 [INFO] Cache MISS for hash: c2f760fe015aae0ea1edb3835230f84d8a6cb001b1c1cb4e6d6510958e6beb5e
2026-03-10 13:49:42,164 [INFO] Transaction cb92250a-bc2a-4773-958a-4a585d17754b created.
2026-03-10 13:49:42,305 [INFO] Loaded 0 acronyms into memory cache for Wellpoint (Arizona)
2026-03-10 13:49:42,420 [INFO] Preparing to delete all existing drug records for plan_id: 3fb8a4aa-1e4f-4c74-badc-5fb871c886a5
2026-03-10 13:49:42,498 [INFO] Successfully deleted 0 records for plan_id: 3fb8a4aa-1e4f-4c74-badc-5fb871c886a5
2026-03-10 13:49:51,801 [INFO] Preparing to insert 2344 records into the database.
2026-03-10 13:49:51,901 [ERROR] An unexpected error occurred during data insertion: there is no unique or exclusion constraint matching the ON CONFLICT specification

2026-03-10 13:49:51,902 [ERROR] db.insert_error table=drug_formulary_details error=there is no unique or exclusion constraint matching the ON CONFLICT specification

2026-03-10 13:49:51,902 [ERROR] Database connection error: there is no unique or exclusion constraint matching the ON CONFLICT specification

2026-03-10 13:51:04,230 [INFO] Transaction 5c685cf7-5c97-4d91-905d-2ae98b01af1c created.
2026-03-10 13:51:04,230 [INFO] Ensuring database schema exists...
2026-03-10 13:51:04,467 [INFO] Created/ensured processed_file_cache table
2026-03-10 13:51:04,472 [INFO] Created/ensured transaction table
2026-03-10 13:51:04,476 [INFO] Created/ensured audit table
2026-03-10 13:51:04,479 [INFO] Created partitioned drug_formulary_details table
2026-03-10 13:51:04,480 [INFO] Created/ensured pp_formulary_names table
2026-03-10 13:51:04,483 [INFO] Ensured coverage_status column exists in pp_formulary_names.
2026-03-10 13:51:04,486 [INFO] Updated confidence_score column type to DECIMAL(5,2).
2026-03-10 13:51:04,492 [INFO] Ensured product mapping columns exist in drug_formulary_details.
2026-03-10 13:51:04,495 [INFO] Added preferred_agent column to drug_formulary_details.
2026-03-10 13:51:04,495 [INFO] Added non_preferred_agent column to drug_formulary_details.
2026-03-10 13:51:04,511 [INFO] Database schema ensured successfully with partitioning and comprehensive indexing
2026-03-10 13:51:10,226 [INFO] Updated file_hash for plan_id: 3fb8a4aa-1e4f-4c74-badc-5fb871c886a5
2026-03-10 13:51:10,306 [INFO] Cache MISS for hash: c2f760fe015aae0ea1edb3835230f84d8a6cb001b1c1cb4e6d6510958e6beb5e
2026-03-10 13:52:22,346 [INFO] Transaction 5f750dc2-1673-4d40-a86b-a2cbba80548b created.
2026-03-10 13:52:22,475 [INFO] Loaded 0 acronyms into memory cache for Wellpoint (Arizona)
2026-03-10 13:52:22,576 [INFO] Preparing to delete all existing drug records for plan_id: 3fb8a4aa-1e4f-4c74-badc-5fb871c886a5
2026-03-10 13:52:22,645 [INFO] Successfully deleted 0 records for plan_id: 3fb8a4aa-1e4f-4c74-badc-5fb871c886a5
2026-03-10 13:52:31,574 [INFO] Preparing to insert 2341 records into the database.
2026-03-10 13:52:32,017 [INFO] Successfully inserted or updated 2341 records.
2026-03-10 13:52:32,017 [INFO] db.insert drug_formulary_details count=2341
2026-03-10 13:52:32,440 [INFO] Successfully inserted or updated 18 records into pp_formulary_names.
2026-03-10 13:52:32,595 [INFO] Successfully cached result for hash: c2f760fe015aae0ea1edb3835230f84d8a6cb001b1c1cb4e6d6510958e6beb5e (URL: https://ebv-formulary-repository.s3.us-east-1.amazonaws.com/Testing/pdf/c2f760fe...)
2026-03-10 13:52:32,596 [INFO] cache.store hash=c2f760fe015aae0ea1edb3835230f84d8a6cb001b1c1cb4e6d6510958e6beb5e url=https://ebv-formulary-repository.s3.us-east-1.amazonaws.com/Testing/pdf/c2f760fe015aae0ea1edb3835230f84d8a6cb001b1c1cb4e6d6510958e6beb5e.pdf size_drugs=2341 size_acronyms=113
2026-03-10 13:52:32,597 [INFO] Updating status to 'completed' for drugs in 1 plans.
2026-03-10 13:52:32,882 [INFO] Successfully updated status for 2341 drug formulary records.
2026-03-10 13:52:32,883 [INFO] db.update drug_formulary_details set=status='completed' plans=1 rows=2341
2026-03-10 13:52:32,885 [INFO] Updating final status for all payers and plans...
2026-03-10 13:52:32,952 [INFO] Set 1 plans to 'active'.
2026-03-10 13:52:32,952 [INFO] db.update plan_details set=status='active' rows=1
2026-03-10 13:52:32,956 [INFO] Set 1 payers to 'active'.
2026-03-10 13:52:32,956 [INFO] db.update payer_details set=status='active' rows=1
2026-03-10 13:52:32,958 [INFO] Set 0 payers to 'inactive'.
2026-03-10 13:52:32,959 [INFO] db.update payer_details set=status='inactive' rows=0
2026-03-10 13:52:32,959 [INFO] Successfully updated all plan and payer statuses.
2026-03-10 13:52:32,960 [INFO] db.update statuses committed
2026-03-10 14:02:09,778 [INFO] Transaction 518c19ae-eaf9-4a77-9ab1-ef2b3250bdff created.
2026-03-10 14:02:09,778 [INFO] Ensuring database schema exists...
2026-03-10 14:02:09,975 [INFO] Created/ensured processed_file_cache table
2026-03-10 14:02:09,980 [INFO] Created/ensured transaction table
2026-03-10 14:02:09,984 [INFO] Created/ensured audit table
2026-03-10 14:02:09,987 [INFO] Created partitioned drug_formulary_details table
2026-03-10 14:02:09,987 [INFO] Created/ensured pp_formulary_names table
2026-03-10 14:02:09,990 [INFO] Ensured coverage_status column exists in pp_formulary_names.
2026-03-10 14:02:09,997 [INFO] Updated confidence_score column type to DECIMAL(5,2).
2026-03-10 14:02:10,001 [INFO] Ensured product mapping columns exist in drug_formulary_details.
2026-03-10 14:02:10,005 [INFO] Added preferred_agent column to drug_formulary_details.
2026-03-10 14:02:10,006 [INFO] Added non_preferred_agent column to drug_formulary_details.
2026-03-10 14:02:10,015 [INFO] Database schema ensured successfully with partitioning and comprehensive indexing
2026-03-10 14:02:15,216 [INFO] Updated file_hash for plan_id: 3fb8a4aa-1e4f-4c74-badc-5fb871c886a5
2026-03-10 14:02:15,287 [INFO] Cache HIT for hash: c2f760fe015aae0ea1edb3835230f84d8a6cb001b1c1cb4e6d6510958e6beb5e
2026-03-10 14:02:15,290 [INFO] Preparing to delete all existing drug records for plan_id: 3fb8a4aa-1e4f-4c74-badc-5fb871c886a5
2026-03-10 14:02:15,364 [INFO] Successfully deleted 2341 records for plan_id: 3fb8a4aa-1e4f-4c74-badc-5fb871c886a5
2026-03-10 14:02:23,081 [INFO] Preparing to insert 2341 records into the database.
2026-03-10 14:02:23,439 [INFO] Successfully inserted or updated 2341 records.
2026-03-10 14:02:23,440 [INFO] db.insert drug_formulary_details count=2341
2026-03-10 14:08:34,919 [INFO] Transaction 26b5f4fb-2181-40ae-b6f1-15d527f18ca8 created.
2026-03-10 14:08:34,920 [INFO] Ensuring database schema exists...
2026-03-10 14:08:34,988 [INFO] Created/ensured processed_file_cache table
2026-03-10 14:08:34,990 [INFO] Created/ensured transaction table
2026-03-10 14:08:34,993 [INFO] Created/ensured audit table
2026-03-10 14:08:34,994 [INFO] Created partitioned drug_formulary_details table
2026-03-10 14:08:34,995 [INFO] Created/ensured pp_formulary_names table
2026-03-10 14:08:34,999 [INFO] Ensured coverage_status column exists in pp_formulary_names.
2026-03-10 14:08:35,002 [INFO] Updated confidence_score column type to DECIMAL(5,2).
2026-03-10 14:08:35,006 [INFO] Ensured product mapping columns exist in drug_formulary_details.
2026-03-10 14:08:35,009 [INFO] Added preferred_agent column to drug_formulary_details.
2026-03-10 14:08:35,009 [INFO] Added non_preferred_agent column to drug_formulary_details.
2026-03-10 14:08:35,016 [INFO] Database schema ensured successfully with partitioning and comprehensive indexing
2026-03-10 14:08:40,073 [INFO] Updated file_hash for plan_id: 3fb8a4aa-1e4f-4c74-badc-5fb871c886a5
2026-03-10 14:08:40,144 [INFO] Cache HIT for hash: c2f760fe015aae0ea1edb3835230f84d8a6cb001b1c1cb4e6d6510958e6beb5e
2026-03-10 14:08:40,146 [INFO] Preparing to delete all existing drug records for plan_id: 3fb8a4aa-1e4f-4c74-badc-5fb871c886a5
2026-03-10 14:08:40,218 [INFO] Successfully deleted 2341 records for plan_id: 3fb8a4aa-1e4f-4c74-badc-5fb871c886a5
2026-03-10 14:08:47,338 [INFO] Preparing to insert 2341 records into the database.
2026-03-10 14:08:47,734 [INFO] Successfully inserted or updated 2341 records.
2026-03-10 14:08:47,735 [INFO] db.insert drug_formulary_details count=2341
2026-03-10 14:10:41,257 [INFO] Transaction ed8ac992-ce6c-4353-b218-a32d1d6e9515 created.
2026-03-10 14:10:41,258 [INFO] Ensuring database schema exists...
2026-03-10 14:10:41,323 [INFO] Created/ensured processed_file_cache table
2026-03-10 14:10:41,325 [INFO] Created/ensured transaction table
2026-03-10 14:10:41,328 [INFO] Created/ensured audit table
2026-03-10 14:10:41,329 [INFO] Created partitioned drug_formulary_details table
2026-03-10 14:10:41,330 [INFO] Created/ensured pp_formulary_names table
2026-03-10 14:10:41,335 [INFO] Ensured coverage_status column exists in pp_formulary_names.
2026-03-10 14:10:41,338 [INFO] Updated confidence_score column type to DECIMAL(5,2).
2026-03-10 14:10:41,342 [INFO] Ensured product mapping columns exist in drug_formulary_details.
2026-03-10 14:10:41,342 [INFO] Added preferred_agent column to drug_formulary_details.
2026-03-10 14:10:41,346 [INFO] Added non_preferred_agent column to drug_formulary_details.
2026-03-10 14:10:41,352 [INFO] Database schema ensured successfully with partitioning and comprehensive indexing
2026-03-10 14:10:46,314 [INFO] Updated file_hash for plan_id: 3fb8a4aa-1e4f-4c74-badc-5fb871c886a5
2026-03-10 14:10:46,430 [INFO] Cache HIT for hash: c2f760fe015aae0ea1edb3835230f84d8a6cb001b1c1cb4e6d6510958e6beb5e
2026-03-10 14:10:46,431 [INFO] Preparing to delete all existing drug records for plan_id: 3fb8a4aa-1e4f-4c74-badc-5fb871c886a5
2026-03-10 14:10:46,502 [INFO] Successfully deleted 2341 records for plan_id: 3fb8a4aa-1e4f-4c74-badc-5fb871c886a5
2026-03-10 14:10:54,798 [INFO] Preparing to insert 2341 records into the database.
2026-03-10 14:10:55,133 [INFO] Successfully inserted or updated 2341 records.
2026-03-10 14:10:55,135 [INFO] db.insert drug_formulary_details count=2341
2026-03-10 14:12:07,390 [INFO] Transaction 5f8303aa-1baf-4eed-8483-e0f54fc1f2db created.
2026-03-10 14:12:07,391 [INFO] Ensuring database schema exists...
2026-03-10 14:12:07,454 [INFO] Created/ensured processed_file_cache table
2026-03-10 14:12:07,459 [INFO] Created/ensured transaction table
2026-03-10 14:12:07,463 [INFO] Created/ensured audit table
2026-03-10 14:12:07,464 [INFO] Created partitioned drug_formulary_details table
2026-03-10 14:12:07,465 [INFO] Created/ensured pp_formulary_names table
2026-03-10 14:12:07,466 [INFO] Ensured coverage_status column exists in pp_formulary_names.
2026-03-10 14:12:07,470 [INFO] Updated confidence_score column type to DECIMAL(5,2).
2026-03-10 14:12:07,473 [INFO] Ensured product mapping columns exist in drug_formulary_details.
2026-03-10 14:12:07,473 [INFO] Added preferred_agent column to drug_formulary_details.
2026-03-10 14:12:07,475 [INFO] Added non_preferred_agent column to drug_formulary_details.
2026-03-10 14:12:07,482 [INFO] Database schema ensured successfully with partitioning and comprehensive indexing
2026-03-10 14:12:13,516 [INFO] Updated file_hash for plan_id: 3fb8a4aa-1e4f-4c74-badc-5fb871c886a5
2026-03-10 14:12:13,586 [INFO] Cache HIT for hash: c2f760fe015aae0ea1edb3835230f84d8a6cb001b1c1cb4e6d6510958e6beb5e
2026-03-10 14:12:13,589 [INFO] Preparing to delete all existing drug records for plan_id: 3fb8a4aa-1e4f-4c74-badc-5fb871c886a5
2026-03-10 14:12:13,659 [INFO] Successfully deleted 2341 records for plan_id: 3fb8a4aa-1e4f-4c74-badc-5fb871c886a5
2026-03-10 14:12:20,220 [INFO] Preparing to insert 2341 records into the database.
2026-03-10 14:12:20,551 [INFO] Successfully inserted or updated 2341 records.
2026-03-10 14:12:20,552 [INFO] db.insert drug_formulary_details count=2341
2026-03-10 14:13:27,306 [INFO] Transaction 5b54e87e-358a-436c-8beb-e90513333e9f created.
2026-03-10 14:13:27,308 [INFO] Ensuring database schema exists...
2026-03-10 14:13:27,468 [INFO] Created/ensured processed_file_cache table
2026-03-10 14:13:27,472 [INFO] Created/ensured transaction table
2026-03-10 14:13:27,474 [INFO] Created/ensured audit table
2026-03-10 14:13:27,477 [INFO] Created partitioned drug_formulary_details table
2026-03-10 14:13:27,477 [INFO] Created/ensured pp_formulary_names table
2026-03-10 14:13:27,482 [INFO] Ensured coverage_status column exists in pp_formulary_names.
2026-03-10 14:13:27,484 [INFO] Updated confidence_score column type to DECIMAL(5,2).
2026-03-10 14:13:27,486 [INFO] Ensured product mapping columns exist in drug_formulary_details.
2026-03-10 14:13:27,488 [INFO] Added preferred_agent column to drug_formulary_details.
2026-03-10 14:13:27,488 [INFO] Added non_preferred_agent column to drug_formulary_details.
2026-03-10 14:13:27,495 [INFO] Database schema ensured successfully with partitioning and comprehensive indexing
2026-03-10 14:13:32,522 [INFO] Updated file_hash for plan_id: 3fb8a4aa-1e4f-4c74-badc-5fb871c886a5
2026-03-10 14:13:32,590 [INFO] Cache MISS for hash: c2f760fe015aae0ea1edb3835230f84d8a6cb001b1c1cb4e6d6510958e6beb5e
2026-03-10 14:15:02,674 [INFO] Transaction 325ffc43-9437-4277-b3c7-fc5c5d8a74d9 created.
2026-03-10 14:15:02,820 [INFO] Loaded 0 acronyms into memory cache for Wellpoint (Arizona)
2026-03-10 14:15:02,935 [INFO] Preparing to delete all existing drug records for plan_id: 3fb8a4aa-1e4f-4c74-badc-5fb871c886a5
2026-03-10 14:15:03,011 [INFO] Successfully deleted 2341 records for plan_id: 3fb8a4aa-1e4f-4c74-badc-5fb871c886a5
2026-03-10 14:15:11,359 [INFO] Preparing to insert 2342 records into the database.
2026-03-10 14:15:11,758 [INFO] Successfully inserted or updated 2342 records.
2026-03-10 14:15:11,759 [INFO] db.insert drug_formulary_details count=2342
2026-03-10 14:15:12,343 [INFO] Successfully inserted or updated 18 records into pp_formulary_names.
2026-03-10 14:15:12,505 [INFO] Successfully cached result for hash: c2f760fe015aae0ea1edb3835230f84d8a6cb001b1c1cb4e6d6510958e6beb5e (URL: https://ebv-formulary-repository.s3.us-east-1.amazonaws.com/Testing/pdf/c2f760fe...)
2026-03-10 14:15:12,507 [INFO] cache.store hash=c2f760fe015aae0ea1edb3835230f84d8a6cb001b1c1cb4e6d6510958e6beb5e url=https://ebv-formulary-repository.s3.us-east-1.amazonaws.com/Testing/pdf/c2f760fe015aae0ea1edb3835230f84d8a6cb001b1c1cb4e6d6510958e6beb5e.pdf size_drugs=2342 size_acronyms=124
2026-03-10 14:15:12,507 [INFO] Updating status to 'completed' for drugs in 1 plans.
2026-03-10 14:15:12,806 [INFO] Successfully updated status for 2342 drug formulary records.
2026-03-10 14:15:12,807 [INFO] db.update drug_formulary_details set=status='completed' plans=1 rows=2342
2026-03-10 14:15:12,808 [INFO] Updating final status for all payers and plans...
2026-03-10 14:15:12,889 [INFO] Set 1 plans to 'active'.
2026-03-10 14:15:12,891 [INFO] db.update plan_details set=status='active' rows=1
2026-03-10 14:15:12,893 [INFO] Set 1 payers to 'active'.
2026-03-10 14:15:12,894 [INFO] db.update payer_details set=status='active' rows=1
2026-03-10 14:15:12,895 [INFO] Set 0 payers to 'inactive'.
2026-03-10 14:15:12,895 [INFO] db.update payer_details set=status='inactive' rows=0
2026-03-10 14:15:12,899 [INFO] Successfully updated all plan and payer statuses.
2026-03-10 14:15:12,899 [INFO] db.update statuses committed
2026-03-10 14:18:45,285 [INFO] Transaction 9d453492-a24d-4da1-ba6e-a1b37a0e6e72 created.
2026-03-10 14:18:45,286 [INFO] Ensuring database schema exists...
2026-03-10 14:18:45,355 [INFO] Created/ensured processed_file_cache table
2026-03-10 14:18:45,359 [INFO] Created/ensured transaction table
2026-03-10 14:18:45,362 [INFO] Created/ensured audit table
2026-03-10 14:18:45,363 [INFO] Created partitioned drug_formulary_details table
2026-03-10 14:18:45,364 [INFO] Created/ensured pp_formulary_names table
2026-03-10 14:18:45,369 [INFO] Ensured coverage_status column exists in pp_formulary_names.
2026-03-10 14:18:45,370 [INFO] Updated confidence_score column type to DECIMAL(5,2).
2026-03-10 14:18:45,376 [INFO] Ensured product mapping columns exist in drug_formulary_details.
2026-03-10 14:18:45,378 [INFO] Added preferred_agent column to drug_formulary_details.
2026-03-10 14:18:45,380 [INFO] Added non_preferred_agent column to drug_formulary_details.
2026-03-10 14:18:45,386 [INFO] Database schema ensured successfully with partitioning and comprehensive indexing
2026-03-10 14:18:53,702 [INFO] Updated file_hash for plan_id: 3fb8a4aa-1e4f-4c74-badc-5fb871c886a5
2026-03-10 14:18:53,769 [INFO] Cache MISS for hash: c2f760fe015aae0ea1edb3835230f84d8a6cb001b1c1cb4e6d6510958e6beb5e
2026-03-10 14:20:18,255 [INFO] Transaction f5b47475-4c83-4fee-b1d4-63004e96ad7a created.
2026-03-10 14:20:18,384 [INFO] Loaded 0 acronyms into memory cache for Wellpoint (Arizona)
2026-03-10 14:20:18,474 [INFO] Preparing to delete all existing drug records for plan_id: 3fb8a4aa-1e4f-4c74-badc-5fb871c886a5
2026-03-10 14:20:18,547 [INFO] Successfully deleted 2342 records for plan_id: 3fb8a4aa-1e4f-4c74-badc-5fb871c886a5
2026-03-10 14:20:24,840 [INFO] Preparing to insert 2343 records into the database.
2026-03-10 14:20:25,161 [INFO] Successfully inserted or updated 2343 records.
2026-03-10 14:20:25,161 [INFO] db.insert drug_formulary_details count=2343
2026-03-10 14:20:25,613 [INFO] Successfully inserted or updated 18 records into pp_formulary_names.
2026-03-10 14:20:25,768 [INFO] Successfully cached result for hash: c2f760fe015aae0ea1edb3835230f84d8a6cb001b1c1cb4e6d6510958e6beb5e (URL: https://ebv-formulary-repository.s3.us-east-1.amazonaws.com/Testing/pdf/c2f760fe...)
2026-03-10 14:20:25,768 [INFO] cache.store hash=c2f760fe015aae0ea1edb3835230f84d8a6cb001b1c1cb4e6d6510958e6beb5e url=https://ebv-formulary-repository.s3.us-east-1.amazonaws.com/Testing/pdf/c2f760fe015aae0ea1edb3835230f84d8a6cb001b1c1cb4e6d6510958e6beb5e.pdf size_drugs=2343 size_acronyms=110
2026-03-10 14:20:25,769 [INFO] Updating status to 'completed' for drugs in 1 plans.
2026-03-10 14:20:26,037 [INFO] Successfully updated status for 2343 drug formulary records.
2026-03-10 14:20:26,039 [INFO] db.update drug_formulary_details set=status='completed' plans=1 rows=2343
2026-03-10 14:20:26,040 [INFO] Updating final status for all payers and plans...
2026-03-10 14:20:26,107 [INFO] Set 1 plans to 'active'.
2026-03-10 14:20:26,107 [INFO] db.update plan_details set=status='active' rows=1
2026-03-10 14:20:26,110 [INFO] Set 1 payers to 'active'.
2026-03-10 14:20:26,110 [INFO] db.update payer_details set=status='active' rows=1
2026-03-10 14:20:26,111 [INFO] Set 0 payers to 'inactive'.
2026-03-10 14:20:26,112 [INFO] db.update payer_details set=status='inactive' rows=0
2026-03-10 14:20:26,113 [INFO] Successfully updated all plan and payer statuses.
2026-03-10 14:20:26,114 [INFO] db.update statuses committed
2026-03-10 15:22:00,850 [INFO] Transaction f841a38b-22f8-4685-a7b7-410b7cd68db5 created.
2026-03-10 15:22:00,852 [INFO] Ensuring database schema exists...
2026-03-10 15:22:00,942 [INFO] Created/ensured processed_file_cache table
2026-03-10 15:22:00,944 [INFO] Created/ensured transaction table
2026-03-10 15:22:00,946 [INFO] Created/ensured audit table
2026-03-10 15:22:00,946 [INFO] Created partitioned drug_formulary_details table
2026-03-10 15:22:00,948 [INFO] Created/ensured pp_formulary_names table
2026-03-10 15:22:00,953 [INFO] Ensured coverage_status column exists in pp_formulary_names.
2026-03-10 15:22:00,956 [INFO] Updated confidence_score column type to DECIMAL(5,2).
2026-03-10 15:22:00,958 [INFO] Ensured product mapping columns exist in drug_formulary_details.
2026-03-10 15:22:00,961 [INFO] Added preferred_agent column to drug_formulary_details.
2026-03-10 15:22:00,962 [INFO] Added non_preferred_agent column to drug_formulary_details.
2026-03-10 15:22:00,971 [INFO] Database schema ensured successfully with partitioning and comprehensive indexing
2026-03-10 15:22:07,772 [INFO] Updated file_hash for plan_id: 3fb8a4aa-1e4f-4c74-badc-5fb871c886a5
2026-03-10 15:22:07,906 [INFO] Cache MISS for hash: c2f760fe015aae0ea1edb3835230f84d8a6cb001b1c1cb4e6d6510958e6beb5e
2026-03-10 15:23:30,494 [INFO] Transaction b494707d-00dc-4a1b-a525-2da9e53d870e created.
2026-03-10 15:23:30,621 [INFO] Loaded 0 acronyms into memory cache for Wellpoint (Arizona)
2026-03-10 15:23:30,712 [INFO] Preparing to delete all existing drug records for plan_id: 3fb8a4aa-1e4f-4c74-badc-5fb871c886a5
2026-03-10 15:23:30,792 [INFO] Successfully deleted 2343 records for plan_id: 3fb8a4aa-1e4f-4c74-badc-5fb871c886a5
2026-03-10 15:23:37,309 [INFO] Preparing to insert 2340 records into the database.
2026-03-10 15:23:37,665 [INFO] Successfully inserted or updated 2340 records.
2026-03-10 15:23:37,667 [INFO] db.insert drug_formulary_details count=2340
2026-03-10 15:23:38,015 [INFO] Successfully inserted or updated 18 records into pp_formulary_names.
2026-03-10 15:23:38,161 [INFO] Successfully cached result for hash: c2f760fe015aae0ea1edb3835230f84d8a6cb001b1c1cb4e6d6510958e6beb5e (URL: https://ebv-formulary-repository.s3.us-east-1.amazonaws.com/Testing/pdf/c2f760fe...)
2026-03-10 15:23:38,161 [INFO] cache.store hash=c2f760fe015aae0ea1edb3835230f84d8a6cb001b1c1cb4e6d6510958e6beb5e url=https://ebv-formulary-repository.s3.us-east-1.amazonaws.com/Testing/pdf/c2f760fe015aae0ea1edb3835230f84d8a6cb001b1c1cb4e6d6510958e6beb5e.pdf size_drugs=2340 size_acronyms=123
2026-03-10 15:23:38,162 [INFO] Updating status to 'completed' for drugs in 1 plans.
2026-03-10 15:23:38,399 [INFO] Successfully updated status for 2340 drug formulary records.
2026-03-10 15:23:38,399 [INFO] db.update drug_formulary_details set=status='completed' plans=1 rows=2340
2026-03-10 15:23:38,401 [INFO] Updating final status for all payers and plans...
2026-03-10 15:23:38,464 [INFO] Set 1 plans to 'active'.
2026-03-10 15:23:38,464 [INFO] db.update plan_details set=status='active' rows=1
2026-03-10 15:23:38,466 [INFO] Set 1 payers to 'active'.
2026-03-10 15:23:38,466 [INFO] db.update payer_details set=status='active' rows=1
2026-03-10 15:23:38,467 [INFO] Set 0 payers to 'inactive'.
2026-03-10 15:23:38,467 [INFO] db.update payer_details set=status='inactive' rows=0
2026-03-10 15:23:38,469 [INFO] Successfully updated all plan and payer statuses.
2026-03-10 15:23:38,469 [INFO] db.update statuses committed
2026-03-10 15:36:36,968 [INFO] Transaction 1f72e72a-a9e7-4535-bd6c-d3c58f69a418 created.
2026-03-10 15:36:36,971 [INFO] Ensuring database schema exists...
2026-03-10 15:36:37,045 [INFO] Created/ensured processed_file_cache table
2026-03-10 15:36:37,055 [INFO] Created/ensured transaction table
2026-03-10 15:36:37,058 [INFO] Created/ensured audit table
2026-03-10 15:36:37,060 [INFO] Created partitioned drug_formulary_details table
2026-03-10 15:36:37,061 [INFO] Created/ensured pp_formulary_names table
2026-03-10 15:36:37,068 [INFO] Ensured coverage_status column exists in pp_formulary_names.
2026-03-10 15:36:37,073 [INFO] Updated confidence_score column type to DECIMAL(5,2).
2026-03-10 15:36:37,075 [INFO] Ensured product mapping columns exist in drug_formulary_details.
2026-03-10 15:36:37,078 [INFO] Added preferred_agent column to drug_formulary_details.
2026-03-10 15:36:37,079 [INFO] Added non_preferred_agent column to drug_formulary_details.
2026-03-10 15:36:37,091 [INFO] Database schema ensured successfully with partitioning and comprehensive indexing
2026-03-10 15:36:44,782 [INFO] Updated file_hash for plan_id: 3fb8a4aa-1e4f-4c74-badc-5fb871c886a5
2026-03-10 15:36:44,857 [INFO] Cache MISS for hash: c2f760fe015aae0ea1edb3835230f84d8a6cb001b1c1cb4e6d6510958e6beb5e
2026-03-10 15:38:18,731 [INFO] Transaction eeb88d77-8c23-475a-80f5-e0167f5b2a94 created.
2026-03-10 15:38:18,912 [INFO] Loaded 0 acronyms into memory cache for Wellpoint (Arizona)
2026-03-10 15:38:19,045 [INFO] Preparing to delete all existing drug records for plan_id: 3fb8a4aa-1e4f-4c74-badc-5fb871c886a5
2026-03-10 15:38:19,145 [INFO] Successfully deleted 2340 records for plan_id: 3fb8a4aa-1e4f-4c74-badc-5fb871c886a5
2026-03-10 15:38:29,380 [INFO] Preparing to insert 2301 records into the database.
2026-03-10 15:38:29,711 [INFO] Successfully inserted or updated 2301 records.
2026-03-10 15:38:29,713 [INFO] db.insert drug_formulary_details count=2301
2026-03-10 15:38:30,135 [INFO] Successfully inserted or updated 18 records into pp_formulary_names.
2026-03-10 15:38:30,294 [INFO] Successfully cached result for hash: c2f760fe015aae0ea1edb3835230f84d8a6cb001b1c1cb4e6d6510958e6beb5e (URL: https://ebv-formulary-repository.s3.us-east-1.amazonaws.com/Testing/pdf/c2f760fe...)
2026-03-10 15:38:30,296 [INFO] cache.store hash=c2f760fe015aae0ea1edb3835230f84d8a6cb001b1c1cb4e6d6510958e6beb5e url=https://ebv-formulary-repository.s3.us-east-1.amazonaws.com/Testing/pdf/c2f760fe015aae0ea1edb3835230f84d8a6cb001b1c1cb4e6d6510958e6beb5e.pdf size_drugs=2302 size_acronyms=116
2026-03-10 15:38:30,296 [INFO] Updating status to 'completed' for drugs in 1 plans.
2026-03-10 15:38:30,536 [INFO] Successfully updated status for 2301 drug formulary records.
2026-03-10 15:38:30,537 [INFO] db.update drug_formulary_details set=status='completed' plans=1 rows=2301
2026-03-10 15:38:30,538 [INFO] Updating final status for all payers and plans...
2026-03-10 15:38:30,613 [INFO] Set 1 plans to 'active'.
2026-03-10 15:38:30,614 [INFO] db.update plan_details set=status='active' rows=1
2026-03-10 15:38:30,617 [INFO] Set 1 payers to 'active'.
2026-03-10 15:38:30,618 [INFO] db.update payer_details set=status='active' rows=1
2026-03-10 15:38:30,622 [INFO] Set 0 payers to 'inactive'.
2026-03-10 15:38:30,623 [INFO] db.update payer_details set=status='inactive' rows=0
2026-03-10 15:38:30,624 [INFO] Successfully updated all plan and payer statuses.
2026-03-10 15:38:30,624 [INFO] db.update statuses committed
2026-03-10 15:52:26,653 [INFO] Transaction dc0a42f9-5c90-4a29-a087-86f42ba22e25 created.
2026-03-10 15:52:26,654 [INFO] Ensuring database schema exists...
2026-03-10 15:52:26,732 [INFO] Created/ensured processed_file_cache table
2026-03-10 15:52:26,735 [INFO] Created/ensured transaction table
2026-03-10 15:52:26,738 [INFO] Created/ensured audit table
2026-03-10 15:52:26,739 [INFO] Created partitioned drug_formulary_details table
2026-03-10 15:52:26,740 [INFO] Created/ensured pp_formulary_names table
2026-03-10 15:52:26,748 [INFO] Ensured coverage_status column exists in pp_formulary_names.
2026-03-10 15:52:26,751 [INFO] Updated confidence_score column type to DECIMAL(5,2).
2026-03-10 15:52:26,754 [INFO] Ensured product mapping columns exist in drug_formulary_details.
2026-03-10 15:52:26,754 [INFO] Added preferred_agent column to drug_formulary_details.
2026-03-10 15:52:26,754 [INFO] Added non_preferred_agent column to drug_formulary_details.
2026-03-10 15:52:26,765 [INFO] Database schema ensured successfully with partitioning and comprehensive indexing
2026-03-10 15:52:40,561 [INFO] Updated file_hash for plan_id: 3fb8a4aa-1e4f-4c74-badc-5fb871c886a5
2026-03-10 15:52:40,623 [INFO] Cache MISS for hash: c2f760fe015aae0ea1edb3835230f84d8a6cb001b1c1cb4e6d6510958e6beb5e
2026-03-10 15:54:03,038 [INFO] Transaction 4999dd0a-8bb0-4f7b-9f54-81950264ce66 created.
2026-03-10 15:54:03,185 [INFO] Loaded 12 acronyms into memory cache for Wellpoint (Arizona)
2026-03-10 15:54:03,273 [INFO] Preparing to delete all existing drug records for plan_id: 3fb8a4aa-1e4f-4c74-badc-5fb871c886a5
2026-03-10 15:54:03,337 [INFO] Successfully deleted 0 records for plan_id: 3fb8a4aa-1e4f-4c74-badc-5fb871c886a5
2026-03-10 15:54:07,464 [INFO] Preparing to insert 2346 records into the database.
2026-03-10 15:54:07,848 [INFO] Successfully inserted or updated 2346 records.
2026-03-10 15:54:07,848 [INFO] db.insert drug_formulary_details count=2346
2026-03-10 15:54:08,159 [INFO] Successfully inserted or updated 18 records into pp_formulary_names.
2026-03-10 15:54:08,312 [INFO] Successfully cached result for hash: c2f760fe015aae0ea1edb3835230f84d8a6cb001b1c1cb4e6d6510958e6beb5e (URL: https://ebv-formulary-repository.s3.us-east-1.amazonaws.com/Testing/pdf/c2f760fe...)
2026-03-10 15:54:08,313 [INFO] cache.store hash=c2f760fe015aae0ea1edb3835230f84d8a6cb001b1c1cb4e6d6510958e6beb5e url=https://ebv-formulary-repository.s3.us-east-1.amazonaws.com/Testing/pdf/c2f760fe015aae0ea1edb3835230f84d8a6cb001b1c1cb4e6d6510958e6beb5e.pdf size_drugs=2348 size_acronyms=117
2026-03-10 15:54:08,313 [INFO] Updating status to 'completed' for drugs in 1 plans.
2026-03-10 15:54:08,588 [INFO] Successfully updated status for 2346 drug formulary records.
2026-03-10 15:54:08,588 [INFO] db.update drug_formulary_details set=status='completed' plans=1 rows=2346
2026-03-10 15:54:08,588 [INFO] Updating final status for all payers and plans...
2026-03-10 15:54:08,662 [INFO] Set 1 plans to 'active'.
2026-03-10 15:54:08,663 [INFO] db.update plan_details set=status='active' rows=1
2026-03-10 15:54:08,665 [INFO] Set 1 payers to 'active'.
2026-03-10 15:54:08,666 [INFO] db.update payer_details set=status='active' rows=1
2026-03-10 15:54:08,667 [INFO] Set 0 payers to 'inactive'.
2026-03-10 15:54:08,668 [INFO] db.update payer_details set=status='inactive' rows=0
2026-03-10 15:54:08,669 [INFO] Successfully updated all plan and payer statuses.
2026-03-10 15:54:08,669 [INFO] db.update statuses committed
2026-03-10 16:30:31,748 [ERROR] Database connection error: name 'result' is not defined
2026-03-10 16:32:05,840 [INFO] Transaction 49cdaf14-cfe1-46b6-9fe8-fa08942f3a07 created.
2026-03-10 16:32:05,841 [INFO] Ensuring database schema exists...
2026-03-10 16:32:05,936 [INFO] Created/ensured processed_file_cache table
2026-03-10 16:32:05,938 [INFO] Created/ensured transaction table
2026-03-10 16:32:05,940 [INFO] Created/ensured audit table
2026-03-10 16:32:05,941 [INFO] Created partitioned drug_formulary_details table
2026-03-10 16:32:05,943 [INFO] Created/ensured pp_formulary_names table
2026-03-10 16:32:05,954 [INFO] Ensured coverage_status column exists in pp_formulary_names.
2026-03-10 16:32:05,960 [INFO] Updated confidence_score column type to DECIMAL(5,2).
2026-03-10 16:32:05,964 [INFO] Ensured product mapping columns exist in drug_formulary_details.
2026-03-10 16:32:05,966 [INFO] Added preferred_agent column to drug_formulary_details.
2026-03-10 16:32:05,967 [INFO] Added non_preferred_agent column to drug_formulary_details.
2026-03-10 16:32:05,972 [INFO] Database schema ensured successfully with partitioning and comprehensive indexing
2026-03-10 16:32:11,472 [INFO] Updated file_hash for plan_id: 3fb8a4aa-1e4f-4c74-badc-5fb871c886a5
2026-03-10 16:32:11,546 [INFO] Cache MISS for hash: c2f760fe015aae0ea1edb3835230f84d8a6cb001b1c1cb4e6d6510958e6beb5e
2026-03-10 16:33:45,614 [INFO] Transaction c697fc44-f063-4abe-9723-504084f9f03b created.
2026-03-10 16:33:45,758 [INFO] Loaded 12 acronyms into memory cache for Wellpoint (Arizona)
2026-03-10 16:33:45,857 [INFO] Preparing to delete all existing drug records for plan_id: 3fb8a4aa-1e4f-4c74-badc-5fb871c886a5
2026-03-10 16:33:45,940 [INFO] Successfully deleted 2346 records for plan_id: 3fb8a4aa-1e4f-4c74-badc-5fb871c886a5
2026-03-10 16:33:52,043 [INFO] Preparing to insert 2342 records into the database.
2026-03-10 16:33:52,436 [INFO] Successfully inserted or updated 2342 records.
2026-03-10 16:33:52,437 [INFO] db.insert drug_formulary_details count=2342
2026-03-10 16:33:52,813 [INFO] Successfully inserted or updated 17 records into pp_formulary_names.
2026-03-10 16:33:53,000 [INFO] Successfully cached result for hash: c2f760fe015aae0ea1edb3835230f84d8a6cb001b1c1cb4e6d6510958e6beb5e (URL: https://ebv-formulary-repository.s3.us-east-1.amazonaws.com/Testing/pdf/c2f760fe...)
2026-03-10 16:33:53,000 [INFO] cache.store hash=c2f760fe015aae0ea1edb3835230f84d8a6cb001b1c1cb4e6d6510958e6beb5e url=https://ebv-formulary-repository.s3.us-east-1.amazonaws.com/Testing/pdf/c2f760fe015aae0ea1edb3835230f84d8a6cb001b1c1cb4e6d6510958e6beb5e.pdf size_drugs=2344 size_acronyms=121
2026-03-10 16:33:53,003 [INFO] Updating status to 'completed' for drugs in 1 plans.
2026-03-10 16:33:53,366 [INFO] Successfully updated status for 2342 drug formulary records.
2026-03-10 16:33:53,367 [INFO] db.update drug_formulary_details set=status='completed' plans=1 rows=2342
2026-03-10 16:33:53,369 [INFO] Updating final status for all payers and plans...
2026-03-10 16:33:53,446 [INFO] Set 1 plans to 'active'.
2026-03-10 16:33:53,446 [INFO] db.update plan_details set=status='active' rows=1
2026-03-10 16:33:53,448 [INFO] Set 1 payers to 'active'.
2026-03-10 16:33:53,450 [INFO] db.update payer_details set=status='active' rows=1
2026-03-10 16:33:53,451 [INFO] Set 0 payers to 'inactive'.
2026-03-10 16:33:53,451 [INFO] db.update payer_details set=status='inactive' rows=0
2026-03-10 16:33:53,452 [INFO] Successfully updated all plan and payer statuses.
2026-03-10 16:33:53,452 [INFO] db.update statuses committed
2026-03-10 17:00:53,552 [INFO] Transaction 1990ac78-a174-48ab-9976-650b651a9ffa created.
2026-03-10 17:00:53,553 [INFO] Ensuring database schema exists...
2026-03-10 17:00:53,624 [INFO] Created/ensured processed_file_cache table
2026-03-10 17:00:53,626 [INFO] Created/ensured transaction table
2026-03-10 17:00:53,628 [INFO] Created/ensured audit table
2026-03-10 17:00:53,630 [INFO] Created partitioned drug_formulary_details table
2026-03-10 17:00:53,631 [INFO] Created/ensured pp_formulary_names table
2026-03-10 17:00:53,638 [INFO] Ensured coverage_status column exists in pp_formulary_names.
2026-03-10 17:00:53,641 [INFO] Updated confidence_score column type to DECIMAL(5,2).
2026-03-10 17:00:53,643 [INFO] Ensured product mapping columns exist in drug_formulary_details.
2026-03-10 17:00:53,646 [INFO] Added preferred_agent column to drug_formulary_details.
2026-03-10 17:00:53,647 [INFO] Added non_preferred_agent column to drug_formulary_details.
2026-03-10 17:00:53,656 [INFO] Database schema ensured successfully with partitioning and comprehensive indexing
2026-03-10 17:02:06,105 [INFO] Updated file_hash for plan_id: a2c2e0af-0236-4281-a673-010c6c3cffb4
2026-03-10 17:02:06,174 [INFO] Cache MISS for hash: 92ec3982fa008e2fec3ee690996fc9ac3305c25fa6075d3d4c5cf113a3f7ccc8
2026-03-10 17:04:13,107 [INFO] Transaction deb9bc81-c268-4ec2-900b-846486b2d6c8 created.
2026-03-10 17:04:13,264 [INFO] Loaded 23 acronyms into memory cache for Delaware First Health (Delaware)
2026-03-10 17:04:13,461 [INFO] Preparing to delete all existing drug records for plan_id: a2c2e0af-0236-4281-a673-010c6c3cffb4
2026-03-10 17:04:13,529 [INFO] Successfully deleted 0 records for plan_id: a2c2e0af-0236-4281-a673-010c6c3cffb4
2026-03-10 17:04:22,214 [INFO] Preparing to insert 6249 records into the database.
2026-03-10 17:04:23,345 [INFO] Successfully inserted or updated 6249 records.
2026-03-10 17:04:23,345 [INFO] db.insert drug_formulary_details count=6249
2026-03-10 17:04:23,998 [INFO] Successfully inserted or updated 47 records into pp_formulary_names.
2026-03-10 17:04:24,198 [INFO] Successfully cached result for hash: 92ec3982fa008e2fec3ee690996fc9ac3305c25fa6075d3d4c5cf113a3f7ccc8 (URL: https://ebv-formulary-repository.s3.us-east-1.amazonaws.com/Testing/pdf/92ec3982...)
2026-03-10 17:04:24,199 [INFO] cache.store hash=92ec3982fa008e2fec3ee690996fc9ac3305c25fa6075d3d4c5cf113a3f7ccc8 url=https://ebv-formulary-repository.s3.us-east-1.amazonaws.com/Testing/pdf/92ec3982fa008e2fec3ee690996fc9ac3305c25fa6075d3d4c5cf113a3f7ccc8.pdf size_drugs=6335 size_acronyms=258
2026-03-10 17:04:24,201 [INFO] Updating status to 'completed' for drugs in 1 plans.
2026-03-10 17:04:24,995 [INFO] Successfully updated status for 6249 drug formulary records.
2026-03-10 17:04:25,001 [INFO] db.update drug_formulary_details set=status='completed' plans=1 rows=6249
2026-03-10 17:04:25,002 [INFO] Updating final status for all payers and plans...
2026-03-10 17:04:25,066 [INFO] Set 1 plans to 'active'.
2026-03-10 17:04:25,066 [INFO] db.update plan_details set=status='active' rows=1
2026-03-10 17:04:25,069 [INFO] Set 1 payers to 'active'.
2026-03-10 17:04:25,069 [INFO] db.update payer_details set=status='active' rows=1
2026-03-10 17:04:25,071 [INFO] Set 0 payers to 'inactive'.
2026-03-10 17:04:25,071 [INFO] db.update payer_details set=status='inactive' rows=0
2026-03-10 17:04:25,071 [INFO] Successfully updated all plan and payer statuses.
2026-03-10 17:04:25,073 [INFO] db.update statuses committed
2026-03-10 17:22:12,475 [INFO] Transaction 02d312c9-4e9c-48c9-a9ea-da31bd9f0d74 created.
2026-03-10 17:22:12,475 [INFO] Ensuring database schema exists...
2026-03-10 17:22:12,544 [INFO] Created/ensured processed_file_cache table
2026-03-10 17:22:12,546 [INFO] Created/ensured transaction table
2026-03-10 17:22:12,548 [INFO] Created/ensured audit table
2026-03-10 17:22:12,548 [INFO] Created partitioned drug_formulary_details table
2026-03-10 17:22:12,549 [INFO] Created/ensured pp_formulary_names table
2026-03-10 17:22:12,553 [INFO] Ensured coverage_status column exists in pp_formulary_names.
2026-03-10 17:22:12,556 [INFO] Updated confidence_score column type to DECIMAL(5,2).
2026-03-10 17:22:12,559 [INFO] Ensured product mapping columns exist in drug_formulary_details.
2026-03-10 17:22:12,559 [INFO] Added preferred_agent column to drug_formulary_details.
2026-03-10 17:22:12,559 [INFO] Added non_preferred_agent column to drug_formulary_details.
2026-03-10 17:22:12,568 [INFO] Database schema ensured successfully with partitioning and comprehensive indexing
2026-03-10 17:22:28,981 [INFO] Updated file_hash for plan_id: a2c2e0af-0236-4281-a673-010c6c3cffb4
2026-03-10 17:22:29,044 [INFO] Cache MISS for hash: 92ec3982fa008e2fec3ee690996fc9ac3305c25fa6075d3d4c5cf113a3f7ccc8
2026-03-10 17:23:34,235 [INFO] Transaction 4e6b62be-2459-458b-af7c-01baaa0f2d93 created.
2026-03-10 17:23:34,426 [INFO] Loaded 23 acronyms into memory cache for Delaware First Health (Delaware)
2026-03-10 17:23:34,528 [INFO] Preparing to delete all existing drug records for plan_id: a2c2e0af-0236-4281-a673-010c6c3cffb4
2026-03-10 17:23:34,618 [INFO] Successfully deleted 6249 records for plan_id: a2c2e0af-0236-4281-a673-010c6c3cffb4
2026-03-10 17:23:36,772 [INFO] Preparing to insert 974 records into the database.
2026-03-10 17:23:37,059 [INFO] Successfully inserted or updated 974 records.
2026-03-10 17:23:37,065 [INFO] db.insert drug_formulary_details count=974
2026-03-10 17:23:37,324 [INFO] Successfully inserted or updated 16 records into pp_formulary_names.
2026-03-10 17:23:37,459 [INFO] Successfully cached result for hash: 92ec3982fa008e2fec3ee690996fc9ac3305c25fa6075d3d4c5cf113a3f7ccc8 (URL: https://ebv-formulary-repository.s3.us-east-1.amazonaws.com/Testing/pdf/92ec3982...)
2026-03-10 17:23:37,459 [INFO] cache.store hash=92ec3982fa008e2fec3ee690996fc9ac3305c25fa6075d3d4c5cf113a3f7ccc8 url=https://ebv-formulary-repository.s3.us-east-1.amazonaws.com/Testing/pdf/92ec3982fa008e2fec3ee690996fc9ac3305c25fa6075d3d4c5cf113a3f7ccc8.pdf size_drugs=974 size_acronyms=74
2026-03-10 17:23:37,462 [INFO] Updating status to 'completed' for drugs in 1 plans.
2026-03-10 17:23:37,668 [INFO] Successfully updated status for 974 drug formulary records.
2026-03-10 17:23:37,668 [INFO] db.update drug_formulary_details set=status='completed' plans=1 rows=974
2026-03-10 17:23:37,669 [INFO] Updating final status for all payers and plans...
2026-03-10 17:23:37,730 [INFO] Set 1 plans to 'active'.
2026-03-10 17:23:37,730 [INFO] db.update plan_details set=status='active' rows=1
2026-03-10 17:23:37,733 [INFO] Set 1 payers to 'active'.
2026-03-10 17:23:37,735 [INFO] db.update payer_details set=status='active' rows=1
2026-03-10 17:23:37,735 [INFO] Set 0 payers to 'inactive'.
2026-03-10 17:23:37,735 [INFO] db.update payer_details set=status='inactive' rows=0
2026-03-10 17:23:37,737 [INFO] Successfully updated all plan and payer statuses.
2026-03-10 17:23:37,737 [INFO] db.update statuses committed
2026-03-10 17:24:45,640 [INFO] Transaction 265bdada-9c6c-48a9-b639-5bf8ff8a6dbf created.
2026-03-10 17:24:45,641 [INFO] Ensuring database schema exists...
2026-03-10 17:24:45,707 [INFO] Created/ensured processed_file_cache table
2026-03-10 17:24:45,710 [INFO] Created/ensured transaction table
2026-03-10 17:24:45,710 [INFO] Created/ensured audit table
2026-03-10 17:24:45,710 [INFO] Created partitioned drug_formulary_details table
2026-03-10 17:24:45,714 [INFO] Created/ensured pp_formulary_names table
2026-03-10 17:24:45,716 [INFO] Ensured coverage_status column exists in pp_formulary_names.
2026-03-10 17:24:45,720 [INFO] Updated confidence_score column type to DECIMAL(5,2).
2026-03-10 17:24:45,723 [INFO] Ensured product mapping columns exist in drug_formulary_details.
2026-03-10 17:24:45,725 [INFO] Added preferred_agent column to drug_formulary_details.
2026-03-10 17:24:45,726 [INFO] Added non_preferred_agent column to drug_formulary_details.
2026-03-10 17:24:45,731 [INFO] Database schema ensured successfully with partitioning and comprehensive indexing
2026-03-10 17:24:50,778 [INFO] Updated file_hash for plan_id: a2c2e0af-0236-4281-a673-010c6c3cffb4
2026-03-10 17:24:50,841 [INFO] Cache MISS for hash: 92ec3982fa008e2fec3ee690996fc9ac3305c25fa6075d3d4c5cf113a3f7ccc8
2026-03-10 17:25:50,626 [INFO] Transaction a65e0d90-1dcf-4a49-b9b2-38f99f7bea0e created.
2026-03-10 17:25:50,627 [INFO] Ensuring database schema exists...
2026-03-10 17:25:50,695 [INFO] Created/ensured processed_file_cache table
2026-03-10 17:25:50,696 [INFO] Created/ensured transaction table
2026-03-10 17:25:50,696 [INFO] Created/ensured audit table
2026-03-10 17:25:50,696 [INFO] Created partitioned drug_formulary_details table
2026-03-10 17:25:50,696 [INFO] Created/ensured pp_formulary_names table
2026-03-10 17:25:50,696 [INFO] Ensured coverage_status column exists in pp_formulary_names.
2026-03-10 17:25:50,696 [INFO] Updated confidence_score column type to DECIMAL(5,2).
2026-03-10 17:25:50,706 [INFO] Ensured product mapping columns exist in drug_formulary_details.
2026-03-10 17:25:50,709 [INFO] Added preferred_agent column to drug_formulary_details.
2026-03-10 17:25:50,710 [INFO] Added non_preferred_agent column to drug_formulary_details.
2026-03-10 17:25:50,716 [INFO] Database schema ensured successfully with partitioning and comprehensive indexing
2026-03-10 17:25:56,006 [INFO] Updated file_hash for plan_id: a2c2e0af-0236-4281-a673-010c6c3cffb4
2026-03-10 17:25:56,070 [INFO] Cache MISS for hash: 92ec3982fa008e2fec3ee690996fc9ac3305c25fa6075d3d4c5cf113a3f7ccc8
2026-03-10 17:26:50,863 [INFO] Transaction b9123bda-db93-4ecf-badc-fd2c57192d7c created.
2026-03-10 17:26:51,005 [INFO] Loaded 23 acronyms into memory cache for Delaware First Health (Delaware)
2026-03-10 17:26:51,096 [INFO] Preparing to delete all existing drug records for plan_id: a2c2e0af-0236-4281-a673-010c6c3cffb4
2026-03-10 17:26:51,167 [INFO] Successfully deleted 0 records for plan_id: a2c2e0af-0236-4281-a673-010c6c3cffb4
2026-03-10 17:26:53,597 [INFO] Preparing to insert 974 records into the database.
2026-03-10 17:26:53,782 [INFO] Successfully inserted or updated 974 records.
2026-03-10 17:26:53,782 [INFO] db.insert drug_formulary_details count=974
2026-03-10 17:26:54,176 [INFO] Successfully inserted or updated 24 records into pp_formulary_names.
2026-03-10 17:26:54,332 [INFO] Successfully cached result for hash: 92ec3982fa008e2fec3ee690996fc9ac3305c25fa6075d3d4c5cf113a3f7ccc8 (URL: https://ebv-formulary-repository.s3.us-east-1.amazonaws.com/Testing/pdf/92ec3982...)
2026-03-10 17:26:54,332 [INFO] cache.store hash=92ec3982fa008e2fec3ee690996fc9ac3305c25fa6075d3d4c5cf113a3f7ccc8 url=https://ebv-formulary-repository.s3.us-east-1.amazonaws.com/Testing/pdf/92ec3982fa008e2fec3ee690996fc9ac3305c25fa6075d3d4c5cf113a3f7ccc8.pdf size_drugs=974 size_acronyms=103
2026-03-10 17:26:54,332 [INFO] Updating status to 'completed' for drugs in 1 plans.
2026-03-10 17:26:54,482 [INFO] Successfully updated status for 974 drug formulary records.
2026-03-10 17:26:54,487 [INFO] db.update drug_formulary_details set=status='completed' plans=1 rows=974
2026-03-10 17:26:54,488 [INFO] Updating final status for all payers and plans...
2026-03-10 17:26:54,554 [INFO] Set 1 plans to 'active'.
2026-03-10 17:26:54,554 [INFO] db.update plan_details set=status='active' rows=1
2026-03-10 17:26:54,557 [INFO] Set 1 payers to 'active'.
2026-03-10 17:26:54,557 [INFO] db.update payer_details set=status='active' rows=1
2026-03-10 17:26:54,557 [INFO] Set 0 payers to 'inactive'.
2026-03-10 17:26:54,558 [INFO] db.update payer_details set=status='inactive' rows=0
2026-03-10 17:26:54,560 [INFO] Successfully updated all plan and payer statuses.
2026-03-10 17:26:54,560 [INFO] db.update statuses committed
